{"type":"FeatureCollection","crs":{"type":"name","properties":{"name":"EPSG:4326"}},"features":[{"type":"Feature","id":24735,"geometry":{"type":"Point","coordinates":[151.189265204068,-33.8936232440345]},"properties":{"asset_id":"TS17311","TreeType":"Street Tree","SpeciesName":"Eucalyptus sideroxylon","CommonName":"Ironbark","TreeHeight":10,"TreeCanopyNS":4,"Tree_Status":"Tree","Tree_Age":"Mature","DBH_in_cm":38,"Locality":"Darlington and West Redfern","ParkName":"Not applicable","OBJECTID":24735}},{"type":"Feature","id":15320,"geometry":{"type":"Point","coordinates":[151.189226993422,-33.8987089223228]},"properties":{"asset_id":"TS12160","TreeType":"Street Tree","SpeciesName":"Liquidambar styraciflua","CommonName":"Liquidamber or Sweet Gum","TreeHeight":16,"TreeCanopyNS":6,"Tree_Status":"Tree","Tree_Age":"Mature","DBH_in_cm":46,"Locality":"Erskineville Oval","ParkName":"Not applicable","OBJECTID":15320}},{"type":"Feature","id":16886,"geometry":{"type":"Point","coordinates":[151.188572532961,-33.8921703711648]},"properties":{"asset_id":"TS08734","TreeType":"Street Tree","SpeciesName":"Fraxinus oxycarpa Raywoodii","CommonName":"Claret Ash","TreeHeight":12,"TreeCanopyNS":7,"Tree_Status":"Tree","Tree_Age":"Mature","DBH_in_cm":34,"Locality":"Darlington and West Redfern","ParkName":"Not applicable","OBJECTID":16886}},{"type":"Feature","id":9392,"geometry":{"type":"Point","coordinates":[151.186082578869,-33.891366619346]},"properties":{"asset_id":"TS23481","TreeType":"Street Tree","SpeciesName":"Jacaranda mimosifolia","CommonName":"Jacaranda","TreeHeight":15,"TreeCanopyNS":13,"Tree_Status":"Tree","Tree_Age":"Mature","DBH_in_cm":49,"Locality":"University of Sydney and Royal Prince Alfred Hospital","ParkName":"Not applicable","OBJECTID":9392}},{"type":"Feature","id":22837,"geometry":{"type":"Point","coordinates":[151.182345180488,-33.8905286348045]},"properties":{"asset_id":"TS31715","TreeType":"Street Tree","SpeciesName":"Flindersia australis","CommonName":"Crows Ash","TreeHeight":3,"TreeCanopyNS":1,"Tree_Status":"Tree","Tree_Age":"Semi-Mature","DBH_in_cm":6,"Locality":"Camperdown","ParkName":"Not applicable","OBJECTID":22837}},{"type":"Feature","id":26704,"geometry":{"type":"Point","coordinates":[151.184711470771,-33.894246309542]},"properties":{"asset_id":"TP01561","TreeType":"Park Tree","SpeciesName":"Casuarina cunninghamiana","CommonName":"River She Oak","TreeHeight":11,"TreeCanopyNS":7,"Tree_Status":"Tree","Tree_Age":"Mature","DBH_in_cm":34,"Locality":"North Newtown","ParkName":"Michael Kelly Rest Area","OBJECTID":26704}},{"type":"Feature","id":13351,"geometry":{"type":"Point","coordinates":[151.185212063894,-33.8952543421778]},"properties":{"asset_id":"TS15256","TreeType":"Street Tree","SpeciesName":"Koelreuteria paniculata","CommonName":"Golden Rain Tree","TreeHeight":4,"TreeCanopyNS":2,"Tree_Status":"Tree","Tree_Age":"Semi-Mature","DBH_in_cm":11,"Locality":"North Newtown","ParkName":"Not applicable","OBJECTID":13351}},{"type":"Feature","id":45651,"geometry":{"type":"Point","coordinates":[151.186705094614,-33.8940880261717]},"properties":{"asset_id":"TS46221","TreeType":"Street Tree","SpeciesName":"Syzygium australe","CommonName":"Brush Cherry","TreeHeight":6,"TreeCanopyNS":6,"Tree_Status":"Tree","Tree_Age":"Semi-Mature","DBH_in_cm":15,"Locality":"North Newtown","ParkName":"Not applicable","OBJECTID":45651}},{"type":"Feature","id":27036,"geometry":{"type":"Point","coordinates":[151.189106974107,-33.8939828744794]},"properties":{"asset_id":"TP06556","TreeType":"Park Tree","SpeciesName":"Casuarina glauca","CommonName":"Swamp Oak","TreeHeight":11,"TreeCanopyNS":2,"Tree_Status":"Tree","Tree_Age":"Mature","DBH_in_cm":26,"Locality":"Darlington and West Redfern","ParkName":"Wilson Street Reserve #2","OBJECTID":27036}},{"type":"Feature","id":9724,"geometry":{"type":"Point","coordinates":[151.179228242838,-33.8883139255958]},"properties":{"asset_id":"TS24141","TreeType":"Street Tree","SpeciesName":"Robinia pseudoacacia 'Frisia'","CommonName":"Golden Robinia","TreeHeight":9,"TreeCanopyNS":7,"Tree_Status":"Tree","Tree_Age":"Mature","DBH_in_cm":29,"Locality":"Camperdown","ParkName":"Not applicable","OBJECTID":9724}},{"type":"Feature","id":9461,"geometry":{"type":"Point","coordinates":[151.189564514673,-33.8903488407655]},"properties":{"asset_id":"TS23724","TreeType":"Street Tree","SpeciesName":"Lophostemon confertus","CommonName":"Brush Box","TreeHeight":8,"TreeCanopyNS":2,"Tree_Status":"Tree","Tree_Age":"Semi-Mature","DBH_in_cm":19,"Locality":"University of Sydney and Royal Prince Alfred Hospital","ParkName":"Not applicable","OBJECTID":9461}},{"type":"Feature","id":12710,"geometry":{"type":"Point","coordinates":[151.185756401582,-33.8955965448722]},"properties":{"asset_id":"TS12331","TreeType":"Street Tree","SpeciesName":"Melaleuca quinquenervia","CommonName":"Broad Leaf Paperbark","TreeHeight":15,"TreeCanopyNS":9,"Tree_Status":"Tree","Tree_Age":"Mature","DBH_in_cm":86,"Locality":"North Newtown","ParkName":"Not applicable","OBJECTID":12710}},{"type":"Feature","id":11785,"geometry":{"type":"Point","coordinates":[151.183134931316,-33.8972374714226]},"properties":{"asset_id":"TS06092","TreeType":"Street Tree","SpeciesName":"Fraxinus griffithii","CommonName":"Evergreen Ash","TreeHeight":4,"TreeCanopyNS":3,"Tree_Status":"Tree","Tree_Age":"Mature","DBH_in_cm":15,"Locality":"North Newtown","ParkName":"Not applicable","OBJECTID":11785}},{"type":"Feature","id":32678,"geometry":{"type":"Point","coordinates":[151.189948495078,-33.8987852650989]},"properties":{"asset_id":"TP08099","TreeType":"Park Tree","SpeciesName":"Brachychiton acerifolius","CommonName":"Flame Tree","TreeHeight":10,"TreeCanopyNS":4,"Tree_Status":"Tree","Tree_Age":"Semi-Mature","DBH_in_cm":24,"Locality":"Erskineville Oval","ParkName":"Solander Park","OBJECTID":32678}},{"type":"Feature","id":13090,"geometry":{"type":"Point","coordinates":[151.183588671437,-33.8988942480238]},"properties":{"asset_id":"TS14056","TreeType":"Street Tree","SpeciesName":"Auranticarpa rhombifolia","CommonName":"Diamond Pittosporum","TreeHeight":9,"TreeCanopyNS":5,"Tree_Status":"Tree","Tree_Age":"Mature","DBH_in_cm":26,"Locality":"Erskineville Neighbourhood North","ParkName":"Not applicable","OBJECTID":13090}},{"type":"Feature","id":6807,"geometry":{"type":"Point","coordinates":[151.183504432195,-33.8926232445922]},"properties":{"asset_id":"TS00883","TreeType":"Street Tree","SpeciesName":"Liquidambar styraciflua","CommonName":"Liquidamber or Sweet Gum","TreeHeight":10,"TreeCanopyNS":8,"Tree_Status":"Tree","Tree_Age":"Mature","DBH_in_cm":44,"Locality":"University of Sydney and Royal Prince Alfred Hospital","ParkName":"Not applicable","OBJECTID":6807}},{"type":"Feature","id":12094,"geometry":{"type":"Point","coordinates":[151.182538785574,-33.8914126672875]},"properties":{"asset_id":"TS23449","TreeType":"Street Tree","SpeciesName":"Platanus acerifolia","CommonName":"London Plane","TreeHeight":16,"TreeCanopyNS":15,"Tree_Status":"Tree","Tree_Age":"Mature","DBH_in_cm":51,"Locality":"Camperdown","ParkName":"Not applicable","OBJECTID":12094}},{"type":"Feature","id":15844,"geometry":{"type":"Point","coordinates":[151.184414415818,-33.8939563514214]},"properties":{"asset_id":"TS15535","TreeType":"Street Tree","SpeciesName":"Eucalyptus bicostata","CommonName":"Victorian Blue Gum","TreeHeight":14,"TreeCanopyNS":14,"Tree_Status":"Tree","Tree_Age":"Mature","DBH_in_cm":60,"Locality":"North Newtown","ParkName":"Not applicable","OBJECTID":15844}},{"type":"Feature","id":18045,"geometry":{"type":"Point","coordinates":[151.185808592145,-33.8953788232486]},"properties":{"asset_id":"TS12325","TreeType":"Street Tree","SpeciesName":"Melaleuca quinquenervia","CommonName":"Broad Leaf Paperbark","TreeHeight":10,"TreeCanopyNS":8,"Tree_Status":"Tree","Tree_Age":"Mature","DBH_in_cm":60,"Locality":"North Newtown","ParkName":"Not applicable","OBJECTID":18045}},{"type":"Feature","id":16176,"geometry":{"type":"Point","coordinates":[151.182707284561,-33.8958194065146]},"properties":{"asset_id":"TS06083","TreeType":"Street Tree","SpeciesName":"Melaleuca quinquenervia","CommonName":"Broad Leaf Paperbark","TreeHeight":12,"TreeCanopyNS":11,"Tree_Status":"Tree","Tree_Age":"Mature","DBH_in_cm":95,"Locality":"North Newtown","ParkName":"Not applicable","OBJECTID":16176}},{"type":"Feature","id":10766,"geometry":{"type":"Point","coordinates":[151.18743169773,-33.8951680897701]},"properties":{"asset_id":"TS09462","TreeType":"Street Tree","SpeciesName":"Platanus acerifolia","CommonName":"London Plane","TreeHeight":18,"TreeCanopyNS":12,"Tree_Status":"Tree","Tree_Age":"Mature","DBH_in_cm":90,"Locality":"North Newtown","ParkName":"Not applicable","OBJECTID":10766}},{"type":"Feature","id":21655,"geometry":{"type":"Point","coordinates":[151.179434201653,-33.8986419163392]},"properties":{"asset_id":"TS31537","TreeType":"Street Tree","SpeciesName":"Elaeocarpus reticulatus","CommonName":"Blueberry Ash","TreeHeight":10,"TreeCanopyNS":4,"Tree_Status":"Tree","Tree_Age":"Semi-Mature","DBH_in_cm":18,"Locality":"Erskineville Neighbourhood South","ParkName":"Not applicable","OBJECTID":21655}},{"type":"Feature","id":17078,"geometry":{"type":"Point","coordinates":[151.186614310953,-33.8924565320125]},"properties":{"asset_id":"TS02448","TreeType":"Street Tree","SpeciesName":"Platanus acerifolia","CommonName":"London Plane","TreeHeight":13,"TreeCanopyNS":12,"Tree_Status":"Tree","Tree_Age":"Mature","DBH_in_cm":41,"Locality":"North Newtown","ParkName":"Not applicable","OBJECTID":17078}},{"type":"Feature","id":18732,"geometry":{"type":"Point","coordinates":[151.182344780928,-33.8933908257204]},"properties":{"asset_id":"TS03443","TreeType":"Street Tree","SpeciesName":"Tristaniopsis laurina","CommonName":"Water Gum","TreeHeight":9,"TreeCanopyNS":8,"Tree_Status":"Tree","Tree_Age":"Semi-Mature","DBH_in_cm":43,"Locality":"North Newtown","ParkName":"Not applicable","OBJECTID":18732}},{"type":"Feature","id":11576,"geometry":{"type":"Point","coordinates":[151.184977949477,-33.897474209681]},"properties":{"asset_id":"TS04500","TreeType":"Street Tree","SpeciesName":"Fraxinus griffithii","CommonName":"Evergreen Ash","TreeHeight":4,"TreeCanopyNS":3,"Tree_Status":"Tree","Tree_Age":"Semi-Mature","DBH_in_cm":13,"Locality":"Erskineville Neighbourhood North","ParkName":"Not applicable","OBJECTID":11576}},{"type":"Feature","id":15821,"geometry":{"type":"Point","coordinates":[151.184538380575,-33.8954437871343]},"properties":{"asset_id":"TS15250","TreeType":"Street Tree","SpeciesName":"Koelreuteria paniculata","CommonName":"Golden Rain Tree","TreeHeight":6,"TreeCanopyNS":5,"Tree_Status":"Tree","Tree_Age":"Mature","DBH_in_cm":22,"Locality":"North Newtown","ParkName":"Not applicable","OBJECTID":15821}},{"type":"Feature","id":37710,"geometry":{"type":"Point","coordinates":[151.184967475239,-33.8955703127701]},"properties":{"asset_id":"TS34459","TreeType":"Street Tree","SpeciesName":"Cupaniopsis anacardioides","CommonName":"Tuckeroo","TreeHeight":6,"TreeCanopyNS":3,"Tree_Status":"Tree","Tree_Age":"Young","DBH_in_cm":14,"Locality":"North Newtown","ParkName":"Not applicable","OBJECTID":37710}},{"type":"Feature","id":12904,"geometry":{"type":"Point","coordinates":[151.185645052591,-33.8979891009299]},"properties":{"asset_id":"TS06161","TreeType":"Street Tree","SpeciesName":"Callistemon viminalis","CommonName":"Weeping Bottlebrush","TreeHeight":8,"TreeCanopyNS":6,"Tree_Status":"Tree","Tree_Age":"Mature","DBH_in_cm":24,"Locality":"Erskineville Neighbourhood North","ParkName":"Not applicable","OBJECTID":12904}},{"type":"Feature","id":14493,"geometry":{"type":"Point","coordinates":[151.182423729096,-33.8937367239972]},"properties":{"asset_id":"TS03457","TreeType":"Street Tree","SpeciesName":"Pistacia chinensis","CommonName":"Chinese Pistacia","TreeHeight":7,"TreeCanopyNS":10,"Tree_Status":"Tree","Tree_Age":"Mature","DBH_in_cm":26,"Locality":"North Newtown","ParkName":"Not applicable","OBJECTID":14493}},{"type":"Feature","id":14819,"geometry":{"type":"Point","coordinates":[151.182510175388,-33.8960631222665]},"properties":{"asset_id":"TS15230","TreeType":"Street Tree","SpeciesName":"Tristaniopsis laurina","CommonName":"Water Gum","TreeHeight":7,"TreeCanopyNS":5,"Tree_Status":"Tree","Tree_Age":"Mature","DBH_in_cm":25,"Locality":"North Newtown","ParkName":"Not applicable","OBJECTID":14819}},{"type":"Feature","id":4314,"geometry":{"type":"Point","coordinates":[151.189710267564,-33.891402948815]},"properties":{"asset_id":"TS01590","TreeType":"Street Tree","SpeciesName":"Liriodendron tulipifera","CommonName":"Tulip Tree","TreeHeight":8,"TreeCanopyNS":4,"Tree_Status":"Tree","Tree_Age":"Semi-Mature","DBH_in_cm":17,"Locality":"University of Sydney and Royal Prince Alfred Hospital","ParkName":"Not applicable","OBJECTID":4314}},{"type":"Feature","id":44446,"geometry":{"type":"Point","coordinates":[151.184541329879,-33.8943302781162]},"properties":{"asset_id":"TS45502","TreeType":"Park Tree","SpeciesName":"Jacaranda mimosifolia","CommonName":"Jacaranda","TreeHeight":4,"TreeCanopyNS":3,"Tree_Status":"Tree","Tree_Age":"Young","DBH_in_cm":9,"Locality":"North Newtown","ParkName":"Michael Kelly Rest Area","OBJECTID":44446}},{"type":"Feature","id":46764,"geometry":{"type":"Point","coordinates":[151.186682799879,-33.8940736308573]},"properties":{"asset_id":"TS42310","TreeType":"Street Tree","SpeciesName":"Melaleuca bracteata","CommonName":"River Tea Tree","TreeHeight":6,"TreeCanopyNS":5,"Tree_Status":"Tree","Tree_Age":"Semi-Mature","DBH_in_cm":11,"Locality":"North Newtown","ParkName":"Not applicable","OBJECTID":46764}},{"type":"Feature","id":12927,"geometry":{"type":"Point","coordinates":[151.18661702182,-33.895382703538]},"properties":{"asset_id":"TS13390","TreeType":"Street Tree","SpeciesName":"Liquidambar styraciflua","CommonName":"Liquidamber or Sweet Gum","TreeHeight":13,"TreeCanopyNS":14,"Tree_Status":"Tree","Tree_Age":"Mature","DBH_in_cm":60,"Locality":"North Newtown","ParkName":"Not applicable","OBJECTID":12927}},{"type":"Feature","id":10929,"geometry":{"type":"Point","coordinates":[151.186544588147,-33.8960203360849]},"properties":{"asset_id":"TS10373","TreeType":"Street Tree","SpeciesName":"Melaleuca quinquenervia","CommonName":"Broad Leaf Paperbark","TreeHeight":12,"TreeCanopyNS":8,"Tree_Status":"Tree","Tree_Age":"Mature","DBH_in_cm":75,"Locality":"North Newtown","ParkName":"Not applicable","OBJECTID":10929}},{"type":"Feature","id":28247,"geometry":{"type":"Point","coordinates":[151.182253508669,-33.8979053646522]},"properties":{"asset_id":"TP03890","TreeType":"Park Tree","SpeciesName":"Corymbia maculata","CommonName":"Spotted Gum","TreeHeight":17,"TreeCanopyNS":6,"Tree_Status":"Tree","Tree_Age":"Mature","DBH_in_cm":26,"Locality":"Erskineville Road Village Centre","ParkName":"Green Ban Park","OBJECTID":28247}},{"type":"Feature","id":10935,"geometry":{"type":"Point","coordinates":[151.181870300483,-33.8970585704537]},"properties":{"asset_id":"TS10439","TreeType":"Street Tree","SpeciesName":"Melaleuca quinquenervia","CommonName":"Broad Leaf Paperbark","TreeHeight":10,"TreeCanopyNS":8,"Tree_Status":"Tree","Tree_Age":"Mature","DBH_in_cm":48,"Locality":"North Newtown","ParkName":"Not applicable","OBJECTID":10935}},{"type":"Feature","id":28241,"geometry":{"type":"Point","coordinates":[151.182279487653,-33.897965262543]},"properties":{"asset_id":"TP03893","TreeType":"Park Tree","SpeciesName":"Corymbia maculata","CommonName":"Spotted Gum","TreeHeight":20,"TreeCanopyNS":6,"Tree_Status":"Tree","Tree_Age":"Mature","DBH_in_cm":39,"Locality":"Erskineville Neighbourhood North","ParkName":"Green Ban Park","OBJECTID":28241}},{"type":"Feature","id":12873,"geometry":{"type":"Point","coordinates":[151.185624527098,-33.8989578928095]},"properties":{"asset_id":"TS06173","TreeType":"Street Tree","SpeciesName":"Koelreuteria paniculata","CommonName":"Golden Rain Tree","TreeHeight":5,"TreeCanopyNS":6,"Tree_Status":"Tree","Tree_Age":"Mature","DBH_in_cm":25,"Locality":"Erskineville Neighbourhood North","ParkName":"Not applicable","OBJECTID":12873}},{"type":"Feature","id":15775,"geometry":{"type":"Point","coordinates":[151.183552492199,-33.8950223878915]},"properties":{"asset_id":"TS14995","TreeType":"Street Tree","SpeciesName":"Melaleuca quinquenervia","CommonName":"Broad Leaf Paperbark","TreeHeight":14,"TreeCanopyNS":9,"Tree_Status":"Tree","Tree_Age":"Mature","DBH_in_cm":68,"Locality":"North Newtown","ParkName":"Not applicable","OBJECTID":15775}},{"type":"Feature","id":11791,"geometry":{"type":"Point","coordinates":[151.185018040249,-33.8958120916922]},"properties":{"asset_id":"TS06181","TreeType":"Street Tree","SpeciesName":"Tristaniopsis laurina","CommonName":"Water Gum","TreeHeight":8,"TreeCanopyNS":9,"Tree_Status":"Tree","Tree_Age":"Mature","DBH_in_cm":35,"Locality":"North Newtown","ParkName":"Not applicable","OBJECTID":11791}},{"type":"Feature","id":13614,"geometry":{"type":"Point","coordinates":[151.187400531079,-33.8957108365037]},"properties":{"asset_id":"TS29407","TreeType":"Street Tree","SpeciesName":"Jacaranda mimosifolia","CommonName":"Jacaranda","TreeHeight":6,"TreeCanopyNS":6,"Tree_Status":"Tree","Tree_Age":"Mature","DBH_in_cm":28,"Locality":"North Newtown","ParkName":"Not applicable","OBJECTID":13614}},{"type":"Feature","id":8373,"geometry":{"type":"Point","coordinates":[151.181942334164,-33.8941542457196]},"properties":{"asset_id":"TS01740","TreeType":"Street Tree","SpeciesName":"Tristaniopsis laurina","CommonName":"Water Gum","TreeHeight":7,"TreeCanopyNS":5,"Tree_Status":"Tree","Tree_Age":"Mature","DBH_in_cm":20,"Locality":"North Newtown","ParkName":"Not applicable","OBJECTID":8373}},{"type":"Feature","id":28270,"geometry":{"type":"Point","coordinates":[151.18199845493,-33.8978933039224]},"properties":{"asset_id":"TP03878","TreeType":"Park Tree","SpeciesName":"Corymbia maculata","CommonName":"Spotted Gum","TreeHeight":18,"TreeCanopyNS":10,"Tree_Status":"Tree","Tree_Age":"Mature","DBH_in_cm":41,"Locality":"Erskineville Neighbourhood North","ParkName":"Green Ban Park","OBJECTID":28270}},{"type":"Feature","id":47056,"geometry":{"type":"Point","coordinates":[151.188295436563,-33.8918822487025]},"properties":{"asset_id":"TS40733","TreeType":"Street Tree","SpeciesName":"Lophostemon confertus","CommonName":"Brush Box","TreeHeight":5,"TreeCanopyNS":2,"Tree_Status":"Tree","Tree_Age":"Semi-Mature","DBH_in_cm":9,"Locality":"University of Sydney and Royal Prince Alfred Hospital","ParkName":"Not applicable","OBJECTID":47056}},{"type":"Feature","id":13096,"geometry":{"type":"Point","coordinates":[151.183407414169,-33.8981253709196]},"properties":{"asset_id":"TS14035","TreeType":"Street Tree","SpeciesName":"Auranticarpa rhombifolia","CommonName":"Diamond Pittosporum","TreeHeight":9,"TreeCanopyNS":5,"Tree_Status":"Tree","Tree_Age":"Mature","DBH_in_cm":27,"Locality":"Erskineville Neighbourhood North","ParkName":"Not applicable","OBJECTID":13096}},{"type":"Feature","id":284,"geometry":{"type":"Point","coordinates":[151.183989495857,-33.8960965764033]},"properties":{"asset_id":"TS15056","TreeType":"Street Tree","SpeciesName":"Jacaranda mimosifolia","CommonName":"Jacaranda","TreeHeight":8,"TreeCanopyNS":6,"Tree_Status":"Tree","Tree_Age":"Mature","DBH_in_cm":20,"Locality":"North Newtown","ParkName":"Not applicable","OBJECTID":284}},{"type":"Feature","id":16170,"geometry":{"type":"Point","coordinates":[151.182494768504,-33.8953776668916]},"properties":{"asset_id":"TS06075","TreeType":"Street Tree","SpeciesName":"Tristaniopsis laurina","CommonName":"Water Gum","TreeHeight":9,"TreeCanopyNS":6,"Tree_Status":"Tree","Tree_Age":"Mature","DBH_in_cm":29,"Locality":"North Newtown","ParkName":"Not applicable","OBJECTID":16170}},{"type":"Feature","id":35031,"geometry":{"type":"Point","coordinates":[151.182240355379,-33.8950606496495]},"properties":{"asset_id":"TS06070","TreeType":"Street Tree","SpeciesName":"Liriodendron tulipifera","CommonName":"Tulip Tree","TreeHeight":6,"TreeCanopyNS":2,"Tree_Status":"Tree","Tree_Age":"Semi-Mature","DBH_in_cm":8,"Locality":"North Newtown","ParkName":"Not applicable","OBJECTID":35031}},{"type":"Feature","id":38105,"geometry":{"type":"Point","coordinates":[151.18856845918,-33.8942292449208]},"properties":{"asset_id":"TS35261","TreeType":"Street Tree","SpeciesName":"Koelreuteria paniculata","CommonName":"Golden Rain Tree","TreeHeight":4,"TreeCanopyNS":2,"Tree_Status":"Tree","Tree_Age":"Semi-Mature","DBH_in_cm":8,"Locality":"Darlington and West Redfern","ParkName":"Not applicable","OBJECTID":38105}},{"type":"Feature","id":7749,"geometry":{"type":"Point","coordinates":[151.182699883231,-33.8911635504277]},"properties":{"asset_id":"TS22170","TreeType":"Street Tree","SpeciesName":"Lophostemon confertus","CommonName":"Brush Box","TreeHeight":8,"TreeCanopyNS":5,"Tree_Status":"Tree","Tree_Age":"Semi-Mature","DBH_in_cm":27,"Locality":"University of Sydney and Royal Prince Alfred Hospital","ParkName":"Not applicable","OBJECTID":7749}},{"type":"Feature","id":32638,"geometry":{"type":"Point","coordinates":[151.182277614104,-33.8931368978607]},"properties":{"asset_id":"TP08231","TreeType":"Park Tree","SpeciesName":"Elaeocarpus eumundii","CommonName":"Quangdong","TreeHeight":7,"TreeCanopyNS":3,"Tree_Status":"Tree","Tree_Age":"Semi-Mature","DBH_in_cm":12,"Locality":"North Newtown","ParkName":"O'Connell Street Park","OBJECTID":32638}},{"type":"Feature","id":13251,"geometry":{"type":"Point","coordinates":[151.18390289181,-33.8961215398578]},"properties":{"asset_id":"TS15036","TreeType":"Street Tree","SpeciesName":"Melaleuca quinquenervia","CommonName":"Broad Leaf Paperbark","TreeHeight":13,"TreeCanopyNS":10,"Tree_Status":"Tree","Tree_Age":"Mature","DBH_in_cm":92,"Locality":"North Newtown","ParkName":"Not applicable","OBJECTID":13251}},{"type":"Feature","id":45373,"geometry":{"type":"Point","coordinates":[151.184148208686,-33.8970414096155]},"properties":{"asset_id":"TS15042","TreeType":"Street Tree","SpeciesName":"Caesalpinia ferrea","CommonName":"Leopard Tree","TreeHeight":3,"TreeCanopyNS":1,"Tree_Status":"Tree","Tree_Age":"Young","DBH_in_cm":4,"Locality":"North Newtown","ParkName":"Not applicable","OBJECTID":45373}},{"type":"Feature","id":13737,"geometry":{"type":"Point","coordinates":[151.186441043558,-33.8948792885856]},"properties":{"asset_id":"TS15882","TreeType":"Street Tree","SpeciesName":"Koelreuteria paniculata","CommonName":"Golden Rain Tree","TreeHeight":4,"TreeCanopyNS":2,"Tree_Status":"Tree","Tree_Age":"Semi-Mature","DBH_in_cm":12,"Locality":"North Newtown","ParkName":"Not applicable","OBJECTID":13737}},{"type":"Feature","id":4500,"geometry":{"type":"Point","coordinates":[151.18161819309,-33.8938723574923]},"properties":{"asset_id":"TS04357","TreeType":"Street Tree","SpeciesName":"Elaeocarpus reticulatus","CommonName":"Blueberry Ash","TreeHeight":5,"TreeCanopyNS":2,"Tree_Status":"Tree","Tree_Age":"Semi-Mature","DBH_in_cm":12,"Locality":"North Newtown","ParkName":"Not applicable","OBJECTID":4500}},{"type":"Feature","id":29982,"geometry":{"type":"Point","coordinates":[151.182459736071,-33.8982563875332]},"properties":{"asset_id":"TP03914","TreeType":"Park Tree","SpeciesName":"Lophostemon confertus","CommonName":"Brush Box","TreeHeight":15,"TreeCanopyNS":14,"Tree_Status":"Tree","Tree_Age":"Mature","DBH_in_cm":54,"Locality":"Erskineville Road Village Centre","ParkName":"Green Bans Park","OBJECTID":29982}},{"type":"Feature","id":13654,"geometry":{"type":"Point","coordinates":[151.188227139938,-33.8940785039614]},"properties":{"asset_id":"TS08171","TreeType":"Street Tree","SpeciesName":"Lophostemon confertus","CommonName":"Brush Box","TreeHeight":11,"TreeCanopyNS":9,"Tree_Status":"Tree","Tree_Age":"Mature","DBH_in_cm":44,"Locality":"North Newtown","ParkName":"Not applicable","OBJECTID":13654}},{"type":"Feature","id":15326,"geometry":{"type":"Point","coordinates":[151.188978591921,-33.8984588255189]},"properties":{"asset_id":"TS12142","TreeType":"Street Tree","SpeciesName":"Lophostemon confertus","CommonName":"Brush Box","TreeHeight":17,"TreeCanopyNS":13,"Tree_Status":"Tree","Tree_Age":"Mature","DBH_in_cm":98,"Locality":"Erskineville Oval","ParkName":"Not applicable","OBJECTID":15326}},{"type":"Feature","id":16654,"geometry":{"type":"Point","coordinates":[151.182338183339,-33.8988018559853]},"properties":{"asset_id":"TS07830","TreeType":"Street Tree","SpeciesName":"Platanus orientalis","CommonName":"Oriental Plane","TreeHeight":8,"TreeCanopyNS":6,"Tree_Status":"Tree","Tree_Age":"Mature","DBH_in_cm":24,"Locality":"Erskineville Road Village Centre","ParkName":"Not applicable","OBJECTID":16654}},{"type":"Feature","id":43985,"geometry":{"type":"Point","coordinates":[151.187588005511,-33.8912101469722]},"properties":{"asset_id":"TS44141","TreeType":"Street Tree","SpeciesName":"Jacaranda mimosifolia","CommonName":"Jacaranda","TreeHeight":5,"TreeCanopyNS":2,"Tree_Status":"Tree","Tree_Age":"Semi-Mature","DBH_in_cm":14,"Locality":"University of Sydney and Royal Prince Alfred Hospital","ParkName":"Not applicable","OBJECTID":43985}},{"type":"Feature","id":6066,"geometry":{"type":"Point","coordinates":[151.178893267602,-33.8901249768118]},"properties":{"asset_id":"TS23691","TreeType":"Street Tree","SpeciesName":"Ulmus parvifolia","CommonName":"Chinese Elm","TreeHeight":10,"TreeCanopyNS":12,"Tree_Status":"Tree","Tree_Age":"Mature","DBH_in_cm":43,"Locality":"Camperdown","ParkName":"Not applicable","OBJECTID":6066}},{"type":"Feature","id":13345,"geometry":{"type":"Point","coordinates":[151.184743712881,-33.8985054076657]},"properties":{"asset_id":"TS06585","TreeType":"Street Tree","SpeciesName":"Fraxinus griffithii","CommonName":"Evergreen Ash","TreeHeight":7,"TreeCanopyNS":5,"Tree_Status":"Tree","Tree_Age":"Semi-Mature","DBH_in_cm":19,"Locality":"Erskineville Neighbourhood North","ParkName":"Not applicable","OBJECTID":13345}},{"type":"Feature","id":13560,"geometry":{"type":"Point","coordinates":[151.186816507058,-33.8959301984748]},"properties":{"asset_id":"TS29315","TreeType":"Street Tree","SpeciesName":"Jacaranda mimosifolia","CommonName":"Jacaranda","TreeHeight":8,"TreeCanopyNS":8,"Tree_Status":"Tree","Tree_Age":"Mature","DBH_in_cm":30,"Locality":"North Newtown","ParkName":"Not applicable","OBJECTID":13560}},{"type":"Feature","id":23198,"geometry":{"type":"Point","coordinates":[151.187411361644,-33.8912134989982]},"properties":{"asset_id":"TS23503","TreeType":"Street Tree","SpeciesName":"Jacaranda mimosifolia","CommonName":"Jacaranda","TreeHeight":8,"TreeCanopyNS":9,"Tree_Status":"Tree","Tree_Age":"Semi-Mature","DBH_in_cm":29,"Locality":"University of Sydney and Royal Prince Alfred Hospital","ParkName":"Not applicable","OBJECTID":23198}},{"type":"Feature","id":47248,"geometry":{"type":"Point","coordinates":[151.185730447411,-33.8950912810528]},"properties":{"asset_id":"TS40659","TreeType":"Street Tree","SpeciesName":"Koelreuteria paniculata","CommonName":"Golden Rain Tree","TreeHeight":2,"TreeCanopyNS":1,"Tree_Status":"Tree","Tree_Age":"Young","DBH_in_cm":5,"Locality":"North Newtown","ParkName":"Not applicable","OBJECTID":47248}},{"type":"Feature","id":28264,"geometry":{"type":"Point","coordinates":[151.182011407143,-33.8978893471423]},"properties":{"asset_id":"TP03880","TreeType":"Park Tree","SpeciesName":"Corymbia maculata","CommonName":"Spotted Gum","TreeHeight":8,"TreeCanopyNS":4,"Tree_Status":"Tree","Tree_Age":"Semi-Mature","DBH_in_cm":19,"Locality":"Erskineville Neighbourhood North","ParkName":"Green Ban Park","OBJECTID":28264}},{"type":"Feature","id":27182,"geometry":{"type":"Point","coordinates":[151.189940682782,-33.8989246487532]},"properties":{"asset_id":"TP02010","TreeType":"Park Tree","SpeciesName":"Eucalyptus microcorys","CommonName":"Tallow Wood","TreeHeight":14,"TreeCanopyNS":8,"Tree_Status":"Tree","Tree_Age":"Mature","DBH_in_cm":44,"Locality":"Erskineville Oval","ParkName":"Solander Park","OBJECTID":27182}},{"type":"Feature","id":9315,"geometry":{"type":"Point","coordinates":[151.179500235868,-33.8909059245236]},"properties":{"asset_id":"TS23413","TreeType":"Street Tree","SpeciesName":"Platanus acerifolia","CommonName":"London Plane","TreeHeight":15,"TreeCanopyNS":14,"Tree_Status":"Tree","Tree_Age":"Mature","DBH_in_cm":37,"Locality":"Camperdown","ParkName":"Not applicable","OBJECTID":9315}},{"type":"Feature","id":26541,"geometry":{"type":"Point","coordinates":[151.182174534807,-33.89281228496]},"properties":{"asset_id":"TP06875","TreeType":"Park Tree","SpeciesName":"Strelitzia nicolai","CommonName":"Bird of Paradise","TreeHeight":4,"TreeCanopyNS":2,"Tree_Status":"Tree","Tree_Age":"Semi-Mature","DBH_in_cm":14,"Locality":"North Newtown","ParkName":"Goddard Reserve","OBJECTID":26541}},{"type":"Feature","id":10348,"geometry":{"type":"Point","coordinates":[151.185090252559,-33.896435623445]},"properties":{"asset_id":"TS06199","TreeType":"Street Tree","SpeciesName":"Cupaniopsis anacardioides","CommonName":"Tuckeroo","TreeHeight":9,"TreeCanopyNS":9,"Tree_Status":"Tree","Tree_Age":"Mature","DBH_in_cm":37,"Locality":"North Newtown","ParkName":"Not applicable","OBJECTID":10348}},{"type":"Feature","id":13299,"geometry":{"type":"Point","coordinates":[151.183983112755,-33.8965505958562]},"properties":{"asset_id":"TS15054","TreeType":"Street Tree","SpeciesName":"Melaleuca quinquenervia","CommonName":"Broad Leaf Paperbark","TreeHeight":8,"TreeCanopyNS":9,"Tree_Status":"Tree","Tree_Age":"Mature","DBH_in_cm":36,"Locality":"North Newtown","ParkName":"Not applicable","OBJECTID":13299}},{"type":"Feature","id":13311,"geometry":{"type":"Point","coordinates":[151.18393589984,-33.8964211319717]},"properties":{"asset_id":"TS15032","TreeType":"Street Tree","SpeciesName":"Melaleuca quinquenervia","CommonName":"Broad Leaf Paperbark","TreeHeight":12,"TreeCanopyNS":11,"Tree_Status":"Tree","Tree_Age":"Mature","DBH_in_cm":83,"Locality":"North Newtown","ParkName":"Not applicable","OBJECTID":13311}},{"type":"Feature","id":315,"geometry":{"type":"Point","coordinates":[151.18455849947,-33.8939283573659]},"properties":{"asset_id":"TS15547","TreeType":"Street Tree","SpeciesName":"Eucalyptus microcorys","CommonName":"Tallow Wood","TreeHeight":11,"TreeCanopyNS":4,"Tree_Status":"Tree","Tree_Age":"Semi-Mature","DBH_in_cm":19,"Locality":"North Newtown","ParkName":"Not applicable","OBJECTID":315}},{"type":"Feature","id":6561,"geometry":{"type":"Point","coordinates":[151.186915380937,-33.8958874690476]},"properties":{"asset_id":"TS29316","TreeType":"Street Tree","SpeciesName":"Jacaranda mimosifolia","CommonName":"Jacaranda","TreeHeight":7,"TreeCanopyNS":7,"Tree_Status":"Tree","Tree_Age":"Mature","DBH_in_cm":24,"Locality":"North Newtown","ParkName":"Not applicable","OBJECTID":6561}},{"type":"Feature","id":21672,"geometry":{"type":"Point","coordinates":[151.182323902448,-33.8951032723224]},"properties":{"asset_id":"TS31421","TreeType":"Street Tree","SpeciesName":"Liriodendron tulipifera","CommonName":"Tulip Tree","TreeHeight":9,"TreeCanopyNS":4,"Tree_Status":"Tree","Tree_Age":"Semi-Mature","DBH_in_cm":20,"Locality":"North Newtown","ParkName":"Not applicable","OBJECTID":21672}},{"type":"Feature","id":10557,"geometry":{"type":"Point","coordinates":[151.188426395731,-33.8940901817596]},"properties":{"asset_id":"TS08150","TreeType":"Street Tree","SpeciesName":"Lophostemon confertus","CommonName":"Brush Box","TreeHeight":13,"TreeCanopyNS":11,"Tree_Status":"Tree","Tree_Age":"Mature","DBH_in_cm":86,"Locality":"Darlington and West Redfern","ParkName":"Not applicable","OBJECTID":10557}},{"type":"Feature","id":33906,"geometry":{"type":"Point","coordinates":[151.188988239054,-33.8979054822165]},"properties":{"asset_id":"TP04201","TreeType":"Park Tree","SpeciesName":"Liquidambar styraciflua","CommonName":"Liquidamber or Sweet Gum","TreeHeight":9,"TreeCanopyNS":5,"Tree_Status":"Tree","Tree_Age":"Semi-Mature","DBH_in_cm":17,"Locality":null,"ParkName":"South Sydney Rotary Park #1","OBJECTID":33906}},{"type":"Feature","id":39376,"geometry":{"type":"Point","coordinates":[151.184419458357,-33.8970902248626]},"properties":{"asset_id":"TS35128","TreeType":"Street Tree","SpeciesName":"Celtis australis","CommonName":"Nettle Tree","TreeHeight":11,"TreeCanopyNS":9,"Tree_Status":"Tree","Tree_Age":"Mature","DBH_in_cm":35,"Locality":"Erskineville Neighbourhood North","ParkName":"Not applicable","OBJECTID":39376}},{"type":"Feature","id":14825,"geometry":{"type":"Point","coordinates":[151.184050598673,-33.895662751049]},"properties":{"asset_id":"TS15244","TreeType":"Street Tree","SpeciesName":"Koelreuteria paniculata","CommonName":"Golden Rain Tree","TreeHeight":9,"TreeCanopyNS":8,"Tree_Status":"Tree","Tree_Age":"Mature","DBH_in_cm":33,"Locality":"North Newtown","ParkName":"Not applicable","OBJECTID":14825}},{"type":"Feature","id":17487,"geometry":{"type":"Point","coordinates":[151.186184050781,-33.8960161089342]},"properties":{"asset_id":"TS10381","TreeType":"Street Tree","SpeciesName":"Melaleuca quinquenervia","CommonName":"Broad Leaf Paperbark","TreeHeight":15,"TreeCanopyNS":10,"Tree_Status":"Tree","Tree_Age":"Mature","DBH_in_cm":109,"Locality":"North Newtown","ParkName":"Not applicable","OBJECTID":17487}},{"type":"Feature","id":12910,"geometry":{"type":"Point","coordinates":[151.185627285836,-33.8978987558842]},"properties":{"asset_id":"TS06163","TreeType":"Street Tree","SpeciesName":"Callistemon viminalis","CommonName":"Weeping Bottlebrush","TreeHeight":8,"TreeCanopyNS":5,"Tree_Status":"Tree","Tree_Age":"Mature","DBH_in_cm":28,"Locality":"Erskineville Neighbourhood North","ParkName":"Not applicable","OBJECTID":12910}},{"type":"Feature","id":15074,"geometry":{"type":"Point","coordinates":[151.181329283878,-33.8973190286661]},"properties":{"asset_id":"TS10453","TreeType":"Street Tree","SpeciesName":"Melaleuca quinquenervia","CommonName":"Broad Leaf Paperbark","TreeHeight":15,"TreeCanopyNS":7,"Tree_Status":"Tree","Tree_Age":"Mature","DBH_in_cm":54,"Locality":"North Newtown","ParkName":"Not applicable","OBJECTID":15074}},{"type":"Feature","id":24566,"geometry":{"type":"Point","coordinates":[151.187756471464,-33.8955336534233]},"properties":{"asset_id":"TS29318","TreeType":"Street Tree","SpeciesName":"Callistemon viminalis","CommonName":"Weeping Bottlebrush","TreeHeight":7,"TreeCanopyNS":6,"Tree_Status":"Tree","Tree_Age":"Mature","DBH_in_cm":29,"Locality":"North Newtown","ParkName":"Not applicable","OBJECTID":24566}},{"type":"Feature","id":13105,"geometry":{"type":"Point","coordinates":[151.183472472618,-33.8987644878873]},"properties":{"asset_id":"TS14039","TreeType":"Street Tree","SpeciesName":"Auranticarpa rhombifolia","CommonName":"Diamond Pittosporum","TreeHeight":9,"TreeCanopyNS":5,"Tree_Status":"Tree","Tree_Age":"Mature","DBH_in_cm":29,"Locality":"Erskineville Neighbourhood North","ParkName":"Not applicable","OBJECTID":13105}},{"type":"Feature","id":41778,"geometry":{"type":"Point","coordinates":[151.178562239462,-33.8894053672403]},"properties":{"asset_id":"TS40840","TreeType":"Street Tree","SpeciesName":"Corymbia maculata","CommonName":"Spotted Gum","TreeHeight":9,"TreeCanopyNS":4,"Tree_Status":"Tree","Tree_Age":"Young","DBH_in_cm":14,"Locality":"Camperdown","ParkName":"Not applicable","OBJECTID":41778}},{"type":"Feature","id":15472,"geometry":{"type":"Point","coordinates":[151.187114339644,-33.8929094406018]},"properties":{"asset_id":"TS13146","TreeType":"Street Tree","SpeciesName":"Tristaniopsis laurina","CommonName":"Water Gum","TreeHeight":4,"TreeCanopyNS":3,"Tree_Status":"Tree","Tree_Age":"Semi-Mature","DBH_in_cm":13,"Locality":"North Newtown","ParkName":"Not applicable","OBJECTID":15472}},{"type":"Feature","id":17089,"geometry":{"type":"Point","coordinates":[151.184708790216,-33.8930360512906]},"properties":{"asset_id":"TS02451","TreeType":"Street Tree","SpeciesName":"Platanus acerifolia","CommonName":"London Plane","TreeHeight":9,"TreeCanopyNS":4,"Tree_Status":"Tree","Tree_Age":"Semi-Mature","DBH_in_cm":19,"Locality":"North Newtown","ParkName":"Not applicable","OBJECTID":17089}},{"type":"Feature","id":15767,"geometry":{"type":"Point","coordinates":[151.183780020521,-33.8955620952204]},"properties":{"asset_id":"TS14987","TreeType":"Street Tree","SpeciesName":"Jacaranda mimosifolia","CommonName":"Jacaranda","TreeHeight":9,"TreeCanopyNS":3,"Tree_Status":"Tree","Tree_Age":"Mature","DBH_in_cm":18,"Locality":"North Newtown","ParkName":"Not applicable","OBJECTID":15767}},{"type":"Feature","id":47440,"geometry":{"type":"Point","coordinates":[151.180665514561,-33.8944190770285]},"properties":{"asset_id":"TS42803","TreeType":"Street Tree","SpeciesName":"Tristaniopsis laurina","CommonName":"Water Gum","TreeHeight":4,"TreeCanopyNS":1,"Tree_Status":"Tree","Tree_Age":"Young","DBH_in_cm":6,"Locality":"North Newtown","ParkName":"Not applicable","OBJECTID":47440}},{"type":"Feature","id":10941,"geometry":{"type":"Point","coordinates":[151.181114946483,-33.8972890818451]},"properties":{"asset_id":"TS10446","TreeType":"Street Tree","SpeciesName":"Melaleuca quinquenervia","CommonName":"Broad Leaf Paperbark","TreeHeight":15,"TreeCanopyNS":9,"Tree_Status":"Tree","Tree_Age":"Mature","DBH_in_cm":80,"Locality":"North Newtown","ParkName":"Not applicable","OBJECTID":10941}},{"type":"Feature","id":28253,"geometry":{"type":"Point","coordinates":[151.18203648982,-33.8978742977486]},"properties":{"asset_id":"TP03886","TreeType":"Park Tree","SpeciesName":"Corymbia maculata","CommonName":"Spotted Gum","TreeHeight":12,"TreeCanopyNS":5,"Tree_Status":"Tree","Tree_Age":"Mature","DBH_in_cm":24,"Locality":"Erskineville Neighbourhood North","ParkName":"Green Ban Park","OBJECTID":28253}},{"type":"Feature","id":14138,"geometry":{"type":"Point","coordinates":[151.189781012406,-33.8938319134255]},"properties":{"asset_id":"TS17328","TreeType":"Street Tree","SpeciesName":"Koelreuteria paniculata","CommonName":"Golden Rain Tree","TreeHeight":5,"TreeCanopyNS":4,"Tree_Status":"Tree","Tree_Age":"Semi-Mature","DBH_in_cm":13,"Locality":"Darlington and West Redfern","ParkName":"Not applicable","OBJECTID":14138}},{"type":"Feature","id":37948,"geometry":{"type":"Point","coordinates":[151.18798347356,-33.8985322876504]},"properties":{"asset_id":"TS34946","TreeType":"Street Tree","SpeciesName":"Melaleuca styphelioides","CommonName":"Prickly Paperbark","TreeHeight":6,"TreeCanopyNS":3,"Tree_Status":"Tree","Tree_Age":"Semi-Mature","DBH_in_cm":17,"Locality":"Erskineville Oval","ParkName":"Not applicable","OBJECTID":37948}},{"type":"Feature","id":38243,"geometry":{"type":"Point","coordinates":[151.18098027321,-33.8881566696868]},"properties":{"asset_id":"TS35578","TreeType":"Street Tree","SpeciesName":"Flindersia australis","CommonName":"Crows Ash","TreeHeight":5,"TreeCanopyNS":2,"Tree_Status":"Tree","Tree_Age":"Semi-Mature","DBH_in_cm":11,"Locality":"University of Sydney and Royal Prince Alfred Hospital","ParkName":"Not applicable","OBJECTID":38243}},{"type":"Feature","id":46996,"geometry":{"type":"Point","coordinates":[151.187602256227,-33.8988200125186]},"properties":{"asset_id":"TS13321","TreeType":"Street Tree","SpeciesName":"Lophostemon confertus","CommonName":"Brush Box","TreeHeight":6,"TreeCanopyNS":2,"Tree_Status":"Tree","Tree_Age":"Semi-Mature","DBH_in_cm":10,"Locality":"Erskineville Oval","ParkName":"Not applicable","OBJECTID":46996}},{"type":"Feature","id":12864,"geometry":{"type":"Point","coordinates":[151.185571728083,-33.8983620602404]},"properties":{"asset_id":"TS06155","TreeType":"Street Tree","SpeciesName":"Fraxinus griffithii","CommonName":"Evergreen Ash","TreeHeight":8,"TreeCanopyNS":5,"Tree_Status":"Tree","Tree_Age":"Mature","DBH_in_cm":18,"Locality":"Erskineville Neighbourhood North","ParkName":"Not applicable","OBJECTID":12864}},{"type":"Feature","id":46060,"geometry":{"type":"Point","coordinates":[151.189124705815,-33.891594436265]},"properties":{"asset_id":"TS31393","TreeType":"Street Tree","SpeciesName":"Liriodendron tulipifera","CommonName":"Tulip Tree","TreeHeight":3,"TreeCanopyNS":1,"Tree_Status":"Tree","Tree_Age":"Young","DBH_in_cm":4,"Locality":"University of Sydney and Royal Prince Alfred Hospital","ParkName":"Not applicable","OBJECTID":46060}},{"type":"Feature","id":6813,"geometry":{"type":"Point","coordinates":[151.185522653766,-33.89206262741]},"properties":{"asset_id":"TS00891","TreeType":"Street Tree","SpeciesName":"Jacaranda mimosifolia","CommonName":"Jacaranda","TreeHeight":9,"TreeCanopyNS":8,"Tree_Status":"Tree","Tree_Age":"Mature","DBH_in_cm":44,"Locality":"North Newtown","ParkName":"Not applicable","OBJECTID":6813}},{"type":"Feature","id":11977,"geometry":{"type":"Point","coordinates":[151.185202112131,-33.8936367532237]},"properties":{"asset_id":"TS08598","TreeType":"Street Tree","SpeciesName":"Harpephyllum caffrum","CommonName":"Kaffir Plum","TreeHeight":14,"TreeCanopyNS":10,"Tree_Status":"Tree","Tree_Age":"Mature","DBH_in_cm":60,"Locality":"North Newtown","ParkName":"Not applicable","OBJECTID":11977}},{"type":"Feature","id":13305,"geometry":{"type":"Point","coordinates":[151.184032784786,-33.8964212981417]},"properties":{"asset_id":"TS15030","TreeType":"Street Tree","SpeciesName":"Melaleuca quinquenervia","CommonName":"Broad Leaf Paperbark","TreeHeight":10,"TreeCanopyNS":6,"Tree_Status":"Tree","Tree_Age":"Mature","DBH_in_cm":37,"Locality":"North Newtown","ParkName":"Not applicable","OBJECTID":13305}},{"type":"Feature","id":15518,"geometry":{"type":"Point","coordinates":[151.186794881362,-33.8954295973643]},"properties":{"asset_id":"TS13392","TreeType":"Street Tree","SpeciesName":"Liquidambar styraciflua","CommonName":"Liquidamber or Sweet Gum","TreeHeight":15,"TreeCanopyNS":10,"Tree_Status":"Tree","Tree_Age":"Mature","DBH_in_cm":60,"Locality":"North Newtown","ParkName":"Not applicable","OBJECTID":15518}},{"type":"Feature","id":13551,"geometry":{"type":"Point","coordinates":[151.186028506417,-33.8961970506464]},"properties":{"asset_id":"TS29312","TreeType":"Street Tree","SpeciesName":"Melaleuca quinquenervia","CommonName":"Broad Leaf Paperbark","TreeHeight":12,"TreeCanopyNS":10,"Tree_Status":"Tree","Tree_Age":"Mature","DBH_in_cm":97,"Locality":"North Newtown","ParkName":"Not applicable","OBJECTID":13551}},{"type":"Feature","id":25453,"geometry":{"type":"Point","coordinates":[151.182035478156,-33.8956703541897]},"properties":{"asset_id":"TP00017","TreeType":"Park Tree","SpeciesName":"Acer palmatum","CommonName":"Japanese Maple","TreeHeight":5,"TreeCanopyNS":6,"Tree_Status":"Tree","Tree_Age":"Mature","DBH_in_cm":15,"Locality":"North Newtown","ParkName":"WJ Thurbon Reserve","OBJECTID":25453}},{"type":"Feature","id":10551,"geometry":{"type":"Point","coordinates":[151.188198394338,-33.8934949285638]},"properties":{"asset_id":"TS08144","TreeType":"Street Tree","SpeciesName":"Lagerstroemia indica","CommonName":"Crepe Myrtle","TreeHeight":6,"TreeCanopyNS":3,"Tree_Status":"Tree","Tree_Age":"Semi-Mature","DBH_in_cm":10,"Locality":"Darlington and West Redfern","ParkName":"Not applicable","OBJECTID":10551}},{"type":"Feature","id":9223,"geometry":{"type":"Point","coordinates":[151.178888038417,-33.887919346716]},"properties":{"asset_id":"TS23194","TreeType":"Street Tree","SpeciesName":"Tristaniopsis laurina","CommonName":"Water Gum","TreeHeight":4,"TreeCanopyNS":10,"Tree_Status":"Tree","Tree_Age":"Mature","DBH_in_cm":30,"Locality":"Camperdown","ParkName":"Not applicable","OBJECTID":9223}},{"type":"Feature","id":344,"geometry":{"type":"Point","coordinates":[151.188531146178,-33.8918214218244]},"properties":{"asset_id":"TS15862","TreeType":"Street Tree","SpeciesName":"Populus deltoides","CommonName":"Cottonwood","TreeHeight":15,"TreeCanopyNS":9,"Tree_Status":"Tree","Tree_Age":"Mature","DBH_in_cm":54,"Locality":"University of Sydney and Royal Prince Alfred Hospital","ParkName":"Not applicable","OBJECTID":344}},{"type":"Feature","id":44383,"geometry":{"type":"Point","coordinates":[151.187700585564,-33.891331914769]},"properties":{"asset_id":"TS42360","TreeType":"Street Tree","SpeciesName":"Jacaranda mimosifolia","CommonName":"Jacaranda","TreeHeight":2,"TreeCanopyNS":1,"Tree_Status":"Tree","Tree_Age":"Young","DBH_in_cm":4,"Locality":"University of Sydney and Royal Prince Alfred Hospital","ParkName":"Not applicable","OBJECTID":44383}},{"type":"Feature","id":14739,"geometry":{"type":"Point","coordinates":[151.183559664395,-33.8953470279986]},"properties":{"asset_id":"TS15022","TreeType":"Street Tree","SpeciesName":"Pistacia chinensis","CommonName":"Chinese Pistacia","TreeHeight":7,"TreeCanopyNS":5,"Tree_Status":"Tree","Tree_Age":"Semi-Mature","DBH_in_cm":15,"Locality":"North Newtown","ParkName":"Not applicable","OBJECTID":14739}},{"type":"Feature","id":16162,"geometry":{"type":"Point","coordinates":[151.182566877541,-33.8951847679013]},"properties":{"asset_id":"TS06066","TreeType":"Street Tree","SpeciesName":"Tristaniopsis laurina","CommonName":"Water Gum","TreeHeight":5,"TreeCanopyNS":3,"Tree_Status":"Tree","Tree_Age":"Semi-Mature","DBH_in_cm":16,"Locality":"North Newtown","ParkName":"Not applicable","OBJECTID":16162}},{"type":"Feature","id":28304,"geometry":{"type":"Point","coordinates":[151.1818284405,-33.8978893513196]},"properties":{"asset_id":"TP03859","TreeType":"Park Tree","SpeciesName":"Callistemon salignus","CommonName":"Willow Bottlebrush","TreeHeight":6,"TreeCanopyNS":6,"Tree_Status":"Tree","Tree_Age":"Mature","DBH_in_cm":16,"Locality":"Erskineville Neighbourhood North","ParkName":"Green Ban Park","OBJECTID":28304}},{"type":"Feature","id":15071,"geometry":{"type":"Point","coordinates":[151.181726231093,-33.8971976550913]},"properties":{"asset_id":"TS10450","TreeType":"Street Tree","SpeciesName":"Melaleuca quinquenervia","CommonName":"Broad Leaf Paperbark","TreeHeight":15,"TreeCanopyNS":6,"Tree_Status":"Tree","Tree_Age":"Mature","DBH_in_cm":44,"Locality":"North Newtown","ParkName":"Not applicable","OBJECTID":15071}},{"type":"Feature","id":28470,"geometry":{"type":"Point","coordinates":[151.181934418626,-33.8961572417183]},"properties":{"asset_id":"TS33606","TreeType":"Street Tree","SpeciesName":"Ficus rubiginosa","CommonName":"Port Jackson or Rusty Fig","TreeHeight":10,"TreeCanopyNS":15,"Tree_Status":"Tree","Tree_Age":"Mature","DBH_in_cm":92,"Locality":"North Newtown","ParkName":"Not applicable","OBJECTID":28470}},{"type":"Feature","id":28233,"geometry":{"type":"Point","coordinates":[151.182278457355,-33.8979271941565]},"properties":{"asset_id":"TP03898","TreeType":"Park Tree","SpeciesName":"Corymbia maculata","CommonName":"Spotted Gum","TreeHeight":21,"TreeCanopyNS":9,"Tree_Status":"Tree","Tree_Age":"Mature","DBH_in_cm":55,"Locality":"Erskineville Neighbourhood North","ParkName":"Green Ban Park","OBJECTID":28233}},{"type":"Feature","id":21735,"geometry":{"type":"Point","coordinates":[151.189847055529,-33.8981307373254]},"properties":{"asset_id":"TS09402","TreeType":"Street Tree","SpeciesName":"Corymbia eximia","CommonName":"Yellow Bloodwood","TreeHeight":10,"TreeCanopyNS":6,"Tree_Status":"Tree","Tree_Age":"Mature","DBH_in_cm":30,"Locality":"Erskineville Oval","ParkName":"Not applicable","OBJECTID":21735}},{"type":"Feature","id":22233,"geometry":{"type":"Point","coordinates":[151.188881445504,-33.8941244672419]},"properties":{"asset_id":"TS15288","TreeType":"Street Tree","SpeciesName":"Melaleuca quinquenervia","CommonName":"Broad Leaf Paperbark","TreeHeight":12,"TreeCanopyNS":9,"Tree_Status":"Tree","Tree_Age":"Mature","DBH_in_cm":47,"Locality":"Darlington and West Redfern","ParkName":"Not applicable","OBJECTID":22233}},{"type":"Feature","id":6060,"geometry":{"type":"Point","coordinates":[151.178892566713,-33.8900104461658]},"properties":{"asset_id":"TS23689","TreeType":"Street Tree","SpeciesName":"Platanus acerifolia","CommonName":"London Plane","TreeHeight":6,"TreeCanopyNS":3,"Tree_Status":"Tree","Tree_Age":"Semi-Mature","DBH_in_cm":12,"Locality":"Camperdown","ParkName":"Not applicable","OBJECTID":6060}},{"type":"Feature","id":23870,"geometry":{"type":"Point","coordinates":[151.179690438688,-33.8921522275237]},"properties":{"asset_id":"TS31786","TreeType":"Street Tree","SpeciesName":"Tristaniopsis laurina","CommonName":"Water Gum","TreeHeight":8,"TreeCanopyNS":6,"Tree_Status":"Tree","Tree_Age":"Mature","DBH_in_cm":23,"Locality":"North Newtown","ParkName":"Not applicable","OBJECTID":23870}},{"type":"Feature","id":18724,"geometry":{"type":"Point","coordinates":[151.182157692969,-33.8929333197117]},"properties":{"asset_id":"TS03439","TreeType":"Street Tree","SpeciesName":"Tristaniopsis laurina","CommonName":"Water Gum","TreeHeight":8,"TreeCanopyNS":8,"Tree_Status":"Tree","Tree_Age":"Mature","DBH_in_cm":43,"Locality":"North Newtown","ParkName":"Not applicable","OBJECTID":18724}},{"type":"Feature","id":11562,"geometry":{"type":"Point","coordinates":[151.183722417558,-33.8978652677118]},"properties":{"asset_id":"TS04485","TreeType":"Street Tree","SpeciesName":"Callistemon salignus","CommonName":"Willow Bottlebrush","TreeHeight":6,"TreeCanopyNS":3,"Tree_Status":"Tree","Tree_Age":"Mature","DBH_in_cm":17,"Locality":"Erskineville Neighbourhood North","ParkName":"Not applicable","OBJECTID":11562}},{"type":"Feature","id":27829,"geometry":{"type":"Point","coordinates":[151.185961119312,-33.8949624844479]},"properties":{"asset_id":"TP02198","TreeType":"Park Tree","SpeciesName":"Ficus rubiginosa","CommonName":"Port Jackson or Rusty Fig","TreeHeight":6,"TreeCanopyNS":14,"Tree_Status":"Tree","Tree_Age":"Mature","DBH_in_cm":48,"Locality":"North Newtown","ParkName":"Hollis Park","OBJECTID":27829}},{"type":"Feature","id":4566,"geometry":{"type":"Point","coordinates":[151.186681299868,-33.894072977558]},"properties":{"asset_id":"TS05186","TreeType":"Street Tree","SpeciesName":"Jacaranda mimosifolia","CommonName":"Jacaranda","TreeHeight":13,"TreeCanopyNS":7,"Tree_Status":"Tree","Tree_Age":"Mature","DBH_in_cm":45,"Locality":"North Newtown","ParkName":"Not applicable","OBJECTID":4566}},{"type":"Feature","id":47680,"geometry":{"type":"Point","coordinates":[151.187432983647,-33.8933853774501]},"properties":{"asset_id":"TS13166","TreeType":"Street Tree","SpeciesName":"Tristaniopsis laurina","CommonName":"Water Gum","TreeHeight":4,"TreeCanopyNS":1,"Tree_Status":"Tree","Tree_Age":"Young","DBH_in_cm":5,"Locality":"North Newtown","ParkName":"Not applicable","OBJECTID":47680}},{"type":"Feature","id":46756,"geometry":{"type":"Point","coordinates":[151.188800325635,-33.8918447677902]},"properties":{"asset_id":"TS01562","TreeType":"Street Tree","SpeciesName":"Liriodendron tulipifera","CommonName":"Tulip Tree","TreeHeight":4,"TreeCanopyNS":2,"Tree_Status":"Tree","Tree_Age":"Young","DBH_in_cm":4,"Locality":"University of Sydney and Royal Prince Alfred Hospital","ParkName":"Not applicable","OBJECTID":46756}},{"type":"Feature","id":25101,"geometry":{"type":"Point","coordinates":[151.178498717931,-33.8893111885235]},"properties":{"asset_id":"TS33836","TreeType":"Street Tree","SpeciesName":"Corymbia maculata","CommonName":"Spotted Gum","TreeHeight":10,"TreeCanopyNS":5,"Tree_Status":"Tree","Tree_Age":"Semi-Mature","DBH_in_cm":25,"Locality":"Camperdown","ParkName":"Not applicable","OBJECTID":25101}},{"type":"Feature","id":9378,"geometry":{"type":"Point","coordinates":[151.185167645589,-33.8913899323439]},"properties":{"asset_id":"TS23487","TreeType":"Street Tree","SpeciesName":"Jacaranda mimosifolia","CommonName":"Jacaranda","TreeHeight":7,"TreeCanopyNS":7,"Tree_Status":"Tree","Tree_Age":"Mature","DBH_in_cm":34,"Locality":"University of Sydney and Royal Prince Alfred Hospital","ParkName":"Not applicable","OBJECTID":9378}},{"type":"Feature","id":27022,"geometry":{"type":"Point","coordinates":[151.184985719532,-33.89513801937]},"properties":{"asset_id":"TP01997","TreeType":"Park Tree","SpeciesName":"Grevillea robusta","CommonName":"Silky Oak","TreeHeight":13,"TreeCanopyNS":7,"Tree_Status":"Tree","Tree_Age":"Mature","DBH_in_cm":49,"Locality":"North Newtown","ParkName":"Jack Haynes Rest Area","OBJECTID":27022}},{"type":"Feature","id":12867,"geometry":{"type":"Point","coordinates":[151.185663402077,-33.898205066206]},"properties":{"asset_id":"TS06156","TreeType":"Street Tree","SpeciesName":"Melaleuca quinquenervia","CommonName":"Broad Leaf Paperbark","TreeHeight":13,"TreeCanopyNS":10,"Tree_Status":"Tree","Tree_Age":"Mature","DBH_in_cm":74,"Locality":"Erskineville Neighbourhood North","ParkName":"Not applicable","OBJECTID":12867}},{"type":"Feature","id":15784,"geometry":{"type":"Point","coordinates":[151.183285321572,-33.8944247450787]},"properties":{"asset_id":"TS15004","TreeType":"Street Tree","SpeciesName":"Melaleuca quinquenervia","CommonName":"Broad Leaf Paperbark","TreeHeight":13,"TreeCanopyNS":9,"Tree_Status":"Tree","Tree_Age":"Mature","DBH_in_cm":85,"Locality":"North Newtown","ParkName":"Not applicable","OBJECTID":15784}},{"type":"Feature","id":28519,"geometry":{"type":"Point","coordinates":[151.181101430739,-33.896469296168]},"properties":{"asset_id":"TS32909","TreeType":"Street Tree","SpeciesName":"Melaleuca linariifolia","CommonName":"Snow in Summer","TreeHeight":6,"TreeCanopyNS":2,"Tree_Status":"Tree","Tree_Age":"Semi-Mature","DBH_in_cm":14,"Locality":"North Newtown","ParkName":"Not applicable","OBJECTID":28519}},{"type":"Feature","id":38835,"geometry":{"type":"Point","coordinates":[151.181882438668,-33.8981473230364]},"properties":{"asset_id":"TS36616","TreeType":"Park Tree","SpeciesName":"Tabebuia palmeri","CommonName":"Unknown","TreeHeight":5,"TreeCanopyNS":5,"Tree_Status":"Tree","Tree_Age":"Semi-Mature","DBH_in_cm":12,"Locality":"Erskineville Road Village Centre","ParkName":"Green Ban Park","OBJECTID":38835}},{"type":"Feature","id":10543,"geometry":{"type":"Point","coordinates":[151.187929600042,-33.892737573897]},"properties":{"asset_id":"TS08136","TreeType":"Street Tree","SpeciesName":"Melaleuca quinquenervia","CommonName":"Broad Leaf Paperbark","TreeHeight":15,"TreeCanopyNS":11,"Tree_Status":"Tree","Tree_Age":"Mature","DBH_in_cm":80,"Locality":"Darlington and West Redfern","ParkName":"Not applicable","OBJECTID":10543}},{"type":"Feature","id":12389,"geometry":{"type":"Point","coordinates":[151.179624643023,-33.8987074920907]},"properties":{"asset_id":"TS11783","TreeType":"Street Tree","SpeciesName":"Elaeocarpus reticulatus","CommonName":"Blueberry Ash","TreeHeight":6,"TreeCanopyNS":4,"Tree_Status":"Tree","Tree_Age":"Semi-Mature","DBH_in_cm":16,"Locality":"Erskineville Neighbourhood South","ParkName":"Not applicable","OBJECTID":12389}},{"type":"Feature","id":17086,"geometry":{"type":"Point","coordinates":[151.184815419292,-33.8930099395481]},"properties":{"asset_id":"TS02450","TreeType":"Street Tree","SpeciesName":"Platanus acerifolia","CommonName":"London Plane","TreeHeight":11,"TreeCanopyNS":4,"Tree_Status":"Tree","Tree_Age":"Semi-Mature","DBH_in_cm":24,"Locality":"North Newtown","ParkName":"Not applicable","OBJECTID":17086}},{"type":"Feature","id":10852,"geometry":{"type":"Point","coordinates":[151.184327884584,-33.898175825682]},"properties":{"asset_id":"TS09802","TreeType":"Street Tree","SpeciesName":"Tristaniopsis laurina","CommonName":"Water Gum","TreeHeight":6,"TreeCanopyNS":6,"Tree_Status":"Tree","Tree_Age":"Mature","DBH_in_cm":27,"Locality":"Erskineville Neighbourhood North","ParkName":"Not applicable","OBJECTID":10852}},{"type":"Feature","id":13385,"geometry":{"type":"Point","coordinates":[151.186747420171,-33.8947856006258]},"properties":{"asset_id":"TS15273","TreeType":"Street Tree","SpeciesName":"Koelreuteria paniculata","CommonName":"Golden Rain Tree","TreeHeight":5,"TreeCanopyNS":3,"Tree_Status":"Tree","Tree_Age":"Semi-Mature","DBH_in_cm":15,"Locality":"North Newtown","ParkName":"Not applicable","OBJECTID":13385}},{"type":"Feature","id":25459,"geometry":{"type":"Point","coordinates":[151.182021397476,-33.8956663590598]},"properties":{"asset_id":"TP00010","TreeType":"Park Tree","SpeciesName":"Michelia champaca","CommonName":"Champak","TreeHeight":10,"TreeCanopyNS":2,"Tree_Status":"Tree","Tree_Age":"Mature","DBH_in_cm":19,"Locality":"North Newtown","ParkName":"WJ Thurbon Reserve","OBJECTID":25459}},{"type":"Feature","id":9335,"geometry":{"type":"Point","coordinates":[151.18129988021,-33.8915591267012]},"properties":{"asset_id":"TS23421","TreeType":"Street Tree","SpeciesName":"Platanus acerifolia","CommonName":"London Plane","TreeHeight":17,"TreeCanopyNS":12,"Tree_Status":"Tree","Tree_Age":"Mature","DBH_in_cm":40,"Locality":"North Newtown","ParkName":"Not applicable","OBJECTID":9335}},{"type":"Feature","id":39382,"geometry":{"type":"Point","coordinates":[151.184628513029,-33.8970123307765]},"properties":{"asset_id":"TS35134","TreeType":"Street Tree","SpeciesName":"Callistemon viminalis","CommonName":"Weeping Bottlebrush","TreeHeight":1,"TreeCanopyNS":1,"Tree_Status":"Tree","Tree_Age":"Semi-Mature","DBH_in_cm":9,"Locality":"Erskineville Neighbourhood North","ParkName":"Not applicable","OBJECTID":39382}},{"type":"Feature","id":13242,"geometry":{"type":"Point","coordinates":[151.183342560118,-33.8948563480601]},"properties":{"asset_id":"TS15012","TreeType":"Street Tree","SpeciesName":"Melaleuca quinquenervia","CommonName":"Broad Leaf Paperbark","TreeHeight":13,"TreeCanopyNS":10,"Tree_Status":"Tree","Tree_Age":"Mature","DBH_in_cm":80,"Locality":"North Newtown","ParkName":"Not applicable","OBJECTID":13242}},{"type":"Feature","id":13740,"geometry":{"type":"Point","coordinates":[151.186539861539,-33.8948493632538]},"properties":{"asset_id":"TS15883","TreeType":"Street Tree","SpeciesName":"Koelreuteria paniculata","CommonName":"Golden Rain Tree","TreeHeight":3,"TreeCanopyNS":3,"Tree_Status":"Tree","Tree_Age":"Semi-Mature","DBH_in_cm":7,"Locality":"North Newtown","ParkName":"Not applicable","OBJECTID":13740}},{"type":"Feature","id":13248,"geometry":{"type":"Point","coordinates":[151.183283775439,-33.8947015548424]},"properties":{"asset_id":"TS15007","TreeType":"Street Tree","SpeciesName":"Callistemon viminalis","CommonName":"Weeping Bottlebrush","TreeHeight":6,"TreeCanopyNS":4,"Tree_Status":"Tree","Tree_Age":"Mature","DBH_in_cm":16,"Locality":"North Newtown","ParkName":"Not applicable","OBJECTID":13248}},{"type":"Feature","id":13414,"geometry":{"type":"Point","coordinates":[151.188729464912,-33.894178230063]},"properties":{"asset_id":"TS15296","TreeType":"Street Tree","SpeciesName":"Koelreuteria paniculata","CommonName":"Golden Rain Tree","TreeHeight":7,"TreeCanopyNS":4,"Tree_Status":"Tree","Tree_Age":"Semi-Mature","DBH_in_cm":19,"Locality":"Darlington and West Redfern","ParkName":"Not applicable","OBJECTID":13414}},{"type":"Feature","id":45708,"geometry":{"type":"Point","coordinates":[151.187507679792,-33.8956756226034]},"properties":{"asset_id":"TS29405","TreeType":"Street Tree","SpeciesName":"Jacaranda mimosifolia","CommonName":"Jacaranda","TreeHeight":3,"TreeCanopyNS":0.5,"Tree_Status":"Tree","Tree_Age":"Young","DBH_in_cm":5,"Locality":"North Newtown","ParkName":"Not applicable","OBJECTID":45708}},{"type":"Feature","id":13099,"geometry":{"type":"Point","coordinates":[151.183455344788,-33.8985676571855]},"properties":{"asset_id":"TS14037","TreeType":"Street Tree","SpeciesName":"Auranticarpa rhombifolia","CommonName":"Diamond Pittosporum","TreeHeight":10,"TreeCanopyNS":6,"Tree_Status":"Tree","Tree_Age":"Mature","DBH_in_cm":30,"Locality":"Erskineville Neighbourhood North","ParkName":"Not applicable","OBJECTID":13099}},{"type":"Feature","id":15927,"geometry":{"type":"Point","coordinates":[151.18020637784,-33.8920427163542]},"properties":{"asset_id":"TS24224","TreeType":"Street Tree","SpeciesName":"Tristaniopsis laurina","CommonName":"Water Gum","TreeHeight":7,"TreeCanopyNS":8,"Tree_Status":"Tree","Tree_Age":"Mature","DBH_in_cm":32,"Locality":"North Newtown","ParkName":"Not applicable","OBJECTID":15927}},{"type":"Feature","id":14765,"geometry":{"type":"Point","coordinates":[151.180741103157,-33.8966689381952]},"properties":{"asset_id":"TS15205","TreeType":"Street Tree","SpeciesName":"Tristaniopsis laurina","CommonName":"Water Gum","TreeHeight":6,"TreeCanopyNS":3,"Tree_Status":"Tree","Tree_Age":"Mature","DBH_in_cm":16,"Locality":"North Newtown","ParkName":"Not applicable","OBJECTID":14765}},{"type":"Feature","id":10537,"geometry":{"type":"Point","coordinates":[151.185966180889,-33.8932888480659]},"properties":{"asset_id":"TS08128","TreeType":"Street Tree","SpeciesName":"Pistacia chinensis","CommonName":"Chinese Pistacia","TreeHeight":6,"TreeCanopyNS":5,"Tree_Status":"Tree","Tree_Age":"Mature","DBH_in_cm":24,"Locality":"North Newtown","ParkName":"Not applicable","OBJECTID":10537}},{"type":"Feature","id":14696,"geometry":{"type":"Point","coordinates":[151.182960875851,-33.8922557050624]},"properties":{"asset_id":"TS22200","TreeType":"Street Tree","SpeciesName":"Flindersia australis","CommonName":"Crows Ash","TreeHeight":15,"TreeCanopyNS":5,"Tree_Status":"Tree","Tree_Age":"Mature","DBH_in_cm":34,"Locality":"North Newtown","ParkName":"Not applicable","OBJECTID":14696}},{"type":"Feature","id":15778,"geometry":{"type":"Point","coordinates":[151.183429081378,-33.8947434646157]},"properties":{"asset_id":"TS14998","TreeType":"Street Tree","SpeciesName":"Pistacia chinensis","CommonName":"Chinese Pistacia","TreeHeight":8,"TreeCanopyNS":8,"Tree_Status":"Tree","Tree_Age":"Mature","DBH_in_cm":21,"Locality":"North Newtown","ParkName":"Not applicable","OBJECTID":15778}},{"type":"Feature","id":47254,"geometry":{"type":"Point","coordinates":[151.185509538048,-33.8966936560207]},"properties":{"asset_id":"TS40367","TreeType":"Street Tree","SpeciesName":"Pyrus calleryana","CommonName":"Callery Pear","TreeHeight":5,"TreeCanopyNS":2,"Tree_Status":"Tree","Tree_Age":"Young","DBH_in_cm":10,"Locality":"North Newtown","ParkName":"Not applicable","OBJECTID":47254}},{"type":"Feature","id":28513,"geometry":{"type":"Point","coordinates":[151.181085494898,-33.8964762746873]},"properties":{"asset_id":"TS32911","TreeType":"Street Tree","SpeciesName":"Melaleuca linariifolia","CommonName":"Snow in Summer","TreeHeight":8,"TreeCanopyNS":4,"Tree_Status":"Tree","Tree_Age":"Mature","DBH_in_cm":28,"Locality":"North Newtown","ParkName":"Not applicable","OBJECTID":28513}},{"type":"Feature","id":12040,"geometry":{"type":"Point","coordinates":[151.189925780999,-33.8979976259855]},"properties":{"asset_id":"TS09400","TreeType":"Street Tree","SpeciesName":"Melaleuca quinquenervia","CommonName":"Broad Leaf Paperbark","TreeHeight":10,"TreeCanopyNS":7,"Tree_Status":"Tree","Tree_Age":"Mature","DBH_in_cm":48,"Locality":"Erskineville Oval","ParkName":"Not applicable","OBJECTID":12040}},{"type":"Feature","id":27188,"geometry":{"type":"Point","coordinates":[151.189597085213,-33.8988346547978]},"properties":{"asset_id":"TP02003","TreeType":"Park Tree","SpeciesName":"Corymbia citriodora","CommonName":"Lemon Scented Gum","TreeHeight":20,"TreeCanopyNS":9,"Tree_Status":"Tree","Tree_Age":"Mature","DBH_in_cm":44,"Locality":"Erskineville Oval","ParkName":"Solander Park","OBJECTID":27188}},{"type":"Feature","id":18752,"geometry":{"type":"Point","coordinates":[151.18211851244,-33.8930064131521]},"properties":{"asset_id":"TS03425","TreeType":"Street Tree","SpeciesName":"Pistacia chinensis","CommonName":"Chinese Pistacia","TreeHeight":5,"TreeCanopyNS":5,"Tree_Status":"Tree","Tree_Age":"Semi-Mature","DBH_in_cm":18,"Locality":"North Newtown","ParkName":"Not applicable","OBJECTID":18752}},{"type":"Feature","id":26547,"geometry":{"type":"Point","coordinates":[151.182269746009,-33.8926618380292]},"properties":{"asset_id":"TP06869","TreeType":"Park Tree","SpeciesName":"Archontophoenix cunninghamiana","CommonName":"Bangalow Palm","TreeHeight":8,"TreeCanopyNS":3,"Tree_Status":"Tree","Tree_Age":"Semi-Mature","DBH_in_cm":19,"Locality":"North Newtown","ParkName":"Goddard Reserve","OBJECTID":26547}},{"type":"Feature","id":13342,"geometry":{"type":"Point","coordinates":[151.184865713389,-33.8984635618891]},"properties":{"asset_id":"TS06584","TreeType":"Street Tree","SpeciesName":"Liquidambar styraciflua","CommonName":"Liquidamber or Sweet Gum","TreeHeight":17,"TreeCanopyNS":17,"Tree_Status":"Tree","Tree_Age":"Mature","DBH_in_cm":95,"Locality":"Erskineville Neighbourhood North","ParkName":"Not applicable","OBJECTID":13342}},{"type":"Feature","id":39359,"geometry":{"type":"Point","coordinates":[151.184108434202,-33.8971832972329]},"properties":{"asset_id":"TS35353","TreeType":"Street Tree","SpeciesName":"Melaleuca quinquenervia","CommonName":"Broad Leaf Paperbark","TreeHeight":7,"TreeCanopyNS":3,"Tree_Status":"Tree","Tree_Age":"Semi-Mature","DBH_in_cm":21,"Locality":"Erskineville Neighbourhood North","ParkName":"Not applicable","OBJECTID":39359}},{"type":"Feature","id":46564,"geometry":{"type":"Point","coordinates":[151.184532518383,-33.8955162903792]},"properties":{"asset_id":"TS41780","TreeType":"Street Tree","SpeciesName":"Pyrus calleryana 'Chanticleer'","CommonName":"Callery Pear","TreeHeight":3,"TreeCanopyNS":1,"Tree_Status":"Tree","Tree_Age":"Young","DBH_in_cm":8,"Locality":"North Newtown","ParkName":"Not applicable","OBJECTID":46564}},{"type":"Feature","id":38449,"geometry":{"type":"Point","coordinates":[151.183022300318,-33.8968326443542]},"properties":{"asset_id":"TS35112","TreeType":"Street Tree","SpeciesName":"Fraxinus griffithii","CommonName":"Evergreen Ash","TreeHeight":5,"TreeCanopyNS":4,"Tree_Status":"Tree","Tree_Age":"Semi-Mature","DBH_in_cm":14,"Locality":"North Newtown","ParkName":"Not applicable","OBJECTID":38449}},{"type":"Feature","id":13391,"geometry":{"type":"Point","coordinates":[151.187518777505,-33.8946862214084]},"properties":{"asset_id":"TS15279","TreeType":"Street Tree","SpeciesName":"Melaleuca quinquenervia","CommonName":"Broad Leaf Paperbark","TreeHeight":12,"TreeCanopyNS":9,"Tree_Status":"Tree","Tree_Age":"Mature","DBH_in_cm":63,"Locality":"North Newtown","ParkName":"Not applicable","OBJECTID":13391}},{"type":"Feature","id":48728,"geometry":{"type":"Point","coordinates":[151.187598828946,-33.894025435332]},"properties":{"asset_id":"TS13164","TreeType":"Street Tree","SpeciesName":"Tristaniopsis laurina","CommonName":"Water Gum","TreeHeight":5,"TreeCanopyNS":3,"Tree_Status":"Tree","Tree_Age":"Semi-Mature","DBH_in_cm":13,"Locality":"North Newtown","ParkName":"Not applicable","OBJECTID":48728}},{"type":"Feature","id":33949,"geometry":{"type":"Point","coordinates":[151.188968924356,-33.8977858985995]},"properties":{"asset_id":"TP04169","TreeType":"Park Tree","SpeciesName":"Robinia pseudoacacia 'Frisia'","CommonName":"Golden Robinia","TreeHeight":8,"TreeCanopyNS":5,"Tree_Status":"Tree","Tree_Age":"Mature","DBH_in_cm":26,"Locality":null,"ParkName":"South Sydney Rotary Park #1","OBJECTID":33949}},{"type":"Feature","id":21492,"geometry":{"type":"Point","coordinates":[151.181354714911,-33.892806223917]},"properties":{"asset_id":"TS31211","TreeType":"Street Tree","SpeciesName":"Tristaniopsis laurina","CommonName":"Water Gum","TreeHeight":7,"TreeCanopyNS":4,"Tree_Status":"Tree","Tree_Age":"Semi-Mature","DBH_in_cm":19,"Locality":"North Newtown","ParkName":"Not applicable","OBJECTID":21492}},{"type":"Feature","id":14745,"geometry":{"type":"Point","coordinates":[151.183504041696,-33.8951960688044]},"properties":{"asset_id":"TS15024","TreeType":"Street Tree","SpeciesName":"Corymbia citriodora","CommonName":"Lemon Scented Gum","TreeHeight":16,"TreeCanopyNS":13,"Tree_Status":"Tree","Tree_Age":"Mature","DBH_in_cm":65,"Locality":"North Newtown","ParkName":"Not applicable","OBJECTID":14745}},{"type":"Feature","id":20318,"geometry":{"type":"Point","coordinates":[151.186883298157,-33.8956407328352]},"properties":{"asset_id":"TS13396","TreeType":"Street Tree","SpeciesName":"Liquidambar styraciflua","CommonName":"Liquidamber or Sweet Gum","TreeHeight":15,"TreeCanopyNS":18,"Tree_Status":"Tree","Tree_Age":"Mature","DBH_in_cm":90,"Locality":"North Newtown","ParkName":"Not applicable","OBJECTID":20318}},{"type":"Feature","id":28227,"geometry":{"type":"Point","coordinates":[151.182340440251,-33.8980892488641]},"properties":{"asset_id":"TP03903","TreeType":"Park Tree","SpeciesName":"Livistona australis","CommonName":"Cabbage Tree Palm","TreeHeight":4,"TreeCanopyNS":3,"Tree_Status":"Tree","Tree_Age":"Semi-Mature","DBH_in_cm":32,"Locality":"Erskineville Neighbourhood North","ParkName":"Green Ban Park","OBJECTID":28227}},{"type":"Feature","id":16880,"geometry":{"type":"Point","coordinates":[151.188915195277,-33.8926817350965]},"properties":{"asset_id":"TS08724","TreeType":"Street Tree","SpeciesName":"Fraxinus oxycarpa Raywoodii","CommonName":"Claret Ash","TreeHeight":8,"TreeCanopyNS":8,"Tree_Status":"Tree","Tree_Age":"Mature","DBH_in_cm":44,"Locality":"Darlington and West Redfern","ParkName":"Not applicable","OBJECTID":16880}},{"type":"Feature","id":9398,"geometry":{"type":"Point","coordinates":[151.187263035787,-33.8913451337034]},"properties":{"asset_id":"TS23484","TreeType":"Street Tree","SpeciesName":"Jacaranda mimosifolia","CommonName":"Jacaranda","TreeHeight":9,"TreeCanopyNS":7,"Tree_Status":"Tree","Tree_Age":"Mature","DBH_in_cm":37,"Locality":"University of Sydney and Royal Prince Alfred Hospital","ParkName":"Not applicable","OBJECTID":9398}},{"type":"Feature","id":9386,"geometry":{"type":"Point","coordinates":[151.186007496451,-33.8913685794701]},"properties":{"asset_id":"TS23491","TreeType":"Street Tree","SpeciesName":"Melaleuca quinquenervia","CommonName":"Broad Leaf Paperbark","TreeHeight":17,"TreeCanopyNS":11,"Tree_Status":"Tree","Tree_Age":"Mature","DBH_in_cm":61,"Locality":"University of Sydney and Royal Prince Alfred Hospital","ParkName":"Not applicable","OBJECTID":9386}},{"type":"Feature","id":22831,"geometry":{"type":"Point","coordinates":[151.182362635396,-33.8905875953478]},"properties":{"asset_id":"TS31716","TreeType":"Street Tree","SpeciesName":"Flindersia australis","CommonName":"Crows Ash","TreeHeight":4,"TreeCanopyNS":1,"Tree_Status":"Tree","Tree_Age":"Semi-Mature","DBH_in_cm":9,"Locality":"Camperdown","ParkName":"Not applicable","OBJECTID":22831}},{"type":"Feature","id":11556,"geometry":{"type":"Point","coordinates":[151.184017311038,-33.8977477018706]},"properties":{"asset_id":"TS04478","TreeType":"Street Tree","SpeciesName":"Tristaniopsis laurina","CommonName":"Water Gum","TreeHeight":11,"TreeCanopyNS":12,"Tree_Status":"Tree","Tree_Age":"Mature","DBH_in_cm":58,"Locality":"Erskineville Neighbourhood North","ParkName":"Not applicable","OBJECTID":11556}},{"type":"Feature","id":15847,"geometry":{"type":"Point","coordinates":[151.184801464425,-33.893775577587]},"properties":{"asset_id":"TS15538","TreeType":"Street Tree","SpeciesName":"Eucalyptus microcorys","CommonName":"Tallow Wood","TreeHeight":21,"TreeCanopyNS":17,"Tree_Status":"Tree","Tree_Age":"Mature","DBH_in_cm":82,"Locality":"North Newtown","ParkName":"Not applicable","OBJECTID":15847}},{"type":"Feature","id":27835,"geometry":{"type":"Point","coordinates":[151.185864164774,-33.894730843373]},"properties":{"asset_id":"TP01823","TreeType":"Park Tree","SpeciesName":"Ficus rubiginosa","CommonName":"Port Jackson or Rusty Fig","TreeHeight":11,"TreeCanopyNS":16,"Tree_Status":"Tree","Tree_Age":"Mature","DBH_in_cm":92,"Locality":"North Newtown","ParkName":"Hollis Park","OBJECTID":27835}},{"type":"Feature","id":10523,"geometry":{"type":"Point","coordinates":[151.180833286545,-33.8973333448542]},"properties":{"asset_id":"TS07822","TreeType":"Street Tree","SpeciesName":"Platanus acerifolia","CommonName":"London Plane","TreeHeight":7,"TreeCanopyNS":5,"Tree_Status":"Tree","Tree_Age":"Semi-Mature","DBH_in_cm":15,"Locality":"North Newtown","ParkName":"Not applicable","OBJECTID":10523}},{"type":"Feature","id":12054,"geometry":{"type":"Point","coordinates":[151.182510931139,-33.8974644285509]},"properties":{"asset_id":"TS09416","TreeType":"Street Tree","SpeciesName":"Cinnamomum camphora","CommonName":"Camphor Laurel","TreeHeight":16,"TreeCanopyNS":17,"Tree_Status":"Tree","Tree_Age":"Mature","DBH_in_cm":104,"Locality":"North Newtown","ParkName":"Not applicable","OBJECTID":12054}},{"type":"Feature","id":10025,"geometry":{"type":"Point","coordinates":[151.182982234565,-33.8979922246291]},"properties":{"asset_id":"TS04474","TreeType":"Street Tree","SpeciesName":"Tristaniopsis laurina","CommonName":"Water Gum","TreeHeight":8,"TreeCanopyNS":7,"Tree_Status":"Tree","Tree_Age":"Mature","DBH_in_cm":48,"Locality":"Erskineville Neighbourhood North","ParkName":"Not applicable","OBJECTID":10025}},{"type":"Feature","id":7726,"geometry":{"type":"Point","coordinates":[151.179981774395,-33.8870713799716]},"properties":{"asset_id":"TS22135","TreeType":"Street Tree","SpeciesName":"Lophostemon confertus","CommonName":"Brush Box","TreeHeight":8,"TreeCanopyNS":7,"Tree_Status":"Tree","Tree_Age":"Mature","DBH_in_cm":32,"Locality":"University of Sydney and Royal Prince Alfred Hospital","ParkName":"Not applicable","OBJECTID":7726}},{"type":"Feature","id":10866,"geometry":{"type":"Point","coordinates":[151.18428294007,-33.898791047677]},"properties":{"asset_id":"TS09786","TreeType":"Street Tree","SpeciesName":"Eucalyptus sp.","CommonName":"River Red Gum","TreeHeight":21,"TreeCanopyNS":20,"Tree_Status":"Tree","Tree_Age":"Mature","DBH_in_cm":40,"Locality":"Erskineville Neighbourhood North","ParkName":"Not applicable","OBJECTID":10866}},{"type":"Feature","id":35011,"geometry":{"type":"Point","coordinates":[151.182126447394,-33.8897741711521]},"properties":{"asset_id":"TS35585","TreeType":"Street Tree","SpeciesName":"Flindersia australis","CommonName":"Crows Ash","TreeHeight":7,"TreeCanopyNS":3,"Tree_Status":"Tree","Tree_Age":"Semi-Mature","DBH_in_cm":11,"Locality":"University of Sydney and Royal Prince Alfred Hospital","ParkName":"Not applicable","OBJECTID":35011}},{"type":"Feature","id":10629,"geometry":{"type":"Point","coordinates":[151.185451938731,-33.8940991468504]},"properties":{"asset_id":"TS08590","TreeType":"Street Tree","SpeciesName":"Ficus macrophylla","CommonName":"Moreton Bay Fig","TreeHeight":14,"TreeCanopyNS":16,"Tree_Status":"Tree","Tree_Age":"Mature","DBH_in_cm":150,"Locality":"North Newtown","ParkName":"Not applicable","OBJECTID":10629}},{"type":"Feature","id":13620,"geometry":{"type":"Point","coordinates":[151.187263515445,-33.8957675228846]},"properties":{"asset_id":"TS29409","TreeType":"Street Tree","SpeciesName":"Jacaranda mimosifolia","CommonName":"Jacaranda","TreeHeight":7,"TreeCanopyNS":5,"Tree_Status":"Tree","Tree_Age":"Mature","DBH_in_cm":25,"Locality":"North Newtown","ParkName":"Not applicable","OBJECTID":13620}},{"type":"Feature","id":28276,"geometry":{"type":"Point","coordinates":[151.181967445746,-33.897907364087]},"properties":{"asset_id":"TP03875","TreeType":"Park Tree","SpeciesName":"Corymbia maculata","CommonName":"Spotted Gum","TreeHeight":19,"TreeCanopyNS":5,"Tree_Status":"Tree","Tree_Age":"Mature","DBH_in_cm":32,"Locality":"Erskineville Neighbourhood North","ParkName":"Green Ban Park","OBJECTID":28276}},{"type":"Feature","id":48585,"geometry":{"type":"Point","coordinates":[151.188663251552,-33.8984082896612]},"properties":{"asset_id":"TS29377","TreeType":"Street Tree","SpeciesName":"Lophostemon confertus","CommonName":"Brush Box","TreeHeight":8,"TreeCanopyNS":3,"Tree_Status":"Tree","Tree_Age":"Semi-Mature","DBH_in_cm":18,"Locality":"Erskineville Oval","ParkName":"Not applicable","OBJECTID":48585}},{"type":"Feature","id":27194,"geometry":{"type":"Point","coordinates":[151.189709389976,-33.8989700330101]},"properties":{"asset_id":"TP01639","TreeType":"Park Tree","SpeciesName":"Jacaranda mimosifolia","CommonName":"Jacaranda","TreeHeight":7,"TreeCanopyNS":6,"Tree_Status":"Tree","Tree_Age":"Semi-Mature","DBH_in_cm":19,"Locality":"Erskineville Oval","ParkName":"Solander Park","OBJECTID":27194}},{"type":"Feature","id":46521,"geometry":{"type":"Point","coordinates":[151.187414493341,-33.898755299986]},"properties":{"asset_id":"TS34982","TreeType":"Street Tree","SpeciesName":"Lophostemon confertus","CommonName":"Brush Box","TreeHeight":4,"TreeCanopyNS":2,"Tree_Status":"Tree","Tree_Age":"Semi-Mature","DBH_in_cm":10,"Locality":"Erskineville Oval","ParkName":"Not applicable","OBJECTID":46521}},{"type":"Feature","id":12930,"geometry":{"type":"Point","coordinates":[151.186504104553,-33.8951490244397]},"properties":{"asset_id":"TS13391","TreeType":"Street Tree","SpeciesName":"Liquidambar styraciflua","CommonName":"Liquidamber or Sweet Gum","TreeHeight":15,"TreeCanopyNS":20,"Tree_Status":"Tree","Tree_Age":"Mature","DBH_in_cm":85,"Locality":"North Newtown","ParkName":"Not applicable","OBJECTID":12930}},{"type":"Feature","id":10680,"geometry":{"type":"Point","coordinates":[151.181664124835,-33.8989615217311]},"properties":{"asset_id":"TS08744","TreeType":"Street Tree","SpeciesName":"Fraxinus griffithii","CommonName":"Evergreen Ash","TreeHeight":7,"TreeCanopyNS":7,"Tree_Status":"Tree","Tree_Age":"Mature","DBH_in_cm":32,"Locality":"Erskineville Neighbourhood South","ParkName":"Not applicable","OBJECTID":10680}},{"type":"Feature","id":18744,"geometry":{"type":"Point","coordinates":[151.181752322,-33.8921637470327]},"properties":{"asset_id":"TS03451","TreeType":"Street Tree","SpeciesName":"Tristaniopsis laurina","CommonName":"Water Gum","TreeHeight":8,"TreeCanopyNS":7,"Tree_Status":"Tree","Tree_Age":"Semi-Mature","DBH_in_cm":37,"Locality":"North Newtown","ParkName":"Not applicable","OBJECTID":18744}},{"type":"Feature","id":18738,"geometry":{"type":"Point","coordinates":[151.181852261649,-33.8923814583584]},"properties":{"asset_id":"TS03448","TreeType":"Street Tree","SpeciesName":"Tristaniopsis laurina","CommonName":"Water Gum","TreeHeight":8,"TreeCanopyNS":8,"Tree_Status":"Tree","Tree_Age":"Mature","DBH_in_cm":32,"Locality":"North Newtown","ParkName":"Not applicable","OBJECTID":18738}},{"type":"Feature","id":13236,"geometry":{"type":"Point","coordinates":[151.183173550659,-33.8944739541829]},"properties":{"asset_id":"TS15010","TreeType":"Street Tree","SpeciesName":"Melaleuca quinquenervia","CommonName":"Broad Leaf Paperbark","TreeHeight":12,"TreeCanopyNS":12,"Tree_Status":"Tree","Tree_Age":"Mature","DBH_in_cm":64,"Locality":"North Newtown","ParkName":"Not applicable","OBJECTID":13236}},{"type":"Feature","id":24738,"geometry":{"type":"Point","coordinates":[151.189284423961,-33.8937217256522]},"properties":{"asset_id":"TS17312","TreeType":"Street Tree","SpeciesName":"Fraxinus excelsior","CommonName":"English Ash","TreeHeight":9,"TreeCanopyNS":8,"Tree_Status":"Tree","Tree_Age":"Mature","DBH_in_cm":28,"Locality":"Darlington and West Redfern","ParkName":"Not applicable","OBJECTID":24738}},{"type":"Feature","id":29807,"geometry":{"type":"Point","coordinates":[151.183294279371,-33.8986464374365]},"properties":{"asset_id":"TP06513","TreeType":"Park Tree","SpeciesName":"Elaeocarpus eumundii","CommonName":"Quangdong","TreeHeight":10,"TreeCanopyNS":7,"Tree_Status":"Tree","Tree_Age":"Semi-Mature","DBH_in_cm":16,"Locality":"Erskineville Neighbourhood North","ParkName":"Pinkstone Playground","OBJECTID":29807}},{"type":"Feature","id":9441,"geometry":{"type":"Point","coordinates":[151.178430172824,-33.889143083423]},"properties":{"asset_id":"TS23657","TreeType":"Street Tree","SpeciesName":"Corymbia maculata","CommonName":"Spotted Gum","TreeHeight":13,"TreeCanopyNS":7,"Tree_Status":"Tree","Tree_Age":"Mature","DBH_in_cm":33,"Locality":"Camperdown","ParkName":"Not applicable","OBJECTID":9441}},{"type":"Feature","id":6103,"geometry":{"type":"Point","coordinates":[151.179226141358,-33.8908495723407]},"properties":{"asset_id":"TS23704","TreeType":"Street Tree","SpeciesName":"Fraxinus excelsior Aurea","CommonName":"Golden Ash","TreeHeight":6,"TreeCanopyNS":3,"Tree_Status":"Tree","Tree_Age":"Semi-Mature","DBH_in_cm":17,"Locality":"Camperdown","ParkName":"Not applicable","OBJECTID":6103}},{"type":"Feature","id":27792,"geometry":{"type":"Point","coordinates":[151.185912900695,-33.8948344492174]},"properties":{"asset_id":"TP06880","TreeType":"Park Tree","SpeciesName":"Ficus rubiginosa","CommonName":"Port Jackson or Rusty Fig","TreeHeight":7,"TreeCanopyNS":13,"Tree_Status":"Tree","Tree_Age":"Mature","DBH_in_cm":45,"Locality":"North Newtown","ParkName":"Hollis Park","OBJECTID":27792}},{"type":"Feature","id":8808,"geometry":{"type":"Point","coordinates":[151.181715311223,-33.8938970560577]},"properties":{"asset_id":"TS04359","TreeType":"Street Tree","SpeciesName":"Elaeocarpus reticulatus","CommonName":"Blueberry Ash","TreeHeight":9,"TreeCanopyNS":3,"Tree_Status":"Tree","Tree_Age":"Mature","DBH_in_cm":17,"Locality":"North Newtown","ParkName":"Not applicable","OBJECTID":8808}},{"type":"Feature","id":45098,"geometry":{"type":"Point","coordinates":[151.181144425154,-33.8938286612781]},"properties":{"asset_id":"TS02347","TreeType":"Street Tree","SpeciesName":"Lagerstroemia indica","CommonName":"Crepe Myrtle","TreeHeight":3,"TreeCanopyNS":3,"Tree_Status":"Tree","Tree_Age":"Young","DBH_in_cm":5,"Locality":"North Newtown","ParkName":"Not applicable","OBJECTID":45098}},{"type":"Feature","id":24589,"geometry":{"type":"Point","coordinates":[151.188413061687,-33.8983604246619]},"properties":{"asset_id":"TS29371","TreeType":"Street Tree","SpeciesName":"Melaleuca quinquenervia","CommonName":"Broad Leaf Paperbark","TreeHeight":13,"TreeCanopyNS":9,"Tree_Status":"Tree","Tree_Age":"Mature","DBH_in_cm":56,"Locality":"Erskineville Oval","ParkName":"Not applicable","OBJECTID":24589}},{"type":"Feature","id":15300,"geometry":{"type":"Point","coordinates":[151.189120052287,-33.898918265788]},"properties":{"asset_id":"TS12131","TreeType":"Street Tree","SpeciesName":"Elaeocarpus reticulatus","CommonName":"Blueberry Ash","TreeHeight":5,"TreeCanopyNS":4,"Tree_Status":"Tree","Tree_Age":"Mature","DBH_in_cm":17,"Locality":"Erskineville Oval","ParkName":"Not applicable","OBJECTID":15300}},{"type":"Feature","id":10872,"geometry":{"type":"Point","coordinates":[151.184242001321,-33.8984421040947]},"properties":{"asset_id":"TS09792","TreeType":"Street Tree","SpeciesName":"Tristaniopsis laurina","CommonName":"Water Gum","TreeHeight":5,"TreeCanopyNS":4,"Tree_Status":"Tree","Tree_Age":"Semi-Mature","DBH_in_cm":13,"Locality":"Erskineville Neighbourhood North","ParkName":"Not applicable","OBJECTID":10872}},{"type":"Feature","id":28525,"geometry":{"type":"Point","coordinates":[151.181198459463,-33.8964423244976]},"properties":{"asset_id":"TS32907","TreeType":"Street Tree","SpeciesName":"Callistemon viminalis","CommonName":"Weeping Bottlebrush","TreeHeight":7,"TreeCanopyNS":8,"Tree_Status":"Tree","Tree_Age":"Mature","DBH_in_cm":36,"Locality":"North Newtown","ParkName":"Not applicable","OBJECTID":28525}},{"type":"Feature","id":295,"geometry":{"type":"Point","coordinates":[151.18741621362,-33.894571273682]},"properties":{"asset_id":"TS15283","TreeType":"Street Tree","SpeciesName":"Koelreuteria paniculata","CommonName":"Golden Rain Tree","TreeHeight":5,"TreeCanopyNS":3,"Tree_Status":"Tree","Tree_Age":"Semi-Mature","DBH_in_cm":12,"Locality":"North Newtown","ParkName":"Not applicable","OBJECTID":295}},{"type":"Feature","id":4872,"geometry":{"type":"Point","coordinates":[151.187489405494,-33.8952923866294]},"properties":{"asset_id":"TS09468","TreeType":"Street Tree","SpeciesName":"Jacaranda mimosifolia","CommonName":"Jacaranda","TreeHeight":5,"TreeCanopyNS":3,"Tree_Status":"Tree","Tree_Age":"Semi-Mature","DBH_in_cm":10,"Locality":"North Newtown","ParkName":"Not applicable","OBJECTID":4872}},{"type":"Feature","id":16182,"geometry":{"type":"Point","coordinates":[151.183974362755,-33.8938880948348]},"properties":{"asset_id":"TS06145","TreeType":"Street Tree","SpeciesName":"Eucalyptus microcorys","CommonName":"Tallow Wood","TreeHeight":16,"TreeCanopyNS":9,"Tree_Status":"Tree","Tree_Age":"Mature","DBH_in_cm":85,"Locality":"North Newtown","ParkName":"Not applicable","OBJECTID":16182}},{"type":"Feature","id":17215,"geometry":{"type":"Point","coordinates":[151.187605747096,-33.8951395412637]},"properties":{"asset_id":"TS09454","TreeType":"Street Tree","SpeciesName":"Platanus acerifolia","CommonName":"London Plane","TreeHeight":20,"TreeCanopyNS":12,"Tree_Status":"Tree","Tree_Age":"Mature","DBH_in_cm":74,"Locality":"North Newtown","ParkName":"Not applicable","OBJECTID":17215}},{"type":"Feature","id":40478,"geometry":{"type":"Point","coordinates":[151.1814565063,-33.8886023057846]},"properties":{"asset_id":"TS42708","TreeType":"Street Tree","SpeciesName":"Flindersia australis","CommonName":"Crows Ash","TreeHeight":0,"TreeCanopyNS":0,"Tree_Status":"Tree","Tree_Age":"Young","DBH_in_cm":0,"Locality":"University of Sydney and Royal Prince Alfred Hospital","ParkName":"Not applicable","OBJECTID":40478}},{"type":"Feature","id":36691,"geometry":{"type":"Point","coordinates":[151.179025554558,-33.888372878417]},"properties":{"asset_id":"TS24139","TreeType":"Street Tree","SpeciesName":"Robinia pseudoacacia 'Frisia'","CommonName":"Golden Robinia","TreeHeight":8,"TreeCanopyNS":5,"Tree_Status":"Tree","Tree_Age":"Semi-Mature","DBH_in_cm":18,"Locality":"Camperdown","ParkName":"Not applicable","OBJECTID":36691}},{"type":"Feature","id":11170,"geometry":{"type":"Point","coordinates":[151.179835117428,-33.8924930571289]},"properties":{"asset_id":"TS01053","TreeType":"Street Tree","SpeciesName":"Tristaniopsis laurina","CommonName":"Water Gum","TreeHeight":8,"TreeCanopyNS":4,"Tree_Status":"Tree","Tree_Age":"Mature","DBH_in_cm":24,"Locality":"North Newtown","ParkName":"Not applicable","OBJECTID":11170}},{"type":"Feature","id":36047,"geometry":{"type":"Point","coordinates":[151.18068052802,-33.892760287875]},"properties":{"asset_id":"TS02349","TreeType":"Street Tree","SpeciesName":"Robinia pseudoacacia 'Frisia'","CommonName":"Golden Robinia","TreeHeight":6,"TreeCanopyNS":4,"Tree_Status":"Tree","Tree_Age":"Semi-Mature","DBH_in_cm":11,"Locality":"North Newtown","ParkName":"Not applicable","OBJECTID":36047}},{"type":"Feature","id":12166,"geometry":{"type":"Point","coordinates":[151.183187846185,-33.8913122314317]},"properties":{"asset_id":"TS23508","TreeType":"Street Tree","SpeciesName":"Jacaranda mimosifolia","CommonName":"Jacaranda","TreeHeight":5,"TreeCanopyNS":6,"Tree_Status":"Tree","Tree_Age":"Semi-Mature","DBH_in_cm":18,"Locality":"University of Sydney and Royal Prince Alfred Hospital","ParkName":"Not applicable","OBJECTID":12166}},{"type":"Feature","id":4672,"geometry":{"type":"Point","coordinates":[151.184732061963,-33.8984479757939]},"properties":{"asset_id":"TS06600","TreeType":"Street Tree","SpeciesName":"Fraxinus pennsylvanica","CommonName":"Green Ash","TreeHeight":7,"TreeCanopyNS":4,"Tree_Status":"Tree","Tree_Age":"Semi-Mature","DBH_in_cm":15,"Locality":"Erskineville Neighbourhood North","ParkName":"Not applicable","OBJECTID":4672}},{"type":"Feature","id":11573,"geometry":{"type":"Point","coordinates":[151.185305323346,-33.8973342153004]},"properties":{"asset_id":"TS04496","TreeType":"Street Tree","SpeciesName":"Lophostemon confertus","CommonName":"Brush Box","TreeHeight":11,"TreeCanopyNS":9,"Tree_Status":"Tree","Tree_Age":"Mature","DBH_in_cm":44,"Locality":"Erskineville Neighbourhood North","ParkName":"Not applicable","OBJECTID":11573}},{"type":"Feature","id":14822,"geometry":{"type":"Point","coordinates":[151.18300783151,-33.8959040050862]},"properties":{"asset_id":"TS15233","TreeType":"Street Tree","SpeciesName":"Koelreuteria paniculata","CommonName":"Golden Rain Tree","TreeHeight":7,"TreeCanopyNS":3,"Tree_Status":"Tree","Tree_Age":"Mature","DBH_in_cm":21,"Locality":"North Newtown","ParkName":"Not applicable","OBJECTID":14822}},{"type":"Feature","id":21652,"geometry":{"type":"Point","coordinates":[151.18112312316,-33.8984315191223]},"properties":{"asset_id":"TS31414","TreeType":"Street Tree","SpeciesName":"Tristaniopsis laurina","CommonName":"Water Gum","TreeHeight":5,"TreeCanopyNS":4,"Tree_Status":"Tree","Tree_Age":"Semi-Mature","DBH_in_cm":16,"Locality":"Erskineville Neighbourhood South","ParkName":"Not applicable","OBJECTID":21652}},{"type":"Feature","id":28221,"geometry":{"type":"Point","coordinates":[151.182293576426,-33.8978466219272]},"properties":{"asset_id":"TP03906","TreeType":"Park Tree","SpeciesName":"Livistona australis","CommonName":"Cabbage Tree Palm","TreeHeight":4,"TreeCanopyNS":3,"Tree_Status":"Tree","Tree_Age":"Mature","DBH_in_cm":39,"Locality":"Erskineville Neighbourhood North","ParkName":"Green Ban Park","OBJECTID":28221}},{"type":"Feature","id":15486,"geometry":{"type":"Point","coordinates":[151.187712147258,-33.8940153802453]},"properties":{"asset_id":"TS13161","TreeType":"Street Tree","SpeciesName":"Tristaniopsis laurina","CommonName":"Water Gum","TreeHeight":6,"TreeCanopyNS":4,"Tree_Status":"Tree","Tree_Age":"Mature","DBH_in_cm":18,"Locality":"North Newtown","ParkName":"Not applicable","OBJECTID":15486}},{"type":"Feature","id":24546,"geometry":{"type":"Point","coordinates":[151.189245149504,-33.8935642461797]},"properties":{"asset_id":"TS17310","TreeType":"Street Tree","SpeciesName":"Fraxinus pennsylvanica","CommonName":"Green Ash","TreeHeight":4,"TreeCanopyNS":2,"Tree_Status":"Tree","Tree_Age":"Semi-Mature","DBH_in_cm":7,"Locality":"Darlington and West Redfern","ParkName":"Not applicable","OBJECTID":24546}},{"type":"Feature","id":18712,"geometry":{"type":"Point","coordinates":[151.181879189972,-33.8923252269215]},"properties":{"asset_id":"TS03433","TreeType":"Street Tree","SpeciesName":"Tristaniopsis laurina","CommonName":"Water Gum","TreeHeight":6,"TreeCanopyNS":4,"Tree_Status":"Tree","Tree_Age":"Mature","DBH_in_cm":20,"Locality":"North Newtown","ParkName":"Not applicable","OBJECTID":18712}},{"type":"Feature","id":26538,"geometry":{"type":"Point","coordinates":[151.182296504208,-33.8927359046703]},"properties":{"asset_id":"TP06879","TreeType":"Park Tree","SpeciesName":"Alloxylon flammeum","CommonName":"QLD Tree Waratah","TreeHeight":6,"TreeCanopyNS":3,"Tree_Status":"Tree","Tree_Age":"Semi-Mature","DBH_in_cm":10,"Locality":"North Newtown","ParkName":"Goddard Reserve","OBJECTID":26538}},{"type":"Feature","id":15841,"geometry":{"type":"Point","coordinates":[151.184128495135,-33.8940032646207]},"properties":{"asset_id":"TS15532","TreeType":"Street Tree","SpeciesName":"Eucalyptus microcorys","CommonName":"Tallow Wood","TreeHeight":18,"TreeCanopyNS":15,"Tree_Status":"Tree","Tree_Age":"Mature","DBH_in_cm":78,"Locality":"North Newtown","ParkName":"Not applicable","OBJECTID":15841}},{"type":"Feature","id":18048,"geometry":{"type":"Point","coordinates":[151.18569754396,-33.8954143389151]},"properties":{"asset_id":"TS12328","TreeType":"Street Tree","SpeciesName":"Platanus orientalis Digitata","CommonName":"Oriental Plane","TreeHeight":14,"TreeCanopyNS":12,"Tree_Status":"Tree","Tree_Age":"Mature","DBH_in_cm":48,"Locality":"North Newtown","ParkName":"Not applicable","OBJECTID":18048}},{"type":"Feature","id":21675,"geometry":{"type":"Point","coordinates":[151.183241406046,-33.895924132911]},"properties":{"asset_id":"TS31518","TreeType":"Street Tree","SpeciesName":"Koelreuteria paniculata","CommonName":"Golden Rain Tree","TreeHeight":5,"TreeCanopyNS":3,"Tree_Status":"Tree","Tree_Age":"Semi-Mature","DBH_in_cm":10,"Locality":"North Newtown","ParkName":"Not applicable","OBJECTID":21675}},{"type":"Feature","id":16173,"geometry":{"type":"Point","coordinates":[151.182545645504,-33.8955126859499]},"properties":{"asset_id":"TS06079","TreeType":"Street Tree","SpeciesName":"Liquidambar styraciflua","CommonName":"Liquidamber or Sweet Gum","TreeHeight":13,"TreeCanopyNS":7,"Tree_Status":"Tree","Tree_Age":"Mature","DBH_in_cm":51,"Locality":"North Newtown","ParkName":"Not applicable","OBJECTID":16173}},{"type":"Feature","id":24995,"geometry":{"type":"Point","coordinates":[151.181684682605,-33.8938525090577]},"properties":{"asset_id":"TS04356","TreeType":"Street Tree","SpeciesName":"Elaeocarpus reticulatus","CommonName":"Blueberry Ash","TreeHeight":6,"TreeCanopyNS":2,"Tree_Status":"Tree","Tree_Age":"Semi-Mature","DBH_in_cm":12,"Locality":"North Newtown","ParkName":"Not applicable","OBJECTID":24995}},{"type":"Feature","id":11550,"geometry":{"type":"Point","coordinates":[151.183021402696,-33.8980625065583]},"properties":{"asset_id":"TS04461","TreeType":"Street Tree","SpeciesName":"Tristaniopsis laurina","CommonName":"Water Gum","TreeHeight":6,"TreeCanopyNS":5,"Tree_Status":"Tree","Tree_Age":"Mature","DBH_in_cm":23,"Locality":"Erskineville Neighbourhood North","ParkName":"Not applicable","OBJECTID":11550}},{"type":"Feature","id":10554,"geometry":{"type":"Point","coordinates":[151.18827957385,-33.8937415752178]},"properties":{"asset_id":"TS08147","TreeType":"Street Tree","SpeciesName":"Melaleuca quinquenervia","CommonName":"Broad Leaf Paperbark","TreeHeight":13,"TreeCanopyNS":10,"Tree_Status":"Tree","Tree_Age":"Mature","DBH_in_cm":70,"Locality":"Darlington and West Redfern","ParkName":"Not applicable","OBJECTID":10554}},{"type":"Feature","id":19445,"geometry":{"type":"Point","coordinates":[151.18908530219,-33.8917602272612]},"properties":{"asset_id":"TS01564","TreeType":"Street Tree","SpeciesName":"Liriodendron tulipifera","CommonName":"Tulip Tree","TreeHeight":4,"TreeCanopyNS":3,"Tree_Status":"Tree","Tree_Age":"Semi-Mature","DBH_in_cm":13,"Locality":"University of Sydney and Royal Prince Alfred Hospital","ParkName":"Not applicable","OBJECTID":19445}},{"type":"Feature","id":47076,"geometry":{"type":"Point","coordinates":[151.188178130169,-33.8917180303111]},"properties":{"asset_id":"TS26347","TreeType":"Street Tree","SpeciesName":"Lophostemon confertus","CommonName":"Brush Box","TreeHeight":4,"TreeCanopyNS":1,"Tree_Status":"Tree","Tree_Age":"Semi-Mature","DBH_in_cm":6,"Locality":"University of Sydney and Royal Prince Alfred Hospital","ParkName":"Not applicable","OBJECTID":47076}},{"type":"Feature","id":9366,"geometry":{"type":"Point","coordinates":[151.179721867399,-33.8910955886999]},"properties":{"asset_id":"TS23429","TreeType":"Street Tree","SpeciesName":"Platanus acerifolia","CommonName":"London Plane","TreeHeight":20,"TreeCanopyNS":15,"Tree_Status":"Tree","Tree_Age":"Mature","DBH_in_cm":70,"Locality":"North Newtown","ParkName":"Not applicable","OBJECTID":9366}},{"type":"Feature","id":12120,"geometry":{"type":"Point","coordinates":[151.181581599493,-33.8914704075876]},"properties":{"asset_id":"TS23453","TreeType":"Street Tree","SpeciesName":"Platanus acerifolia","CommonName":"London Plane","TreeHeight":16,"TreeCanopyNS":12,"Tree_Status":"Tree","Tree_Age":"Mature","DBH_in_cm":38,"Locality":"Camperdown","ParkName":"Not applicable","OBJECTID":12120}},{"type":"Feature","id":11788,"geometry":{"type":"Point","coordinates":[151.183054477123,-33.8970438543903]},"properties":{"asset_id":"TS06095","TreeType":"Street Tree","SpeciesName":"Fraxinus griffithii","CommonName":"Evergreen Ash","TreeHeight":5,"TreeCanopyNS":4,"Tree_Status":"Tree","Tree_Age":"Mature","DBH_in_cm":14,"Locality":"North Newtown","ParkName":"Not applicable","OBJECTID":11788}},{"type":"Feature","id":9844,"geometry":{"type":"Point","coordinates":[151.178392342948,-33.8895339669068]},"properties":{"asset_id":"TS24437","TreeType":"Street Tree","SpeciesName":"Waterhousea floribunda","CommonName":"Weeping Lilly Pilly","TreeHeight":8,"TreeCanopyNS":8,"Tree_Status":"Tree","Tree_Age":"Mature","DBH_in_cm":42,"Locality":"Camperdown","ParkName":"Not applicable","OBJECTID":9844}},{"type":"Feature","id":6069,"geometry":{"type":"Point","coordinates":[151.178897928762,-33.8902108908531]},"properties":{"asset_id":"TS23692","TreeType":"Street Tree","SpeciesName":"Ulmus parvifolia","CommonName":"Chinese Elm","TreeHeight":9,"TreeCanopyNS":11,"Tree_Status":"Tree","Tree_Age":"Mature","DBH_in_cm":40,"Locality":"Camperdown","ParkName":"Not applicable","OBJECTID":6069}},{"type":"Feature","id":11147,"geometry":{"type":"Point","coordinates":[151.179706294571,-33.8919301843301]},"properties":{"asset_id":"TS00813","TreeType":"Street Tree","SpeciesName":"Tristaniopsis laurina","CommonName":"Water Gum","TreeHeight":7,"TreeCanopyNS":3,"Tree_Status":"Tree","Tree_Age":"Semi-Mature","DBH_in_cm":15,"Locality":"North Newtown","ParkName":"Not applicable","OBJECTID":11147}},{"type":"Feature","id":12143,"geometry":{"type":"Point","coordinates":[151.183052110643,-33.8913189759915]},"properties":{"asset_id":"TS23479","TreeType":"Street Tree","SpeciesName":"Jacaranda mimosifolia","CommonName":"Jacaranda","TreeHeight":8,"TreeCanopyNS":6,"Tree_Status":"Tree","Tree_Age":"Semi-Mature","DBH_in_cm":26,"Locality":"University of Sydney and Royal Prince Alfred Hospital","ParkName":"Not applicable","OBJECTID":12143}},{"type":"Feature","id":39365,"geometry":{"type":"Point","coordinates":[151.184246400691,-33.8971482701051]},"properties":{"asset_id":"TS35122","TreeType":"Street Tree","SpeciesName":"Populus simonii","CommonName":"Simon Poplar","TreeHeight":11,"TreeCanopyNS":5,"Tree_Status":"Tree","Tree_Age":"Mature","DBH_in_cm":28,"Locality":"Erskineville Neighbourhood North","ParkName":"Not applicable","OBJECTID":39365}},{"type":"Feature","id":26701,"geometry":{"type":"Point","coordinates":[151.184484538806,-33.8942802964244]},"properties":{"asset_id":"TP01564","TreeType":"Park Tree","SpeciesName":"Casuarina cunninghamiana","CommonName":"River She Oak","TreeHeight":18,"TreeCanopyNS":10,"Tree_Status":"Tree","Tree_Age":"Mature","DBH_in_cm":68,"Locality":"North Newtown","ParkName":"Michael Kelly Rest Area","OBJECTID":26701}},{"type":"Feature","id":27033,"geometry":{"type":"Point","coordinates":[151.184994002797,-33.895191073284]},"properties":{"asset_id":"TP01596","TreeType":"Park Tree","SpeciesName":"Pistacia chinensis","CommonName":"Chinese Pistacia","TreeHeight":5,"TreeCanopyNS":5,"Tree_Status":"Tree","Tree_Age":"Semi-Mature","DBH_in_cm":11,"Locality":"North Newtown","ParkName":"Jack Haynes Rest Area","OBJECTID":27033}},{"type":"Feature","id":27795,"geometry":{"type":"Point","coordinates":[151.18611340912,-33.8945777026456]},"properties":{"asset_id":"TP02211","TreeType":"Park Tree","SpeciesName":"Taxodium distichum","CommonName":"Bald Cypress","TreeHeight":13,"TreeCanopyNS":7,"Tree_Status":"Tree","Tree_Age":"Semi-Mature","DBH_in_cm":33,"Locality":"North Newtown","ParkName":"Hollis Park","OBJECTID":27795}},{"type":"Feature","id":14135,"geometry":{"type":"Point","coordinates":[151.189737018938,-33.8938465061558]},"properties":{"asset_id":"TS17327","TreeType":"Street Tree","SpeciesName":"Fraxinus griffithii","CommonName":"Evergreen Ash","TreeHeight":5,"TreeCanopyNS":5,"Tree_Status":"Tree","Tree_Age":"Mature","DBH_in_cm":21,"Locality":"Darlington and West Redfern","ParkName":"Not applicable","OBJECTID":14135}},{"type":"Feature","id":7729,"geometry":{"type":"Point","coordinates":[151.180989905161,-33.8880187562759]},"properties":{"asset_id":"TS22147","TreeType":"Street Tree","SpeciesName":"Flindersia australis","CommonName":"Crows Ash","TreeHeight":5,"TreeCanopyNS":2,"Tree_Status":"Tree","Tree_Age":"Semi-Mature","DBH_in_cm":11,"Locality":"University of Sydney and Royal Prince Alfred Hospital","ParkName":"Not applicable","OBJECTID":7729}},{"type":"Feature","id":24732,"geometry":{"type":"Point","coordinates":[151.189210538573,-33.8934981811175]},"properties":{"asset_id":"TS17309","TreeType":"Street Tree","SpeciesName":"Fraxinus oxycarpa Raywoodii","CommonName":"Claret Ash","TreeHeight":9,"TreeCanopyNS":5,"Tree_Status":"Tree","Tree_Age":"Mature","DBH_in_cm":21,"Locality":"Darlington and West Redfern","ParkName":"Not applicable","OBJECTID":24732}},{"type":"Feature","id":999,"geometry":{"type":"Point","coordinates":[151.186943700613,-33.8913517953098]},"properties":{"asset_id":"TS23501","TreeType":"Street Tree","SpeciesName":"Jacaranda mimosifolia","CommonName":"Jacaranda","TreeHeight":11,"TreeCanopyNS":13,"Tree_Status":"Tree","Tree_Age":"Mature","DBH_in_cm":56,"Locality":"University of Sydney and Royal Prince Alfred Hospital","ParkName":"Not applicable","OBJECTID":999}},{"type":"Feature","id":39388,"geometry":{"type":"Point","coordinates":[151.184693512807,-33.8969863270013]},"properties":{"asset_id":"TS35137","TreeType":"Street Tree","SpeciesName":"Callistemon viminalis","CommonName":"Weeping Bottlebrush","TreeHeight":8,"TreeCanopyNS":4,"Tree_Status":"Tree","Tree_Age":"Mature","DBH_in_cm":31,"Locality":"Erskineville Neighbourhood North","ParkName":"Not applicable","OBJECTID":39388}},{"type":"Feature","id":13657,"geometry":{"type":"Point","coordinates":[151.188255495153,-33.8941335662602]},"properties":{"asset_id":"TS08172","TreeType":"Street Tree","SpeciesName":"Lophostemon confertus","CommonName":"Brush Box","TreeHeight":12,"TreeCanopyNS":10,"Tree_Status":"Tree","Tree_Age":"Mature","DBH_in_cm":78,"Locality":"North Newtown","ParkName":"Not applicable","OBJECTID":13657}},{"type":"Feature","id":13093,"geometry":{"type":"Point","coordinates":[151.183597190008,-33.898920884651]},"properties":{"asset_id":"TS14057","TreeType":"Street Tree","SpeciesName":"Gleditsia trican Shademaster","CommonName":"Honey Locust","TreeHeight":10,"TreeCanopyNS":8,"Tree_Status":"Tree","Tree_Age":"Mature","DBH_in_cm":36,"Locality":"Erskineville Neighbourhood North","ParkName":"Not applicable","OBJECTID":13093}},{"type":"Feature","id":18921,"geometry":{"type":"Point","coordinates":[151.181521751017,-33.8920433880033]},"properties":{"asset_id":"TS03650","TreeType":"Street Tree","SpeciesName":"Callistemon viminalis","CommonName":"Weeping Bottlebrush","TreeHeight":7,"TreeCanopyNS":3,"Tree_Status":"Tree","Tree_Age":"Mature","DBH_in_cm":36,"Locality":"North Newtown","ParkName":"Not applicable","OBJECTID":18921}},{"type":"Feature","id":10763,"geometry":{"type":"Point","coordinates":[151.187312321217,-33.8949023047012]},"properties":{"asset_id":"TS09469","TreeType":"Street Tree","SpeciesName":"Platanus acerifolia","CommonName":"London Plane","TreeHeight":8,"TreeCanopyNS":7,"Tree_Status":"Tree","Tree_Age":"Semi-Mature","DBH_in_cm":13,"Locality":"North Newtown","ParkName":"Not applicable","OBJECTID":10763}},{"type":"Feature","id":13634,"geometry":{"type":"Point","coordinates":[151.187956887649,-33.8933184227265]},"properties":{"asset_id":"TS08163","TreeType":"Street Tree","SpeciesName":"Melaleuca quinquenervia","CommonName":"Broad Leaf Paperbark","TreeHeight":10,"TreeCanopyNS":11,"Tree_Status":"Tree","Tree_Age":"Mature","DBH_in_cm":57,"Locality":"North Newtown","ParkName":"Not applicable","OBJECTID":13634}},{"type":"Feature","id":12876,"geometry":{"type":"Point","coordinates":[151.18561323995,-33.8988730536397]},"properties":{"asset_id":"TS06174","TreeType":"Street Tree","SpeciesName":"Melaleuca quinquenervia","CommonName":"Broad Leaf Paperbark","TreeHeight":16,"TreeCanopyNS":12,"Tree_Status":"Tree","Tree_Age":"Mature","DBH_in_cm":140,"Locality":"Erskineville Neighbourhood North","ParkName":"Not applicable","OBJECTID":12876}},{"type":"Feature","id":12114,"geometry":{"type":"Point","coordinates":[151.181664076353,-33.8914766749468]},"properties":{"asset_id":"TS23450","TreeType":"Street Tree","SpeciesName":"Platanus acerifolia","CommonName":"London Plane","TreeHeight":13,"TreeCanopyNS":8,"Tree_Status":"Tree","Tree_Age":"Mature","DBH_in_cm":27,"Locality":"Camperdown","ParkName":"Not applicable","OBJECTID":12114}},{"type":"Feature","id":28267,"geometry":{"type":"Point","coordinates":[151.182003422915,-33.8978783182994]},"properties":{"asset_id":"TP03879","TreeType":"Park Tree","SpeciesName":"Corymbia maculata","CommonName":"Spotted Gum","TreeHeight":6,"TreeCanopyNS":2,"Tree_Status":"Tree","Tree_Age":"Semi-Mature","DBH_in_cm":11,"Locality":"Erskineville Neighbourhood North","ParkName":"Green Ban Park","OBJECTID":28267}},{"type":"Feature","id":13611,"geometry":{"type":"Point","coordinates":[151.187441760424,-33.8956991796844]},"properties":{"asset_id":"TS29406","TreeType":"Street Tree","SpeciesName":"Jacaranda mimosifolia","CommonName":"Jacaranda","TreeHeight":7,"TreeCanopyNS":6,"Tree_Status":"Tree","Tree_Age":"Mature","DBH_in_cm":33,"Locality":"North Newtown","ParkName":"Not applicable","OBJECTID":13611}},{"type":"Feature","id":12383,"geometry":{"type":"Point","coordinates":[151.180149033291,-33.8987771911957]},"properties":{"asset_id":"TS11775","TreeType":"Street Tree","SpeciesName":"Pistacia chinensis","CommonName":"Chinese Pistacia","TreeHeight":8,"TreeCanopyNS":7,"Tree_Status":"Tree","Tree_Age":"Mature","DBH_in_cm":28,"Locality":"Erskineville Neighbourhood South","ParkName":"Not applicable","OBJECTID":12383}},{"type":"Feature","id":16883,"geometry":{"type":"Point","coordinates":[151.188829471694,-33.8924811908754]},"properties":{"asset_id":"TS08727","TreeType":"Street Tree","SpeciesName":"Lophostemon confertus","CommonName":"Brush Box","TreeHeight":8,"TreeCanopyNS":6,"Tree_Status":"Tree","Tree_Age":"Mature","DBH_in_cm":28,"Locality":"Darlington and West Redfern","ParkName":"Not applicable","OBJECTID":16883}},{"type":"Feature","id":22834,"geometry":{"type":"Point","coordinates":[151.182480132932,-33.8909664348543]},"properties":{"asset_id":"TS31721","TreeType":"Street Tree","SpeciesName":"Flindersia australis","CommonName":"Crows Ash","TreeHeight":5,"TreeCanopyNS":1,"Tree_Status":"Tree","Tree_Age":"Semi-Mature","DBH_in_cm":9,"Locality":"Camperdown","ParkName":"Not applicable","OBJECTID":22834}},{"type":"Feature","id":7735,"geometry":{"type":"Point","coordinates":[151.182521641613,-33.8906153706733]},"properties":{"asset_id":"TS22164","TreeType":"Street Tree","SpeciesName":"Flindersia australis","CommonName":"Crows Ash","TreeHeight":7,"TreeCanopyNS":6,"Tree_Status":"Tree","Tree_Age":"Semi-Mature","DBH_in_cm":24,"Locality":"University of Sydney and Royal Prince Alfred Hospital","ParkName":"Not applicable","OBJECTID":7735}},{"type":"Feature","id":12137,"geometry":{"type":"Point","coordinates":[151.179950064708,-33.8910169933038]},"properties":{"asset_id":"TS23462","TreeType":"Street Tree","SpeciesName":"Platanus acerifolia","CommonName":"London Plane","TreeHeight":15,"TreeCanopyNS":11,"Tree_Status":"Tree","Tree_Age":"Mature","DBH_in_cm":42,"Locality":"Camperdown","ParkName":"Not applicable","OBJECTID":12137}},{"type":"Feature","id":27039,"geometry":{"type":"Point","coordinates":[151.185113502524,-33.8976449218773]},"properties":{"asset_id":"TP06645","TreeType":"Park Tree","SpeciesName":"Liquidambar styraciflua","CommonName":"Liquidamber or Sweet Gum","TreeHeight":5,"TreeCanopyNS":3,"Tree_Status":"Tree","Tree_Age":"Semi-Mature","DBH_in_cm":13,"Locality":"Erskineville Neighbourhood North","ParkName":"Burren Street Reserve Playground","OBJECTID":27039}},{"type":"Feature","id":12924,"geometry":{"type":"Point","coordinates":[151.186665149632,-33.8955048758907]},"properties":{"asset_id":"TS13389","TreeType":"Street Tree","SpeciesName":"Liquidambar styraciflua","CommonName":"Liquidamber or Sweet Gum","TreeHeight":15,"TreeCanopyNS":16,"Tree_Status":"Tree","Tree_Age":"Mature","DBH_in_cm":82,"Locality":"North Newtown","ParkName":"Not applicable","OBJECTID":12924}},{"type":"Feature","id":10932,"geometry":{"type":"Point","coordinates":[151.18625106054,-33.8961198034226]},"properties":{"asset_id":"TS10376","TreeType":"Street Tree","SpeciesName":"Tristaniopsis laurina","CommonName":"Water Gum","TreeHeight":8,"TreeCanopyNS":7,"Tree_Status":"Tree","Tree_Age":"Mature","DBH_in_cm":48,"Locality":"North Newtown","ParkName":"Not applicable","OBJECTID":10932}},{"type":"Feature","id":25465,"geometry":{"type":"Point","coordinates":[151.18194347396,-33.895659347525]},"properties":{"asset_id":"TP00003","TreeType":"Park Tree","SpeciesName":"Caesalpinia ferrea","CommonName":"Leopard Tree","TreeHeight":8,"TreeCanopyNS":6,"Tree_Status":"Tree","Tree_Age":"Mature","DBH_in_cm":18,"Locality":"North Newtown","ParkName":"WJ Thurbon Reserve","OBJECTID":25465}},{"type":"Feature","id":22903,"geometry":{"type":"Point","coordinates":[151.178472539734,-33.8896422789935]},"properties":{"asset_id":"TS24443","TreeType":"Street Tree","SpeciesName":"Waterhousea flori. 'Green Ave'","CommonName":"Weeping Lilly Pilly","TreeHeight":7,"TreeCanopyNS":5,"Tree_Status":"Tree","Tree_Age":"Semi-Mature","DBH_in_cm":18,"Locality":"Camperdown","ParkName":"Not applicable","OBJECTID":22903}},{"type":"Feature","id":46452,"geometry":{"type":"Point","coordinates":[151.1801029195,-33.8917058326417]},"properties":{"asset_id":"TS24218","TreeType":"Street Tree","SpeciesName":"Tristaniopsis 'Luscious'","CommonName":"Water Gum","TreeHeight":4,"TreeCanopyNS":3,"Tree_Status":"Tree","Tree_Age":"Semi-Mature","DBH_in_cm":10,"Locality":"North Newtown","ParkName":"Not applicable","OBJECTID":46452}},{"type":"Feature","id":14496,"geometry":{"type":"Point","coordinates":[151.182366892574,-33.8936023383141]},"properties":{"asset_id":"TS03458","TreeType":"Street Tree","SpeciesName":"Tristaniopsis laurina","CommonName":"Water Gum","TreeHeight":6,"TreeCanopyNS":3,"Tree_Status":"Tree","Tree_Age":"Semi-Mature","DBH_in_cm":15,"Locality":"North Newtown","ParkName":"Not applicable","OBJECTID":14496}},{"type":"Feature","id":14828,"geometry":{"type":"Point","coordinates":[151.184356865805,-33.8955744779453]},"properties":{"asset_id":"TS15247","TreeType":"Street Tree","SpeciesName":"Koelreuteria paniculata","CommonName":"Golden Rain Tree","TreeHeight":6,"TreeCanopyNS":4,"Tree_Status":"Tree","Tree_Age":"Mature","DBH_in_cm":25,"Locality":"North Newtown","ParkName":"Not applicable","OBJECTID":14828}},{"type":"Feature","id":12907,"geometry":{"type":"Point","coordinates":[151.185511938043,-33.8979379952526]},"properties":{"asset_id":"TS06162","TreeType":"Street Tree","SpeciesName":"Melaleuca quinquenervia","CommonName":"Broad Leaf Paperbark","TreeHeight":14,"TreeCanopyNS":11,"Tree_Status":"Tree","Tree_Age":"Mature","DBH_in_cm":72,"Locality":"Erskineville Neighbourhood North","ParkName":"Not applicable","OBJECTID":12907}},{"type":"Feature","id":21065,"geometry":{"type":"Point","coordinates":[151.183107339367,-33.8942360015575]},"properties":{"asset_id":"TS15006","TreeType":"Street Tree","SpeciesName":"Melaleuca quinquenervia","CommonName":"Broad Leaf Paperbark","TreeHeight":11,"TreeCanopyNS":10,"Tree_Status":"Tree","Tree_Age":"Mature","DBH_in_cm":73,"Locality":"North Newtown","ParkName":"Not applicable","OBJECTID":21065}},{"type":"Feature","id":15077,"geometry":{"type":"Point","coordinates":[151.18189883984,-33.8971353686492]},"properties":{"asset_id":"TS10449","TreeType":"Street Tree","SpeciesName":"Pistacia chinensis","CommonName":"Chinese Pistacia","TreeHeight":9,"TreeCanopyNS":9,"Tree_Status":"Tree","Tree_Age":"Mature","DBH_in_cm":23,"Locality":"North Newtown","ParkName":"Not applicable","OBJECTID":15077}},{"type":"Feature","id":26544,"geometry":{"type":"Point","coordinates":[151.182204207414,-33.8926522141092]},"properties":{"asset_id":"TP06872","TreeType":"Park Tree","SpeciesName":"Archontophoenix cunninghamiana","CommonName":"Bangalow Palm","TreeHeight":9,"TreeCanopyNS":4,"Tree_Status":"Tree","Tree_Age":"Mature","DBH_in_cm":17,"Locality":"North Newtown","ParkName":"Goddard Reserve","OBJECTID":26544}},{"type":"Feature","id":18718,"geometry":{"type":"Point","coordinates":[151.181978933036,-33.8925624127176]},"properties":{"asset_id":"TS03436","TreeType":"Street Tree","SpeciesName":"Tristaniopsis laurina","CommonName":"Water Gum","TreeHeight":7,"TreeCanopyNS":7,"Tree_Status":"Tree","Tree_Age":"Mature","DBH_in_cm":23,"Locality":"North Newtown","ParkName":"Not applicable","OBJECTID":18718}},{"type":"Feature","id":23673,"geometry":{"type":"Point","coordinates":[151.183409959802,-33.8982755472296]},"properties":{"asset_id":"TS14036","TreeType":"Street Tree","SpeciesName":"Backhousia citriodora","CommonName":"Lemon Scented Myrtle","TreeHeight":6,"TreeCanopyNS":3,"Tree_Status":"Tree","Tree_Age":"Semi-Mature","DBH_in_cm":13,"Locality":"Erskineville Neighbourhood North","ParkName":"Not applicable","OBJECTID":23673}},{"type":"Feature","id":10855,"geometry":{"type":"Point","coordinates":[151.184369435078,-33.8985316314539]},"properties":{"asset_id":"TS09805","TreeType":"Street Tree","SpeciesName":"Tristaniopsis laurina","CommonName":"Water Gum","TreeHeight":5,"TreeCanopyNS":5,"Tree_Status":"Tree","Tree_Age":"Mature","DBH_in_cm":34,"Locality":"Erskineville Neighbourhood North","ParkName":"Not applicable","OBJECTID":10855}},{"type":"Feature","id":10345,"geometry":{"type":"Point","coordinates":[151.184852631991,-33.8956522110818]},"properties":{"asset_id":"TS06196","TreeType":"Street Tree","SpeciesName":"Fraxinus griffithii","CommonName":"Evergreen Ash","TreeHeight":7,"TreeCanopyNS":7,"Tree_Status":"Tree","Tree_Age":"Mature","DBH_in_cm":24,"Locality":"North Newtown","ParkName":"Not applicable","OBJECTID":10345}},{"type":"Feature","id":13394,"geometry":{"type":"Point","coordinates":[151.187612499674,-33.8946671312125]},"properties":{"asset_id":"TS15280","TreeType":"Street Tree","SpeciesName":"Melaleuca quinquenervia","CommonName":"Broad Leaf Paperbark","TreeHeight":12,"TreeCanopyNS":11,"Tree_Status":"Tree","Tree_Age":"Mature","DBH_in_cm":71,"Locality":"North Newtown","ParkName":"Not applicable","OBJECTID":13394}},{"type":"Feature","id":13548,"geometry":{"type":"Point","coordinates":[151.187884851699,-33.8957930780586]},"properties":{"asset_id":"TS29306","TreeType":"Street Tree","SpeciesName":"Melia azedarach","CommonName":"White Cedar","TreeHeight":10,"TreeCanopyNS":18,"Tree_Status":"Tree","Tree_Age":"Mature","DBH_in_cm":41,"Locality":"North Newtown","ParkName":"Not applicable","OBJECTID":13548}},{"type":"Feature","id":12707,"geometry":{"type":"Point","coordinates":[151.178726421611,-33.8910305563762]},"properties":{"asset_id":"TS25478","TreeType":"Street Tree","SpeciesName":"Celtis occidentalis","CommonName":"American Hackberry","TreeHeight":15,"TreeCanopyNS":11,"Tree_Status":"Tree","Tree_Age":"Mature","DBH_in_cm":76,"Locality":"Camperdown","ParkName":"Not applicable","OBJECTID":12707}},{"type":"Feature","id":12870,"geometry":{"type":"Point","coordinates":[151.185548755597,-33.8982060823804]},"properties":{"asset_id":"TS06157","TreeType":"Street Tree","SpeciesName":"Melaleuca quinquenervia","CommonName":"Broad Leaf Paperbark","TreeHeight":17,"TreeCanopyNS":11,"Tree_Status":"Tree","Tree_Age":"Mature","DBH_in_cm":110,"Locality":"Erskineville Neighbourhood North","ParkName":"Not applicable","OBJECTID":12870}},{"type":"Feature","id":15956,"geometry":{"type":"Point","coordinates":[151.182802628506,-33.8968553732431]},"properties":{"asset_id":"TS29298","TreeType":"Street Tree","SpeciesName":"Melaleuca quinquenervia","CommonName":"Broad Leaf Paperbark","TreeHeight":10,"TreeCanopyNS":11,"Tree_Status":"Tree","Tree_Age":"Mature","DBH_in_cm":65,"Locality":"North Newtown","ParkName":"Not applicable","OBJECTID":15956}},{"type":"Feature","id":42917,"geometry":{"type":"Point","coordinates":[151.18132647216,-33.8883304965221]},"properties":{"asset_id":"TS22151","TreeType":"Street Tree","SpeciesName":"Lophostemon confertus","CommonName":"Brush Box","TreeHeight":3,"TreeCanopyNS":1,"Tree_Status":"Tree","Tree_Age":"Young","DBH_in_cm":5,"Locality":"University of Sydney and Royal Prince Alfred Hospital","ParkName":"Not applicable","OBJECTID":42917}},{"type":"Feature","id":37951,"geometry":{"type":"Point","coordinates":[151.187513442127,-33.8987142845481]},"properties":{"asset_id":"TS34981","TreeType":"Street Tree","SpeciesName":"Melaleuca styphelioides","CommonName":"Prickly Paperbark","TreeHeight":5,"TreeCanopyNS":3,"Tree_Status":"Tree","Tree_Age":"Semi-Mature","DBH_in_cm":13,"Locality":"Erskineville Oval","ParkName":"Not applicable","OBJECTID":37951}},{"type":"Feature","id":13348,"geometry":{"type":"Point","coordinates":[151.184878219444,-33.8986439127695]},"properties":{"asset_id":"TS06586","TreeType":"Street Tree","SpeciesName":"Liquidambar styraciflua","CommonName":"Liquidamber or Sweet Gum","TreeHeight":17,"TreeCanopyNS":17,"Tree_Status":"Tree","Tree_Age":"Mature","DBH_in_cm":83,"Locality":"Erskineville Neighbourhood North","ParkName":"Not applicable","OBJECTID":13348}},{"type":"Feature","id":16889,"geometry":{"type":"Point","coordinates":[151.188524865386,-33.8920263842391]},"properties":{"asset_id":"TS08738","TreeType":"Street Tree","SpeciesName":"Eucalyptus microcorys","CommonName":"Tallow Wood","TreeHeight":19,"TreeCanopyNS":19,"Tree_Status":"Tree","Tree_Age":"Mature","DBH_in_cm":85,"Locality":"Darlington and West Redfern","ParkName":"Not applicable","OBJECTID":16889}},{"type":"Feature","id":36611,"geometry":{"type":"Point","coordinates":[151.180335777755,-33.8911381144012]},"properties":{"asset_id":"TS35318","TreeType":"Street Tree","SpeciesName":"Platanus acerifolia","CommonName":"London Plane","TreeHeight":3,"TreeCanopyNS":1,"Tree_Status":"Tree","Tree_Age":"Semi-Mature","DBH_in_cm":4,"Locality":"Camperdown","ParkName":"Not applicable","OBJECTID":36611}},{"type":"Feature","id":13557,"geometry":{"type":"Point","coordinates":[151.185964953431,-33.8960322693195]},"properties":{"asset_id":"TS29314","TreeType":"Street Tree","SpeciesName":"Melaleuca quinquenervia","CommonName":"Broad Leaf Paperbark","TreeHeight":14,"TreeCanopyNS":10,"Tree_Status":"Tree","Tree_Age":"Mature","DBH_in_cm":96,"Locality":"North Newtown","ParkName":"Not applicable","OBJECTID":13557}},{"type":"Feature","id":10938,"geometry":{"type":"Point","coordinates":[151.181446096215,-33.8971854033054]},"properties":{"asset_id":"TS10443","TreeType":"Street Tree","SpeciesName":"Melaleuca quinquenervia","CommonName":"Broad Leaf Paperbark","TreeHeight":14,"TreeCanopyNS":12,"Tree_Status":"Tree","Tree_Age":"Mature","DBH_in_cm":74,"Locality":"North Newtown","ParkName":"Not applicable","OBJECTID":10938}},{"type":"Feature","id":46558,"geometry":{"type":"Point","coordinates":[151.183136400943,-33.8979582493514]},"properties":{"asset_id":"TS41643","TreeType":"Street Tree","SpeciesName":"Tristaniopsis 'Luscious'","CommonName":"Water Gum","TreeHeight":3,"TreeCanopyNS":1,"Tree_Status":"Tree","Tree_Age":"Young","DBH_in_cm":5,"Locality":"Erskineville Neighbourhood North","ParkName":"Not applicable","OBJECTID":46558}},{"type":"Feature","id":40939,"geometry":{"type":"Point","coordinates":[151.189675239954,-33.8981454350031]},"properties":{"asset_id":"TS37279","TreeType":"Street Tree","SpeciesName":"Dypsis lutescens","CommonName":"Golden Cane Palm","TreeHeight":5,"TreeCanopyNS":3,"Tree_Status":"Tree","Tree_Age":"Semi-Mature","DBH_in_cm":12,"Locality":"Erskineville Oval","ParkName":"Not applicable","OBJECTID":40939}},{"type":"Feature","id":33955,"geometry":{"type":"Point","coordinates":[151.188780144025,-33.8979789793429]},"properties":{"asset_id":"TP04164","TreeType":"Park Tree","SpeciesName":"Casuarina glauca","CommonName":"Swamp Oak","TreeHeight":16,"TreeCanopyNS":6,"Tree_Status":"Tree","Tree_Age":"Mature","DBH_in_cm":48,"Locality":null,"ParkName":"South Sydney Rotary Park #1","OBJECTID":33955}},{"type":"Feature","id":28651,"geometry":{"type":"Point","coordinates":[151.179164884817,-33.8985682308079]},"properties":{"asset_id":"TS33419","TreeType":"Street Tree","SpeciesName":"Hymenosporum flavum","CommonName":"Australian Frangipani","TreeHeight":10,"TreeCanopyNS":4,"Tree_Status":"Tree","Tree_Age":"Mature","DBH_in_cm":19,"Locality":"Erskineville Neighbourhood South","ParkName":"Not applicable","OBJECTID":28651}},{"type":"Feature","id":5090,"geometry":{"type":"Point","coordinates":[151.17841183975,-33.8909815389554]},"properties":{"asset_id":"TS25091","TreeType":"Street Tree","SpeciesName":"Lophostemon confertus","CommonName":"Brush Box","TreeHeight":13,"TreeCanopyNS":10,"Tree_Status":"Tree","Tree_Age":"Mature","DBH_in_cm":48,"Locality":"Camperdown","ParkName":"Not applicable","OBJECTID":5090}},{"type":"Feature","id":7752,"geometry":{"type":"Point","coordinates":[151.182969173472,-33.8918186663327]},"properties":{"asset_id":"TS22187","TreeType":"Street Tree","SpeciesName":"Flindersia australis","CommonName":"Crows Ash","TreeHeight":5,"TreeCanopyNS":4,"Tree_Status":"Tree","Tree_Age":"Semi-Mature","DBH_in_cm":20,"Locality":"North Newtown","ParkName":"Not applicable","OBJECTID":7752}},{"type":"Feature","id":41042,"geometry":{"type":"Point","coordinates":[151.183072995598,-33.8914609466704]},"properties":{"asset_id":"TS23513","TreeType":"Street Tree","SpeciesName":"Jacaranda mimosifolia","CommonName":"Jacaranda","TreeHeight":3,"TreeCanopyNS":1,"Tree_Status":"Tree","Tree_Age":"Young","DBH_in_cm":5,"Locality":"North Newtown","ParkName":"Not applicable","OBJECTID":41042}},{"type":"Feature","id":14736,"geometry":{"type":"Point","coordinates":[151.18357516825,-33.89539099079]},"properties":{"asset_id":"TS15021","TreeType":"Street Tree","SpeciesName":"Melaleuca quinquenervia","CommonName":"Broad Leaf Paperbark","TreeHeight":12,"TreeCanopyNS":8,"Tree_Status":"Tree","Tree_Age":"Mature","DBH_in_cm":55,"Locality":"North Newtown","ParkName":"Not applicable","OBJECTID":14736}},{"type":"Feature","id":12916,"geometry":{"type":"Point","coordinates":[151.185613215975,-33.8977921439001]},"properties":{"asset_id":"TS06165","TreeType":"Street Tree","SpeciesName":"Fraxinus griffithii","CommonName":"Evergreen Ash","TreeHeight":9,"TreeCanopyNS":9,"Tree_Status":"Tree","Tree_Age":"Mature","DBH_in_cm":31,"Locality":"Erskineville Neighbourhood North","ParkName":"Not applicable","OBJECTID":12916}},{"type":"Feature","id":4503,"geometry":{"type":"Point","coordinates":[151.182120836688,-33.8981646387466]},"properties":{"asset_id":"TS04457","TreeType":"Street Tree","SpeciesName":"Tristaniopsis laurina","CommonName":"Water Gum","TreeHeight":6,"TreeCanopyNS":4,"Tree_Status":"Tree","Tree_Age":"Semi-Mature","DBH_in_cm":12,"Locality":"Erskineville Road Village Centre","ParkName":"Not applicable","OBJECTID":4503}},{"type":"Feature","id":28307,"geometry":{"type":"Point","coordinates":[151.18175545219,-33.8978993650904]},"properties":{"asset_id":"TP03857","TreeType":"Park Tree","SpeciesName":"Elaeocarpus reticulatus","CommonName":"Blueberry Ash","TreeHeight":5,"TreeCanopyNS":5,"Tree_Status":"Tree","Tree_Age":"Mature","DBH_in_cm":18,"Locality":"Erskineville Neighbourhood North","ParkName":"Green Ban Park","OBJECTID":28307}},{"type":"Feature","id":13408,"geometry":{"type":"Point","coordinates":[151.188745619288,-33.8943142690495]},"properties":{"asset_id":"TS15294","TreeType":"Street Tree","SpeciesName":"Lophostemon confertus","CommonName":"Brush Box","TreeHeight":8,"TreeCanopyNS":5,"Tree_Status":"Tree","Tree_Age":"Mature","DBH_in_cm":35,"Locality":"Darlington and West Redfern","ParkName":"Not applicable","OBJECTID":13408}},{"type":"Feature","id":15323,"geometry":{"type":"Point","coordinates":[151.189146155107,-33.8984713888834]},"properties":{"asset_id":"TS12139","TreeType":"Street Tree","SpeciesName":"Lophostemon confertus","CommonName":"Brush Box","TreeHeight":17,"TreeCanopyNS":13,"Tree_Status":"Tree","Tree_Age":"Mature","DBH_in_cm":68,"Locality":"Erskineville Oval","ParkName":"Not applicable","OBJECTID":15323}},{"type":"Feature","id":15317,"geometry":{"type":"Point","coordinates":[151.189265173726,-33.8988108387409]},"properties":{"asset_id":"TS12157","TreeType":"Street Tree","SpeciesName":"Lophostemon confertus","CommonName":"Brush Box","TreeHeight":13,"TreeCanopyNS":7,"Tree_Status":"Tree","Tree_Age":"Mature","DBH_in_cm":45,"Locality":"Erskineville Oval","ParkName":"Not applicable","OBJECTID":15317}},{"type":"Feature","id":48565,"geometry":{"type":"Point","coordinates":[151.189434324576,-33.89149501786]},"properties":{"asset_id":"TS01572","TreeType":"Street Tree","SpeciesName":"Liriodendron tulipifera","CommonName":"Tulip Tree","TreeHeight":4,"TreeCanopyNS":2,"Tree_Status":"Tree","Tree_Age":"Semi-Mature","DBH_in_cm":7,"Locality":"University of Sydney and Royal Prince Alfred Hospital","ParkName":"Not applicable","OBJECTID":48565}},{"type":"Feature","id":45276,"geometry":{"type":"Point","coordinates":[151.189021201399,-33.8934061254284]},"properties":{"asset_id":"TS44903","TreeType":"Street Tree","SpeciesName":"Fraxinus pennsylvanica","CommonName":"Green Ash","TreeHeight":3,"TreeCanopyNS":1,"Tree_Status":"Tree","Tree_Age":"Young","DBH_in_cm":4,"Locality":"Darlington and West Redfern","ParkName":"Not applicable","OBJECTID":45276}},{"type":"Feature","id":6810,"geometry":{"type":"Point","coordinates":[151.184023418169,-33.8924872513085]},"properties":{"asset_id":"TS00887","TreeType":"Street Tree","SpeciesName":"Liriodendron tulipifera","CommonName":"Tulip Tree","TreeHeight":6,"TreeCanopyNS":5,"Tree_Status":"Tree","Tree_Age":"Semi-Mature","DBH_in_cm":25,"Locality":"University of Sydney and Royal Prince Alfred Hospital","ParkName":"Not applicable","OBJECTID":6810}},{"type":"Feature","id":6816,"geometry":{"type":"Point","coordinates":[151.183406519754,-33.8926462375192]},"properties":{"asset_id":"TS00882","TreeType":"Street Tree","SpeciesName":"Liriodendron tulipifera","CommonName":"Tulip Tree","TreeHeight":10,"TreeCanopyNS":8,"Tree_Status":"Tree","Tree_Age":"Mature","DBH_in_cm":47,"Locality":"University of Sydney and Royal Prince Alfred Hospital","ParkName":"Not applicable","OBJECTID":6816}},{"type":"Feature","id":38237,"geometry":{"type":"Point","coordinates":[151.183113854622,-33.8925677979744]},"properties":{"asset_id":"TS35311","TreeType":"Street Tree","SpeciesName":"Flindersia australis","CommonName":"Crows Ash","TreeHeight":7,"TreeCanopyNS":4,"Tree_Status":"Tree","Tree_Age":"Semi-Mature","DBH_in_cm":16,"Locality":"University of Sydney and Royal Prince Alfred Hospital","ParkName":"Not applicable","OBJECTID":38237}},{"type":"Feature","id":13302,"geometry":{"type":"Point","coordinates":[151.184039602558,-33.8964567466674]},"properties":{"asset_id":"TS15055","TreeType":"Street Tree","SpeciesName":"Jacaranda mimosifolia","CommonName":"Jacaranda","TreeHeight":12,"TreeCanopyNS":11,"Tree_Status":"Tree","Tree_Age":"Mature","DBH_in_cm":42,"Locality":"North Newtown","ParkName":"Not applicable","OBJECTID":13302}},{"type":"Feature","id":13308,"geometry":{"type":"Point","coordinates":[151.18397212942,-33.8964974119065]},"properties":{"asset_id":"TS15031","TreeType":"Street Tree","SpeciesName":"Melaleuca quinquenervia","CommonName":"Broad Leaf Paperbark","TreeHeight":12,"TreeCanopyNS":9,"Tree_Status":"Tree","Tree_Age":"Mature","DBH_in_cm":74,"Locality":"North Newtown","ParkName":"Not applicable","OBJECTID":13308}},{"type":"Feature","id":25456,"geometry":{"type":"Point","coordinates":[151.182108486607,-33.8956032607249]},"properties":{"asset_id":"TP00013","TreeType":"Park Tree","SpeciesName":"Robinia pseudoacacia 'Frisia'","CommonName":"Golden Robinia","TreeHeight":9,"TreeCanopyNS":11,"Tree_Status":"Tree","Tree_Age":"Mature","DBH_in_cm":42,"Locality":"North Newtown","ParkName":"WJ Thurbon Reserve","OBJECTID":25456}},{"type":"Feature","id":46942,"geometry":{"type":"Point","coordinates":[151.183220387785,-33.8970372846135]},"properties":{"asset_id":"TS40447","TreeType":"Street Tree","SpeciesName":"Fraxinus griffithii","CommonName":"Evergreen Ash","TreeHeight":4,"TreeCanopyNS":2,"Tree_Status":"Tree","Tree_Age":"Semi-Mature","DBH_in_cm":6,"Locality":"North Newtown","ParkName":"Not applicable","OBJECTID":46942}},{"type":"Feature","id":33915,"geometry":{"type":"Point","coordinates":[151.189268798406,-33.8977086106764]},"properties":{"asset_id":"TP04193","TreeType":"Park Tree","SpeciesName":"Platanus acerifolia","CommonName":"London Plane","TreeHeight":13,"TreeCanopyNS":9,"Tree_Status":"Tree","Tree_Age":"Mature","DBH_in_cm":33,"Locality":null,"ParkName":"South Sydney Rotary Park #1","OBJECTID":33915}},{"type":"Feature","id":33909,"geometry":{"type":"Point","coordinates":[151.18901212494,-33.898003220878]},"properties":{"asset_id":"TP04200","TreeType":"Park Tree","SpeciesName":"Liquidambar styraciflua","CommonName":"Liquidamber or Sweet Gum","TreeHeight":7,"TreeCanopyNS":4,"Tree_Status":"Tree","Tree_Age":"Semi-Mature","DBH_in_cm":15,"Locality":null,"ParkName":"South Sydney Rotary Park #1","OBJECTID":33909}},{"type":"Feature","id":15964,"geometry":{"type":"Point","coordinates":[151.188348714768,-33.898529365032]},"properties":{"asset_id":"TS29374","TreeType":"Street Tree","SpeciesName":"Lophostemon confertus","CommonName":"Brush Box","TreeHeight":12,"TreeCanopyNS":5,"Tree_Status":"Tree","Tree_Age":"Mature","DBH_in_cm":35,"Locality":"Erskineville Oval","ParkName":"Not applicable","OBJECTID":15964}},{"type":"Feature","id":9372,"geometry":{"type":"Point","coordinates":[151.187819286583,-33.8912052540714]},"properties":{"asset_id":"TS23499","TreeType":"Street Tree","SpeciesName":"Liquidambar styraciflua","CommonName":"Liquidamber or Sweet Gum","TreeHeight":14,"TreeCanopyNS":15,"Tree_Status":"Tree","Tree_Age":"Mature","DBH_in_cm":50,"Locality":"University of Sydney and Royal Prince Alfred Hospital","ParkName":"Not applicable","OBJECTID":9372}},{"type":"Feature","id":27025,"geometry":{"type":"Point","coordinates":[151.184838886629,-33.8950150229319]},"properties":{"asset_id":"TP01992","TreeType":"Park Tree","SpeciesName":"Jacaranda mimosifolia","CommonName":"Jacaranda","TreeHeight":13,"TreeCanopyNS":11,"Tree_Status":"Tree","Tree_Age":"Mature","DBH_in_cm":39,"Locality":"North Newtown","ParkName":"Jack Haynes Rest Area","OBJECTID":27025}},{"type":"Feature","id":12861,"geometry":{"type":"Point","coordinates":[151.185567217166,-33.8984320585668]},"properties":{"asset_id":"TS06154","TreeType":"Street Tree","SpeciesName":"Koelreuteria paniculata","CommonName":"Golden Rain Tree","TreeHeight":7,"TreeCanopyNS":9,"Tree_Status":"Tree","Tree_Age":"Mature","DBH_in_cm":35,"Locality":"Erskineville Neighbourhood North","ParkName":"Not applicable","OBJECTID":12861}},{"type":"Feature","id":11782,"geometry":{"type":"Point","coordinates":[151.182518340784,-33.8951025348538]},"properties":{"asset_id":"TS06065","TreeType":"Street Tree","SpeciesName":"Tristaniopsis laurina","CommonName":"Water Gum","TreeHeight":6,"TreeCanopyNS":3,"Tree_Status":"Tree","Tree_Age":"Semi-Mature","DBH_in_cm":19,"Locality":"North Newtown","ParkName":"Not applicable","OBJECTID":11782}},{"type":"Feature","id":38586,"geometry":{"type":"Point","coordinates":[151.182566926213,-33.8969252062295]},"properties":{"asset_id":"TS35349","TreeType":"Street Tree","SpeciesName":"Pistacia chinensis","CommonName":"Chinese Pistacia","TreeHeight":5,"TreeCanopyNS":1,"Tree_Status":"Tree","Tree_Age":"Young","DBH_in_cm":5,"Locality":"North Newtown","ParkName":"Not applicable","OBJECTID":38586}},{"type":"Feature","id":41781,"geometry":{"type":"Point","coordinates":[151.17869153519,-33.8897064747054]},"properties":{"asset_id":"TS40841","TreeType":"Street Tree","SpeciesName":"Corymbia maculata","CommonName":"Spotted Gum","TreeHeight":10,"TreeCanopyNS":4,"Tree_Status":"Tree","Tree_Age":"Young","DBH_in_cm":19,"Locality":"Camperdown","ParkName":"Not applicable","OBJECTID":41781}},{"type":"Feature","id":15469,"geometry":{"type":"Point","coordinates":[151.186972871128,-33.8925892258711]},"properties":{"asset_id":"TS13143","TreeType":"Street Tree","SpeciesName":"Tristaniopsis laurina","CommonName":"Water Gum","TreeHeight":6,"TreeCanopyNS":6,"Tree_Status":"Tree","Tree_Age":"Mature","DBH_in_cm":24,"Locality":"North Newtown","ParkName":"Not applicable","OBJECTID":15469}},{"type":"Feature","id":17092,"geometry":{"type":"Point","coordinates":[151.184567382975,-33.8930704873236]},"properties":{"asset_id":"TS02452","TreeType":"Street Tree","SpeciesName":"Platanus acerifolia","CommonName":"London Plane","TreeHeight":12,"TreeCanopyNS":7,"Tree_Status":"Tree","Tree_Age":"Semi-Mature","DBH_in_cm":30,"Locality":"North Newtown","ParkName":"Not applicable","OBJECTID":17092}},{"type":"Feature","id":18961,"geometry":{"type":"Point","coordinates":[151.181736189403,-33.8925620756336]},"properties":{"asset_id":"TS00896","TreeType":"Street Tree","SpeciesName":"Elaeocarpus reticulatus","CommonName":"Blueberry Ash","TreeHeight":8,"TreeCanopyNS":4,"Tree_Status":"Tree","Tree_Age":"Mature","DBH_in_cm":21,"Locality":"North Newtown","ParkName":"Not applicable","OBJECTID":18961}},{"type":"Feature","id":10846,"geometry":{"type":"Point","coordinates":[151.184204858793,-33.898133433815]},"properties":{"asset_id":"TS09795","TreeType":"Street Tree","SpeciesName":"Tristaniopsis laurina","CommonName":"Water Gum","TreeHeight":7,"TreeCanopyNS":5,"Tree_Status":"Tree","Tree_Age":"Mature","DBH_in_cm":21,"Locality":"Erskineville Neighbourhood North","ParkName":"Not applicable","OBJECTID":10846}},{"type":"Feature","id":13354,"geometry":{"type":"Point","coordinates":[151.185412289703,-33.8951846125136]},"properties":{"asset_id":"TS15257","TreeType":"Street Tree","SpeciesName":"Koelreuteria paniculata","CommonName":"Golden Rain Tree","TreeHeight":5,"TreeCanopyNS":3,"Tree_Status":"Tree","Tree_Age":"Semi-Mature","DBH_in_cm":17,"Locality":"North Newtown","ParkName":"Not applicable","OBJECTID":13354}},{"type":"Feature","id":4649,"geometry":{"type":"Point","coordinates":[151.185544997957,-33.8982864617544]},"properties":{"asset_id":"TS06178","TreeType":"Street Tree","SpeciesName":"Pistacia chinensis","CommonName":"Chinese Pistacia","TreeHeight":7,"TreeCanopyNS":4,"Tree_Status":"Tree","Tree_Age":"Semi-Mature","DBH_in_cm":16,"Locality":"Erskineville Neighbourhood North","ParkName":"Not applicable","OBJECTID":4649}},{"type":"Feature","id":46650,"geometry":{"type":"Point","coordinates":[151.188243005049,-33.8943150822806]},"properties":{"asset_id":"TS15284","TreeType":"Street Tree","SpeciesName":"Koelreuteria paniculata","CommonName":"Golden Rain Tree","TreeHeight":3,"TreeCanopyNS":2,"Tree_Status":"Tree","Tree_Age":"Young","DBH_in_cm":6,"Locality":"North Newtown","ParkName":"Not applicable","OBJECTID":46650}},{"type":"Feature","id":35830,"geometry":{"type":"Point","coordinates":[151.18977318969,-33.8987501358018]},"properties":{"asset_id":"TS38863","TreeType":"Park Tree","SpeciesName":"Callistemon citrinus","CommonName":"Weeping Bottlebrush","TreeHeight":4,"TreeCanopyNS":3,"Tree_Status":"Tree","Tree_Age":"Mature","DBH_in_cm":11,"Locality":"Erskineville Oval","ParkName":"Solander Park","OBJECTID":35830}},{"type":"Feature","id":7743,"geometry":{"type":"Point","coordinates":[151.182635035011,-33.8909685402057]},"properties":{"asset_id":"TS22168","TreeType":"Street Tree","SpeciesName":"Flindersia australis","CommonName":"Crows Ash","TreeHeight":10,"TreeCanopyNS":7,"Tree_Status":"Tree","Tree_Age":"Mature","DBH_in_cm":31,"Locality":"University of Sydney and Royal Prince Alfred Hospital","ParkName":"Not applicable","OBJECTID":7743}},{"type":"Feature","id":13245,"geometry":{"type":"Point","coordinates":[151.183315974154,-33.8947536991906]},"properties":{"asset_id":"TS15013","TreeType":"Street Tree","SpeciesName":"Melaleuca quinquenervia","CommonName":"Broad Leaf Paperbark","TreeHeight":14,"TreeCanopyNS":12,"Tree_Status":"Tree","Tree_Age":"Mature","DBH_in_cm":109,"Locality":"North Newtown","ParkName":"Not applicable","OBJECTID":13245}},{"type":"Feature","id":12913,"geometry":{"type":"Point","coordinates":[151.185621781343,-33.8978523256236]},"properties":{"asset_id":"TS06164","TreeType":"Street Tree","SpeciesName":"Callistemon viminalis","CommonName":"Weeping Bottlebrush","TreeHeight":8,"TreeCanopyNS":3,"Tree_Status":"Tree","Tree_Age":"Mature","DBH_in_cm":28,"Locality":"Erskineville Neighbourhood North","ParkName":"Not applicable","OBJECTID":12913}},{"type":"Feature","id":24557,"geometry":{"type":"Point","coordinates":[151.181783974588,-33.8982520034874]},"properties":{"asset_id":"TS29276","TreeType":"Street Tree","SpeciesName":"Platanus acerifolia","CommonName":"London Plane","TreeHeight":12,"TreeCanopyNS":6,"Tree_Status":"Tree","Tree_Age":"Mature","DBH_in_cm":33,"Locality":"Erskineville Road Village Centre","ParkName":"Not applicable","OBJECTID":24557}},{"type":"Feature","id":13411,"geometry":{"type":"Point","coordinates":[151.188640137518,-33.8943525744924]},"properties":{"asset_id":"TS15295","TreeType":"Street Tree","SpeciesName":"Platanus acerifolia","CommonName":"London Plane","TreeHeight":15,"TreeCanopyNS":12,"Tree_Status":"Tree","Tree_Age":"Mature","DBH_in_cm":58,"Locality":"Darlington and West Redfern","ParkName":"Not applicable","OBJECTID":13411}},{"type":"Feature","id":44715,"geometry":{"type":"Point","coordinates":[151.180115663284,-33.8873803088594]},"properties":{"asset_id":"TS42705","TreeType":"Street Tree","SpeciesName":"Flindersia australis","CommonName":"Crows Ash","TreeHeight":4,"TreeCanopyNS":1,"Tree_Status":"Tree","Tree_Age":"Young","DBH_in_cm":6,"Locality":"Camperdown","ParkName":"Not applicable","OBJECTID":44715}},{"type":"Feature","id":12392,"geometry":{"type":"Point","coordinates":[151.17957915408,-33.8986904983242]},"properties":{"asset_id":"TS11784","TreeType":"Street Tree","SpeciesName":"Elaeocarpus reticulatus","CommonName":"Blueberry Ash","TreeHeight":9,"TreeCanopyNS":4,"Tree_Status":"Tree","Tree_Age":"Mature","DBH_in_cm":21,"Locality":"Erskineville Neighbourhood South","ParkName":"Not applicable","OBJECTID":12392}},{"type":"Feature","id":45307,"geometry":{"type":"Point","coordinates":[151.189192809599,-33.8915747877842]},"properties":{"asset_id":"TS01578","TreeType":"Street Tree","SpeciesName":"Liriodendron tulipifera","CommonName":"Tulip Tree","TreeHeight":3,"TreeCanopyNS":2,"Tree_Status":"Tree","Tree_Age":"Young","DBH_in_cm":4,"Locality":"University of Sydney and Royal Prince Alfred Hospital","ParkName":"Not applicable","OBJECTID":45307}},{"type":"Feature","id":16849,"geometry":{"type":"Point","coordinates":[151.185073783079,-33.8931509009405]},"properties":{"asset_id":"TS08593","TreeType":"Street Tree","SpeciesName":"Lophostemon confertus","CommonName":"Brush Box","TreeHeight":12,"TreeCanopyNS":6,"Tree_Status":"Tree","Tree_Age":"Mature","DBH_in_cm":36,"Locality":"North Newtown","ParkName":"Not applicable","OBJECTID":16849}},{"type":"Feature","id":10849,"geometry":{"type":"Point","coordinates":[151.18428410794,-33.897807723474]},"properties":{"asset_id":"TS09799","TreeType":"Street Tree","SpeciesName":"Tristaniopsis laurina","CommonName":"Water Gum","TreeHeight":6,"TreeCanopyNS":6,"Tree_Status":"Tree","Tree_Age":"Mature","DBH_in_cm":28,"Locality":"Erskineville Neighbourhood North","ParkName":"Not applicable","OBJECTID":10849}},{"type":"Feature","id":37696,"geometry":{"type":"Point","coordinates":[151.184913211141,-33.896768459722]},"properties":{"asset_id":"TP15124","TreeType":"Park Tree","SpeciesName":"Angophora floribunda","CommonName":"Rough Barked Apple Myrtle","TreeHeight":12,"TreeCanopyNS":5,"Tree_Status":"Tree","Tree_Age":"Semi-Mature","DBH_in_cm":28,"Locality":"North Newtown","ParkName":"Burren Street Reserve","OBJECTID":37696}},{"type":"Feature","id":16185,"geometry":{"type":"Point","coordinates":[151.185253026053,-33.8965362209489]},"properties":{"asset_id":"TS06189","TreeType":"Street Tree","SpeciesName":"Tristaniopsis laurina","CommonName":"Water Gum","TreeHeight":6,"TreeCanopyNS":6,"Tree_Status":"Tree","Tree_Age":"Semi-Mature","DBH_in_cm":16,"Locality":"North Newtown","ParkName":"Not applicable","OBJECTID":16185}},{"type":"Feature","id":13388,"geometry":{"type":"Point","coordinates":[151.186953444807,-33.8947176670768]},"properties":{"asset_id":"TS15274","TreeType":"Street Tree","SpeciesName":"Koelreuteria paniculata","CommonName":"Golden Rain Tree","TreeHeight":6,"TreeCanopyNS":4,"Tree_Status":"Tree","Tree_Age":"Mature","DBH_in_cm":26,"Locality":"North Newtown","ParkName":"Not applicable","OBJECTID":13388}},{"type":"Feature","id":13554,"geometry":{"type":"Point","coordinates":[151.186000346058,-33.8961379329265]},"properties":{"asset_id":"TS29313","TreeType":"Street Tree","SpeciesName":"Melaleuca quinquenervia","CommonName":"Broad Leaf Paperbark","TreeHeight":11,"TreeCanopyNS":6,"Tree_Status":"Tree","Tree_Age":"Mature","DBH_in_cm":69,"Locality":"North Newtown","ParkName":"Not applicable","OBJECTID":13554}},{"type":"Feature","id":46518,"geometry":{"type":"Point","coordinates":[151.181294531331,-33.8980592899207]},"properties":{"asset_id":"TS41644","TreeType":"Street Tree","SpeciesName":"Tristaniopsis 'Luscious'","CommonName":"Water Gum","TreeHeight":4,"TreeCanopyNS":1,"Tree_Status":"Tree","Tree_Age":"Semi-Mature","DBH_in_cm":5,"Locality":"Erskineville Road Village Centre","ParkName":"Not applicable","OBJECTID":46518}},{"type":"Feature","id":13362,"geometry":{"type":"Point","coordinates":[151.184805586451,-33.8989840585749]},"properties":{"asset_id":"TS06591","TreeType":"Street Tree","SpeciesName":"Liquidambar styraciflua","CommonName":"Liquidamber or Sweet Gum","TreeHeight":17,"TreeCanopyNS":18,"Tree_Status":"Tree","Tree_Age":"Mature","DBH_in_cm":90,"Locality":"Erskineville Neighbourhood North","ParkName":"Not applicable","OBJECTID":13362}},{"type":"Feature","id":48745,"geometry":{"type":"Point","coordinates":[151.187265006136,-33.893009676865]},"properties":{"asset_id":"TS13167","TreeType":"Street Tree","SpeciesName":"Tristaniopsis laurina","CommonName":"Water Gum","TreeHeight":5,"TreeCanopyNS":3,"Tree_Status":"Tree","Tree_Age":"Semi-Mature","DBH_in_cm":10,"Locality":"North Newtown","ParkName":"Not applicable","OBJECTID":48745}},{"type":"Feature","id":37670,"geometry":{"type":"Point","coordinates":[151.185745233174,-33.8913761686676]},"properties":{"asset_id":"TS34632","TreeType":"Street Tree","SpeciesName":"Jacaranda mimosifolia","CommonName":"Jacaranda","TreeHeight":6,"TreeCanopyNS":4,"Tree_Status":"Tree","Tree_Age":"Semi-Mature","DBH_in_cm":17,"Locality":"University of Sydney and Royal Prince Alfred Hospital","ParkName":"Not applicable","OBJECTID":37670}},{"type":"Feature","id":15781,"geometry":{"type":"Point","coordinates":[151.18334620659,-33.8945620756243]},"properties":{"asset_id":"TS15001","TreeType":"Street Tree","SpeciesName":"Melaleuca quinquenervia","CommonName":"Broad Leaf Paperbark","TreeHeight":14,"TreeCanopyNS":9,"Tree_Status":"Tree","Tree_Age":"Mature","DBH_in_cm":69,"Locality":"North Newtown","ParkName":"Not applicable","OBJECTID":15781}},{"type":"Feature","id":45662,"geometry":{"type":"Point","coordinates":[151.187306627085,-33.8948494693696]},"properties":{"asset_id":"TS46290","TreeType":"Street Tree","SpeciesName":"Persea americana","CommonName":"Avocado","TreeHeight":3,"TreeCanopyNS":2,"Tree_Status":"Tree","Tree_Age":"Young","DBH_in_cm":5,"Locality":"North Newtown","ParkName":"Not applicable","OBJECTID":45662}},{"type":"Feature","id":27191,"geometry":{"type":"Point","coordinates":[151.1896284891,-33.8987916527913]},"properties":{"asset_id":"TP01999","TreeType":"Park Tree","SpeciesName":"Corymbia citriodora","CommonName":"Lemon Scented Gum","TreeHeight":12,"TreeCanopyNS":6,"Tree_Status":"Tree","Tree_Age":"Mature","DBH_in_cm":20,"Locality":"Erskineville Oval","ParkName":"Solander Park","OBJECTID":27191}},{"type":"Feature","id":21781,"geometry":{"type":"Point","coordinates":[151.189175439957,-33.8985592878075]},"properties":{"asset_id":"TS12138","TreeType":"Street Tree","SpeciesName":"Lophostemon confertus","CommonName":"Brush Box","TreeHeight":12,"TreeCanopyNS":3,"Tree_Status":"Tree","Tree_Age":"Semi-Mature","DBH_in_cm":17,"Locality":"Erskineville Oval","ParkName":"Not applicable","OBJECTID":21781}},{"type":"Feature","id":13102,"geometry":{"type":"Point","coordinates":[151.183461767019,-33.8986523345868]},"properties":{"asset_id":"TS14038","TreeType":"Street Tree","SpeciesName":"Auranticarpa rhombifolia","CommonName":"Diamond Pittosporum","TreeHeight":8,"TreeCanopyNS":7,"Tree_Status":"Tree","Tree_Age":"Mature","DBH_in_cm":28,"Locality":"Erskineville Neighbourhood North","ParkName":"Not applicable","OBJECTID":13102}},{"type":"Feature","id":6057,"geometry":{"type":"Point","coordinates":[151.178824687012,-33.8899483049227]},"properties":{"asset_id":"TS23688","TreeType":"Street Tree","SpeciesName":"Eucalyptus paniculata","CommonName":"Grey Ironbark","TreeHeight":23,"TreeCanopyNS":12,"Tree_Status":"Tree","Tree_Age":"Mature","DBH_in_cm":61,"Locality":"Camperdown","ParkName":"Not applicable","OBJECTID":6057}},{"type":"Feature","id":15475,"geometry":{"type":"Point","coordinates":[151.187299376456,-33.8933322827134]},"properties":{"asset_id":"TS13149","TreeType":"Street Tree","SpeciesName":"Tristaniopsis laurina","CommonName":"Water Gum","TreeHeight":6,"TreeCanopyNS":4,"Tree_Status":"Tree","Tree_Age":"Mature","DBH_in_cm":22,"Locality":"North Newtown","ParkName":"Not applicable","OBJECTID":15475}},{"type":"Feature","id":12106,"geometry":{"type":"Point","coordinates":[151.182082072189,-33.8914677861905]},"properties":{"asset_id":"TS23444","TreeType":"Street Tree","SpeciesName":"Platanus acerifolia","CommonName":"London Plane","TreeHeight":17,"TreeCanopyNS":17,"Tree_Status":"Tree","Tree_Age":"Mature","DBH_in_cm":61,"Locality":"Camperdown","ParkName":"Not applicable","OBJECTID":12106}},{"type":"Feature","id":30033,"geometry":{"type":"Point","coordinates":[151.1820284402,-33.8916308398191]},"properties":{"asset_id":"TP02574","TreeType":"Street Tree","SpeciesName":"Lophostemon confertus","CommonName":"Brush Box","TreeHeight":14,"TreeCanopyNS":10,"Tree_Status":"Tree","Tree_Age":"Mature","DBH_in_cm":47,"Locality":"North Newtown","ParkName":"Not applicable","OBJECTID":30033}},{"type":"Feature","id":27832,"geometry":{"type":"Point","coordinates":[151.186161560825,-33.8948059196091]},"properties":{"asset_id":"TP01824","TreeType":"Park Tree","SpeciesName":"Agathis robusta","CommonName":"Queensland Kauri","TreeHeight":16,"TreeCanopyNS":5,"Tree_Status":"Tree","Tree_Age":"Mature","DBH_in_cm":45,"Locality":"North Newtown","ParkName":"Hollis Park","OBJECTID":27832}},{"type":"Feature","id":8811,"geometry":{"type":"Point","coordinates":[151.181870234005,-33.8938474933808]},"properties":{"asset_id":"TS04362","TreeType":"Street Tree","SpeciesName":"Elaeocarpus reticulatus","CommonName":"Blueberry Ash","TreeHeight":6,"TreeCanopyNS":2,"Tree_Status":"Tree","Tree_Age":"Semi-Mature","DBH_in_cm":14,"Locality":"North Newtown","ParkName":"Not applicable","OBJECTID":8811}},{"type":"Feature","id":14762,"geometry":{"type":"Point","coordinates":[151.180632298523,-33.8967055644367]},"properties":{"asset_id":"TS15204","TreeType":"Street Tree","SpeciesName":"Tristaniopsis laurina","CommonName":"Water Gum","TreeHeight":6,"TreeCanopyNS":4,"Tree_Status":"Tree","Tree_Age":"Semi-Mature","DBH_in_cm":17,"Locality":"North Newtown","ParkName":"Not applicable","OBJECTID":14762}},{"type":"Feature","id":12057,"geometry":{"type":"Point","coordinates":[151.182239109625,-33.8972489601778]},"properties":{"asset_id":"TS09419","TreeType":"Street Tree","SpeciesName":"Cinnamomum camphora","CommonName":"Camphor Laurel","TreeHeight":16,"TreeCanopyNS":21,"Tree_Status":"Tree","Tree_Age":"Mature","DBH_in_cm":123,"Locality":"North Newtown","ParkName":"Not applicable","OBJECTID":12057}},{"type":"Feature","id":12157,"geometry":{"type":"Point","coordinates":[151.185522253532,-33.8912545762744]},"properties":{"asset_id":"TS23463","TreeType":"Street Tree","SpeciesName":"Jacaranda mimosifolia","CommonName":"Jacaranda","TreeHeight":11,"TreeCanopyNS":11,"Tree_Status":"Tree","Tree_Age":"Mature","DBH_in_cm":37,"Locality":"University of Sydney and Royal Prince Alfred Hospital","ParkName":"Not applicable","OBJECTID":12157}},{"type":"Feature","id":14499,"geometry":{"type":"Point","coordinates":[151.182352962314,-33.8935657928237]},"properties":{"asset_id":"TS03459","TreeType":"Street Tree","SpeciesName":"Tristaniopsis laurina","CommonName":"Water Gum","TreeHeight":7,"TreeCanopyNS":4,"Tree_Status":"Tree","Tree_Age":"Mature","DBH_in_cm":23,"Locality":"North Newtown","ParkName":"Not applicable","OBJECTID":14499}},{"type":"Feature","id":14742,"geometry":{"type":"Point","coordinates":[151.183522275057,-33.8952591886356]},"properties":{"asset_id":"TS15023","TreeType":"Street Tree","SpeciesName":"Melaleuca quinquenervia","CommonName":"Broad Leaf Paperbark","TreeHeight":14,"TreeCanopyNS":9,"Tree_Status":"Tree","Tree_Age":"Mature","DBH_in_cm":80,"Locality":"North Newtown","ParkName":"Not applicable","OBJECTID":14742}},{"type":"Feature","id":48725,"geometry":{"type":"Point","coordinates":[151.189515927379,-33.8916040650603]},"properties":{"asset_id":"TS01581","TreeType":"Street Tree","SpeciesName":"Liriodendron tulipifera","CommonName":"Tulip Tree","TreeHeight":5,"TreeCanopyNS":2,"Tree_Status":"Tree","Tree_Age":"Semi-Mature","DBH_in_cm":7,"Locality":"University of Sydney and Royal Prince Alfred Hospital","ParkName":"Not applicable","OBJECTID":48725}},{"type":"Feature","id":46567,"geometry":{"type":"Point","coordinates":[151.18395143456,-33.8958823040533]},"properties":{"asset_id":"TS41770","TreeType":"Street Tree","SpeciesName":"Jacaranda mimosifolia","CommonName":"Jacaranda","TreeHeight":6,"TreeCanopyNS":3,"Tree_Status":"Tree","Tree_Age":"Semi-Mature","DBH_in_cm":9,"Locality":"North Newtown","ParkName":"Not applicable","OBJECTID":46567}},{"type":"Feature","id":25462,"geometry":{"type":"Point","coordinates":[151.181996419924,-33.8956102631771]},"properties":{"asset_id":"TP00006","TreeType":"Park Tree","SpeciesName":"Caesalpinia ferrea","CommonName":"Leopard Tree","TreeHeight":7,"TreeCanopyNS":3,"Tree_Status":"Tree","Tree_Age":"Mature","DBH_in_cm":19,"Locality":"North Newtown","ParkName":"WJ Thurbon Reserve","OBJECTID":25462}},{"type":"Feature","id":33952,"geometry":{"type":"Point","coordinates":[151.189050099269,-33.8980228058934]},"properties":{"asset_id":"TP04167","TreeType":"Park Tree","SpeciesName":"Eucalyptus microcorys","CommonName":"Tallow Wood","TreeHeight":14,"TreeCanopyNS":10,"Tree_Status":"Tree","Tree_Age":"Mature","DBH_in_cm":68,"Locality":null,"ParkName":"South Sydney Rotary Park #1","OBJECTID":33952}},{"type":"Feature","id":46395,"geometry":{"type":"Point","coordinates":[151.180420578737,-33.8989394577682]},"properties":{"asset_id":"TS11780","TreeType":"Street Tree","SpeciesName":"Elaeocarpus reticulatus","CommonName":"Blueberry Ash","TreeHeight":3,"TreeCanopyNS":1,"Tree_Status":"Tree","Tree_Age":"Semi-Mature","DBH_in_cm":5,"Locality":"Erskineville Neighbourhood South","ParkName":"Not applicable","OBJECTID":46395}},{"type":"Feature","id":553,"geometry":{"type":"Point","coordinates":[151.188359099313,-33.8918629862348]},"properties":{"asset_id":"TS17306","TreeType":"Street Tree","SpeciesName":"Liriodendron tulipifera","CommonName":"Tulip Tree","TreeHeight":4,"TreeCanopyNS":2,"Tree_Status":"Tree","Tree_Age":"Semi-Mature","DBH_in_cm":12,"Locality":"University of Sydney and Royal Prince Alfred Hospital","ParkName":"Not applicable","OBJECTID":553}},{"type":"Feature","id":6037,"geometry":{"type":"Point","coordinates":[151.178293314041,-33.889075683601]},"properties":{"asset_id":"TS23676","TreeType":"Street Tree","SpeciesName":"Elaeocarpus reticulatus","CommonName":"Blueberry Ash","TreeHeight":7,"TreeCanopyNS":4,"Tree_Status":"Tree","Tree_Age":"Semi-Mature","DBH_in_cm":13,"Locality":"Camperdown","ParkName":"Not applicable","OBJECTID":6037}},{"type":"Feature","id":14693,"geometry":{"type":"Point","coordinates":[151.182897644423,-33.8921118472114]},"properties":{"asset_id":"TS22199","TreeType":"Street Tree","SpeciesName":"Flindersia australis","CommonName":"Crows Ash","TreeHeight":11,"TreeCanopyNS":6,"Tree_Status":"Tree","Tree_Age":"Mature","DBH_in_cm":30,"Locality":"North Newtown","ParkName":"Not applicable","OBJECTID":14693}},{"type":"Feature","id":11794,"geometry":{"type":"Point","coordinates":[151.185134289927,-33.8962710745577]},"properties":{"asset_id":"TS06186","TreeType":"Street Tree","SpeciesName":"Tristaniopsis laurina","CommonName":"Water Gum","TreeHeight":6,"TreeCanopyNS":4,"Tree_Status":"Tree","Tree_Age":"Mature","DBH_in_cm":26,"Locality":"North Newtown","ParkName":"Not applicable","OBJECTID":11794}},{"type":"Feature","id":12704,"geometry":{"type":"Point","coordinates":[151.18585968261,-33.8958205242825]},"properties":{"asset_id":"TS12334","TreeType":"Street Tree","SpeciesName":"Callistemon citrinus","CommonName":"Crimson Bottlebrush","TreeHeight":3,"TreeCanopyNS":3,"Tree_Status":"Tree","Tree_Age":"Mature","DBH_in_cm":11,"Locality":"North Newtown","ParkName":"Not applicable","OBJECTID":12704}},{"type":"Feature","id":29177,"geometry":{"type":"Point","coordinates":[151.181286463864,-33.8944062457178]},"properties":{"asset_id":"TP01140","TreeType":"Park Tree","SpeciesName":"Tristaniopsis laurina","CommonName":"Water Gum","TreeHeight":8,"TreeCanopyNS":6,"Tree_Status":"Tree","Tree_Age":"Mature","DBH_in_cm":38,"Locality":"North Newtown","ParkName":"Ernest Wright Playground","OBJECTID":29177}},{"type":"Feature","id":28516,"geometry":{"type":"Point","coordinates":[151.181095399944,-33.8964783146149]},"properties":{"asset_id":"TS32910","TreeType":"Street Tree","SpeciesName":"Melaleuca linariifolia","CommonName":"Snow in Summer","TreeHeight":7,"TreeCanopyNS":3,"Tree_Status":"Tree","Tree_Age":"Mature","DBH_in_cm":28,"Locality":"North Newtown","ParkName":"Not applicable","OBJECTID":28516}},{"type":"Feature","id":17204,"geometry":{"type":"Point","coordinates":[151.189580418279,-33.8980322259419]},"properties":{"asset_id":"TS09395","TreeType":"Street Tree","SpeciesName":"Callistemon salignus","CommonName":"Willow Bottlebrush","TreeHeight":7,"TreeCanopyNS":3,"Tree_Status":"Tree","Tree_Age":"Semi-Mature","DBH_in_cm":22,"Locality":"Erskineville Oval","ParkName":"Not applicable","OBJECTID":17204}},{"type":"Feature","id":46587,"geometry":{"type":"Point","coordinates":[151.18783044839,-33.8924563064465]},"properties":{"asset_id":"TS41681","TreeType":"Street Tree","SpeciesName":"Lophostemon confertus","CommonName":"Brush Box","TreeHeight":6,"TreeCanopyNS":2,"Tree_Status":"Tree","Tree_Age":"Young","DBH_in_cm":11,"Locality":"Darlington and West Redfern","ParkName":"Not applicable","OBJECTID":46587}},{"type":"Feature","id":10540,"geometry":{"type":"Point","coordinates":[151.187738439117,-33.8926347587902]},"properties":{"asset_id":"TS08133","TreeType":"Street Tree","SpeciesName":"Melaleuca quinquenervia","CommonName":"Broad Leaf Paperbark","TreeHeight":17,"TreeCanopyNS":9,"Tree_Status":"Tree","Tree_Age":"Mature","DBH_in_cm":60,"Locality":"North Newtown","ParkName":"Not applicable","OBJECTID":10540}},{"type":"Feature","id":27185,"geometry":{"type":"Point","coordinates":[151.189976177918,-33.8987597019784]},"properties":{"asset_id":"TP02007","TreeType":"Park Tree","SpeciesName":"Melaleuca bracteata","CommonName":"River Tea Tree","TreeHeight":11,"TreeCanopyNS":5,"Tree_Status":"Tree","Tree_Age":"Mature","DBH_in_cm":25,"Locality":"Erskineville Oval","ParkName":"Solander Park","OBJECTID":27185}},{"type":"Feature","id":9850,"geometry":{"type":"Point","coordinates":[151.178165146558,-33.8896012124274]},"properties":{"asset_id":"TS24440","TreeType":"Street Tree","SpeciesName":"Waterhousea floribunda","CommonName":"Weeping Lilly Pilly","TreeHeight":9,"TreeCanopyNS":12,"Tree_Status":"Tree","Tree_Age":"Mature","DBH_in_cm":40,"Locality":"Camperdown","ParkName":"Not applicable","OBJECTID":9850}},{"type":"Feature","id":6063,"geometry":{"type":"Point","coordinates":[151.178923528757,-33.8900696970371]},"properties":{"asset_id":"TS23690","TreeType":"Street Tree","SpeciesName":"Platanus acerifolia","CommonName":"London Plane","TreeHeight":13,"TreeCanopyNS":9,"Tree_Status":"Tree","Tree_Age":"Semi-Mature","DBH_in_cm":31,"Locality":"Camperdown","ParkName":"Not applicable","OBJECTID":6063}},{"type":"Feature","id":9358,"geometry":{"type":"Point","coordinates":[151.179403111914,-33.8910495780154]},"properties":{"asset_id":"TS23425","TreeType":"Street Tree","SpeciesName":"Platanus acerifolia","CommonName":"London Plane","TreeHeight":21,"TreeCanopyNS":19,"Tree_Status":"Tree","Tree_Age":"Mature","DBH_in_cm":79,"Locality":"North Newtown","ParkName":"Not applicable","OBJECTID":9358}},{"type":"Feature","id":27826,"geometry":{"type":"Point","coordinates":[151.18606132255,-33.8949284319269]},"properties":{"asset_id":"TP02199","TreeType":"Park Tree","SpeciesName":"Ficus rubiginosa","CommonName":"Port Jackson or Rusty Fig","TreeHeight":9,"TreeCanopyNS":10,"Tree_Status":"Tree","Tree_Age":"Mature","DBH_in_cm":66,"Locality":"North Newtown","ParkName":"Hollis Park","OBJECTID":27826}},{"type":"Feature","id":14768,"geometry":{"type":"Point","coordinates":[151.180694631202,-33.896621902589]},"properties":{"asset_id":"TS15206","TreeType":"Street Tree","SpeciesName":"Koelreuteria paniculata","CommonName":"Golden Rain Tree","TreeHeight":6,"TreeCanopyNS":4,"Tree_Status":"Tree","Tree_Age":"Mature","DBH_in_cm":21,"Locality":"North Newtown","ParkName":"Not applicable","OBJECTID":14768}},{"type":"Feature","id":10022,"geometry":{"type":"Point","coordinates":[151.182456290919,-33.8980977216573]},"properties":{"asset_id":"TS04471","TreeType":"Street Tree","SpeciesName":"Tristaniopsis laurina","CommonName":"Water Gum","TreeHeight":6,"TreeCanopyNS":2,"Tree_Status":"Tree","Tree_Age":"Semi-Mature","DBH_in_cm":13,"Locality":"Erskineville Neighbourhood North","ParkName":"Not applicable","OBJECTID":10022}},{"type":"Feature","id":27162,"geometry":{"type":"Point","coordinates":[151.189921994787,-33.8987037194205]},"properties":{"asset_id":"TP02073","TreeType":"Park Tree","SpeciesName":"Melaleuca bracteata","CommonName":"River Tea Tree","TreeHeight":11,"TreeCanopyNS":4,"Tree_Status":"Tree","Tree_Age":"Mature","DBH_in_cm":30,"Locality":"Erskineville Oval","ParkName":"Solander Park","OBJECTID":27162}},{"type":"Feature","id":9836,"geometry":{"type":"Point","coordinates":[151.178209433169,-33.8897202652015]},"properties":{"asset_id":"TS24446","TreeType":"Street Tree","SpeciesName":"Waterhousea floribunda","CommonName":"Weeping Lilly Pilly","TreeHeight":10,"TreeCanopyNS":14,"Tree_Status":"Tree","Tree_Age":"Mature","DBH_in_cm":60,"Locality":"Camperdown","ParkName":"Not applicable","OBJECTID":9836}},{"type":"Feature","id":9338,"geometry":{"type":"Point","coordinates":[151.181457486407,-33.8915867024045]},"properties":{"asset_id":"TS23423","TreeType":"Street Tree","SpeciesName":"Platanus acerifolia","CommonName":"London Plane","TreeHeight":14,"TreeCanopyNS":8,"Tree_Status":"Tree","Tree_Age":"Mature","DBH_in_cm":36,"Locality":"North Newtown","ParkName":"Not applicable","OBJECTID":9338}},{"type":"Feature","id":13239,"geometry":{"type":"Point","coordinates":[151.183233858967,-33.8945569016681]},"properties":{"asset_id":"TS15011","TreeType":"Street Tree","SpeciesName":"Melaleuca quinquenervia","CommonName":"Broad Leaf Paperbark","TreeHeight":11,"TreeCanopyNS":11,"Tree_Status":"Tree","Tree_Age":"Mature","DBH_in_cm":65,"Locality":"North Newtown","ParkName":"Not applicable","OBJECTID":13239}},{"type":"Feature","id":13417,"geometry":{"type":"Point","coordinates":[151.188760287898,-33.8941626324528]},"properties":{"asset_id":"TS15297","TreeType":"Street Tree","SpeciesName":"Koelreuteria paniculata","CommonName":"Golden Rain Tree","TreeHeight":5,"TreeCanopyNS":4,"Tree_Status":"Tree","Tree_Age":"Semi-Mature","DBH_in_cm":15,"Locality":"Darlington and West Redfern","ParkName":"Not applicable","OBJECTID":13417}},{"type":"Feature","id":9730,"geometry":{"type":"Point","coordinates":[151.179999139536,-33.891450280544]},"properties":{"asset_id":"TS24216","TreeType":"Street Tree","SpeciesName":"Tristaniopsis laurina","CommonName":"Water Gum","TreeHeight":8,"TreeCanopyNS":8,"Tree_Status":"Tree","Tree_Age":"Semi-Mature","DBH_in_cm":47,"Locality":"North Newtown","ParkName":"Not applicable","OBJECTID":9730}},{"type":"Feature","id":27042,"geometry":{"type":"Point","coordinates":[151.185163870878,-33.8976562144108]},"properties":{"asset_id":"TP01607","TreeType":"Park Tree","SpeciesName":"Brachychiton discolor","CommonName":"Queensland Lacebark","TreeHeight":12,"TreeCanopyNS":11,"Tree_Status":"Tree","Tree_Age":"Mature","DBH_in_cm":58,"Locality":"Erskineville Neighbourhood North","ParkName":"Burren Street Reserve Playground","OBJECTID":27042}},{"type":"Feature","id":10179,"geometry":{"type":"Point","coordinates":[151.186772318975,-33.8941406853215]},"properties":{"asset_id":"TS05184","TreeType":"Street Tree","SpeciesName":"Lophostemon confertus","CommonName":"Brush Box","TreeHeight":13,"TreeCanopyNS":13,"Tree_Status":"Tree","Tree_Age":"Mature","DBH_in_cm":53,"Locality":"North Newtown","ParkName":"Not applicable","OBJECTID":10179}},{"type":"Feature","id":13382,"geometry":{"type":"Point","coordinates":[151.186769226405,-33.8949099102814]},"properties":{"asset_id":"TS15272","TreeType":"Street Tree","SpeciesName":"Lophostemon confertus","CommonName":"Brush Box","TreeHeight":12,"TreeCanopyNS":8,"Tree_Status":"Tree","Tree_Age":"Mature","DBH_in_cm":59,"Locality":"North Newtown","ParkName":"Not applicable","OBJECTID":13382}},{"type":"Feature","id":16179,"geometry":{"type":"Point","coordinates":[151.182844684663,-33.8957498361331]},"properties":{"asset_id":"TS06086","TreeType":"Street Tree","SpeciesName":"Melaleuca quinquenervia","CommonName":"Broad Leaf Paperbark","TreeHeight":11,"TreeCanopyNS":9,"Tree_Status":"Tree","Tree_Age":"Mature","DBH_in_cm":72,"Locality":"North Newtown","ParkName":"Not applicable","OBJECTID":16179}},{"type":"Feature","id":17212,"geometry":{"type":"Point","coordinates":[151.187454871332,-33.8948599471042]},"properties":{"asset_id":"TS09450","TreeType":"Street Tree","SpeciesName":"Lophostemon confertus","CommonName":"Brush Box","TreeHeight":18,"TreeCanopyNS":8,"Tree_Status":"Tree","Tree_Age":"Mature","DBH_in_cm":64,"Locality":"North Newtown","ParkName":"Not applicable","OBJECTID":17212}},{"type":"Feature","id":12386,"geometry":{"type":"Point","coordinates":[151.180526413285,-33.8988900734544]},"properties":{"asset_id":"TS11777","TreeType":"Street Tree","SpeciesName":"Pistacia chinensis","CommonName":"Chinese Pistacia","TreeHeight":6,"TreeCanopyNS":5,"Tree_Status":"Tree","Tree_Age":"Semi-Mature","DBH_in_cm":19,"Locality":"Erskineville Neighbourhood South","ParkName":"Not applicable","OBJECTID":12386}},{"type":"Feature","id":36694,"geometry":{"type":"Point","coordinates":[151.181404103555,-33.8884018879152]},"properties":{"asset_id":"TS22152","TreeType":"Street Tree","SpeciesName":"Lophostemon confertus","CommonName":"Brush Box","TreeHeight":5,"TreeCanopyNS":3,"Tree_Status":"Tree","Tree_Age":"Semi-Mature","DBH_in_cm":15,"Locality":"University of Sydney and Royal Prince Alfred Hospital","ParkName":"Not applicable","OBJECTID":36694}},{"type":"Feature","id":14699,"geometry":{"type":"Point","coordinates":[151.182986402415,-33.8923266874974]},"properties":{"asset_id":"TS22201","TreeType":"Street Tree","SpeciesName":"Flindersia australis","CommonName":"Crows Ash","TreeHeight":9,"TreeCanopyNS":4,"Tree_Status":"Tree","Tree_Age":"Semi-Mature","DBH_in_cm":15,"Locality":"North Newtown","ParkName":"Not applicable","OBJECTID":14699}},{"type":"Feature","id":10371,"geometry":{"type":"Point","coordinates":[151.184543614125,-33.8969364156892]},"properties":{"asset_id":"TS06889","TreeType":"Street Tree","SpeciesName":"Fraxinus griffithii","CommonName":"Evergreen Ash","TreeHeight":5,"TreeCanopyNS":3,"Tree_Status":"Tree","Tree_Age":"Mature","DBH_in_cm":10,"Locality":"North Newtown","ParkName":"Not applicable","OBJECTID":10371}},{"type":"Feature","id":13617,"geometry":{"type":"Point","coordinates":[151.187314676074,-33.8957464538875]},"properties":{"asset_id":"TS29408","TreeType":"Street Tree","SpeciesName":"Jacaranda mimosifolia","CommonName":"Jacaranda","TreeHeight":6,"TreeCanopyNS":6,"Tree_Status":"Tree","Tree_Age":"Mature","DBH_in_cm":25,"Locality":"North Newtown","ParkName":"Not applicable","OBJECTID":13617}},{"type":"Feature","id":292,"geometry":{"type":"Point","coordinates":[151.183200800705,-33.8958451731913]},"properties":{"asset_id":"TS15238","TreeType":"Street Tree","SpeciesName":"Koelreuteria paniculata","CommonName":"Golden Rain Tree","TreeHeight":4,"TreeCanopyNS":2,"Tree_Status":"Tree","Tree_Age":"Semi-Mature","DBH_in_cm":9,"Locality":"North Newtown","ParkName":"Not applicable","OBJECTID":292}},{"type":"Feature","id":28522,"geometry":{"type":"Point","coordinates":[151.181111422826,-33.8964723292872]},"properties":{"asset_id":"TS32908","TreeType":"Street Tree","SpeciesName":"Melaleuca linariifolia","CommonName":"Snow in Summer","TreeHeight":9,"TreeCanopyNS":8,"Tree_Status":"Tree","Tree_Age":"Mature","DBH_in_cm":50,"Locality":"North Newtown","ParkName":"Not applicable","OBJECTID":28522}},{"type":"Feature","id":28273,"geometry":{"type":"Point","coordinates":[151.181982882404,-33.8979035341588]},"properties":{"asset_id":"TP03876","TreeType":"Park Tree","SpeciesName":"Corymbia maculata","CommonName":"Spotted Gum","TreeHeight":7,"TreeCanopyNS":2,"Tree_Status":"Tree","Tree_Age":"Semi-Mature","DBH_in_cm":11,"Locality":"Erskineville Neighbourhood North","ParkName":"Green Ban Park","OBJECTID":28273}},{"type":"Feature","id":12043,"geometry":{"type":"Point","coordinates":[151.189725982264,-33.8981441970575]},"properties":{"asset_id":"TS09406","TreeType":"Street Tree","SpeciesName":"Thuja plicata","CommonName":"Thuja","TreeHeight":6,"TreeCanopyNS":4,"Tree_Status":"Tree","Tree_Age":"Mature","DBH_in_cm":39,"Locality":"Erskineville Oval","ParkName":"Not applicable","OBJECTID":12043}},{"type":"Feature","id":46581,"geometry":{"type":"Point","coordinates":[151.189354436579,-33.8941182563422]},"properties":{"asset_id":"TS41785","TreeType":"Street Tree","SpeciesName":"Koelreuteria paniculata","CommonName":"Golden Rain Tree","TreeHeight":3,"TreeCanopyNS":1,"Tree_Status":"Tree","Tree_Age":"Young","DBH_in_cm":3,"Locality":"Darlington and West Redfern","ParkName":"Not applicable","OBJECTID":46581}},{"type":"Feature","id":9352,"geometry":{"type":"Point","coordinates":[151.180132396906,-33.8912242910672]},"properties":{"asset_id":"TS23435","TreeType":"Street Tree","SpeciesName":"Platanus acerifolia","CommonName":"London Plane","TreeHeight":13,"TreeCanopyNS":11,"Tree_Status":"Tree","Tree_Age":"Mature","DBH_in_cm":39,"Locality":"North Newtown","ParkName":"Not applicable","OBJECTID":9352}},{"type":"Feature","id":11565,"geometry":{"type":"Point","coordinates":[151.183639876948,-33.8979840712428]},"properties":{"asset_id":"TS04488","TreeType":"Street Tree","SpeciesName":"Tristaniopsis laurina","CommonName":"Water Gum","TreeHeight":7,"TreeCanopyNS":7,"Tree_Status":"Tree","Tree_Age":"Mature","DBH_in_cm":36,"Locality":"Erskineville Neighbourhood North","ParkName":"Not applicable","OBJECTID":11565}},{"type":"Feature","id":11553,"geometry":{"type":"Point","coordinates":[151.182661317829,-33.898133390066]},"properties":{"asset_id":"TS04466","TreeType":"Street Tree","SpeciesName":"Tristaniopsis laurina","CommonName":"Water Gum","TreeHeight":7,"TreeCanopyNS":7,"Tree_Status":"Tree","Tree_Age":"Mature","DBH_in_cm":51,"Locality":"Erskineville Neighbourhood North","ParkName":"Not applicable","OBJECTID":11553}},{"type":"Feature","id":13631,"geometry":{"type":"Point","coordinates":[151.187938369694,-33.8932635050919]},"properties":{"asset_id":"TS08162","TreeType":"Street Tree","SpeciesName":"Lagerstroemia indica","CommonName":"Crepe Myrtle","TreeHeight":8,"TreeCanopyNS":7,"Tree_Status":"Tree","Tree_Age":"Mature","DBH_in_cm":20,"Locality":"North Newtown","ParkName":"Not applicable","OBJECTID":13631}},{"type":"Feature","id":15303,"geometry":{"type":"Point","coordinates":[151.189046650311,-33.8987177226103]},"properties":{"asset_id":"TS12136","TreeType":"Street Tree","SpeciesName":"Lophostemon confertus","CommonName":"Brush Box","TreeHeight":10,"TreeCanopyNS":12,"Tree_Status":"Tree","Tree_Age":"Mature","DBH_in_cm":65,"Locality":"Erskineville Oval","ParkName":"Not applicable","OBJECTID":15303}},{"type":"Feature","id":4669,"geometry":{"type":"Point","coordinates":[151.184884588185,-33.8987158748761]},"properties":{"asset_id":"TS06603","TreeType":"Street Tree","SpeciesName":"Fraxinus griffithii","CommonName":"Evergreen Ash","TreeHeight":8,"TreeCanopyNS":3,"Tree_Status":"Tree","Tree_Age":"Semi-Mature","DBH_in_cm":16,"Locality":"Erskineville Neighbourhood North","ParkName":"Not applicable","OBJECTID":4669}},{"type":"Feature","id":11167,"geometry":{"type":"Point","coordinates":[151.179650584,-33.8920890581262]},"properties":{"asset_id":"TS01049","TreeType":"Street Tree","SpeciesName":"Tristaniopsis laurina","CommonName":"Water Gum","TreeHeight":10,"TreeCanopyNS":9,"Tree_Status":"Tree","Tree_Age":"Mature","DBH_in_cm":49,"Locality":"North Newtown","ParkName":"Not applicable","OBJECTID":11167}},{"type":"Feature","id":28473,"geometry":{"type":"Point","coordinates":[151.181961916532,-33.8960742372141]},"properties":{"asset_id":"TS33605","TreeType":"Street Tree","SpeciesName":"Callistemon viminalis","CommonName":"Weeping Bottlebrush","TreeHeight":7,"TreeCanopyNS":6,"Tree_Status":"Tree","Tree_Age":"Mature","DBH_in_cm":24,"Locality":"North Newtown","ParkName":"Not applicable","OBJECTID":28473}},{"type":"Feature","id":347,"geometry":{"type":"Point","coordinates":[151.18092674406,-33.8974338258488]},"properties":{"asset_id":"TS15890","TreeType":"Street Tree","SpeciesName":"Platanus acerifolia","CommonName":"London Plane","TreeHeight":12,"TreeCanopyNS":8,"Tree_Status":"Tree","Tree_Age":"Semi-Mature","DBH_in_cm":24,"Locality":"North Newtown","ParkName":"Not applicable","OBJECTID":347}},{"type":"Feature","id":46034,"geometry":{"type":"Point","coordinates":[151.187843985805,-33.8957160096046]},"properties":{"asset_id":"TS29307","TreeType":"Street Tree","SpeciesName":"Plumeria acutifolia","CommonName":"Frangipani","TreeHeight":1,"TreeCanopyNS":1,"Tree_Status":"Tree","Tree_Age":"Young","DBH_in_cm":5,"Locality":"North Newtown","ParkName":"Not applicable","OBJECTID":46034}},{"type":"Feature","id":19574,"geometry":{"type":"Point","coordinates":[151.181009002469,-33.8987488670393]},"properties":{"asset_id":"TS04593","TreeType":"Street Tree","SpeciesName":"Hymenosporum flavum","CommonName":"Australian Frangipani","TreeHeight":9,"TreeCanopyNS":4,"Tree_Status":"Tree","Tree_Age":"Semi-Mature","DBH_in_cm":18,"Locality":"Erskineville Neighbourhood South","ParkName":"Not applicable","OBJECTID":19574}},{"type":"Feature","id":11802,"geometry":{"type":"Point","coordinates":[151.18813149005,-33.8988860518926]},"properties":{"asset_id":"TS06654","TreeType":"Street Tree","SpeciesName":"Tristaniopsis laurina","CommonName":"Water Gum","TreeHeight":8,"TreeCanopyNS":4,"Tree_Status":"Tree","Tree_Age":"Mature","DBH_in_cm":21,"Locality":"Erskineville Oval","ParkName":"Not applicable","OBJECTID":11802}},{"type":"Feature","id":39399,"geometry":{"type":"Point","coordinates":[151.184783490504,-33.896955280933]},"properties":{"asset_id":"TS35142","TreeType":"Street Tree","SpeciesName":"Callistemon viminalis","CommonName":"Weeping Bottlebrush","TreeHeight":5,"TreeCanopyNS":3,"Tree_Status":"Tree","Tree_Age":"Semi-Mature","DBH_in_cm":15,"Locality":"Erskineville Neighbourhood North","ParkName":"Not applicable","OBJECTID":39399}},{"type":"Feature","id":4769,"geometry":{"type":"Point","coordinates":[151.187877187815,-33.8925827862835]},"properties":{"asset_id":"TS08175","TreeType":"Street Tree","SpeciesName":"Lagerstroemia indica","CommonName":"Crepe Myrtle","TreeHeight":5,"TreeCanopyNS":3,"Tree_Status":"Tree","Tree_Age":"Semi-Mature","DBH_in_cm":12,"Locality":"Darlington and West Redfern","ParkName":"Not applicable","OBJECTID":4769}},{"type":"Feature","id":10769,"geometry":{"type":"Point","coordinates":[151.187549745322,-33.8954660471252]},"properties":{"asset_id":"TS09466","TreeType":"Street Tree","SpeciesName":"Platanus acerifolia","CommonName":"London Plane","TreeHeight":20,"TreeCanopyNS":20,"Tree_Status":"Tree","Tree_Age":"Mature","DBH_in_cm":96,"Locality":"North Newtown","ParkName":"Not applicable","OBJECTID":10769}},{"type":"Feature","id":10869,"geometry":{"type":"Point","coordinates":[151.184258412455,-33.8986371206874]},"properties":{"asset_id":"TS09789","TreeType":"Street Tree","SpeciesName":"Tristaniopsis laurina","CommonName":"Water Gum","TreeHeight":6,"TreeCanopyNS":6,"Tree_Status":"Tree","Tree_Age":"Mature","DBH_in_cm":25,"Locality":"Erskineville Neighbourhood North","ParkName":"Not applicable","OBJECTID":10869}},{"type":"Feature","id":10626,"geometry":{"type":"Point","coordinates":[151.185393911124,-33.8938931471565]},"properties":{"asset_id":"TS08587","TreeType":"Street Tree","SpeciesName":"Ficus macrophylla","CommonName":"Moreton Bay Fig","TreeHeight":19,"TreeCanopyNS":18,"Tree_Status":"Tree","Tree_Age":"Mature","DBH_in_cm":163,"Locality":"North Newtown","ParkName":"Not applicable","OBJECTID":10626}},{"type":"Feature","id":13623,"geometry":{"type":"Point","coordinates":[151.18720900369,-33.8957885425349]},"properties":{"asset_id":"TS29410","TreeType":"Street Tree","SpeciesName":"Jacaranda mimosifolia","CommonName":"Jacaranda","TreeHeight":10,"TreeCanopyNS":7,"Tree_Status":"Tree","Tree_Age":"Mature","DBH_in_cm":34,"Locality":"North Newtown","ParkName":"Not applicable","OBJECTID":13623}},{"type":"Feature","id":46575,"geometry":{"type":"Point","coordinates":[151.180884504918,-33.89656131537]},"properties":{"asset_id":"TS41774","TreeType":"Street Tree","SpeciesName":"Koelreuteria paniculata","CommonName":"Golden Rain Tree","TreeHeight":3,"TreeCanopyNS":3,"Tree_Status":"Tree","Tree_Age":"Young","DBH_in_cm":4,"Locality":"North Newtown","ParkName":"Not applicable","OBJECTID":46575}},{"type":"Feature","id":45493,"geometry":{"type":"Point","coordinates":[151.189935332994,-33.8981238290051]},"properties":{"asset_id":"TS09401","TreeType":"Street Tree","SpeciesName":"Fraxinus pennsylvanica","CommonName":"Green Ash","TreeHeight":3,"TreeCanopyNS":1,"Tree_Status":"Tree","Tree_Age":"Not Applicable","DBH_in_cm":8,"Locality":"Erskineville Oval","ParkName":"Not applicable","OBJECTID":45493}},{"type":"Feature","id":29853,"geometry":{"type":"Point","coordinates":[151.178115991748,-33.890280483258]},"properties":{"asset_id":"TS25089","TreeType":"Street Tree","SpeciesName":"Lophostemon confertus","CommonName":"Brush Box","TreeHeight":7,"TreeCanopyNS":2,"Tree_Status":"Tree","Tree_Age":"Semi-Mature","DBH_in_cm":11,"Locality":"Camperdown","ParkName":"Not applicable","OBJECTID":29853}},{"type":"Feature","id":12592,"geometry":{"type":"Point","coordinates":[151.178227427409,-33.8905468807334]},"properties":{"asset_id":"TS25086","TreeType":"Street Tree","SpeciesName":"Lophostemon confertus","CommonName":"Brush Box","TreeHeight":9,"TreeCanopyNS":8,"Tree_Status":"Tree","Tree_Age":"Mature","DBH_in_cm":35,"Locality":"Camperdown","ParkName":"Not applicable","OBJECTID":12592}},{"type":"Feature","id":9346,"geometry":{"type":"Point","coordinates":[151.180425946672,-33.8913167275429]},"properties":{"asset_id":"TS23432","TreeType":"Street Tree","SpeciesName":"Platanus acerifolia","CommonName":"London Plane","TreeHeight":12,"TreeCanopyNS":12,"Tree_Status":"Tree","Tree_Age":"Mature","DBH_in_cm":37,"Locality":"North Newtown","ParkName":"Not applicable","OBJECTID":9346}},{"type":"Feature","id":12100,"geometry":{"type":"Point","coordinates":[151.182327100817,-33.8914418255959]},"properties":{"asset_id":"TS23441","TreeType":"Street Tree","SpeciesName":"Platanus acerifolia","CommonName":"London Plane","TreeHeight":13,"TreeCanopyNS":13,"Tree_Status":"Tree","Tree_Age":"Mature","DBH_in_cm":37,"Locality":"Camperdown","ParkName":"Not applicable","OBJECTID":12100}},{"type":"Feature","id":11559,"geometry":{"type":"Point","coordinates":[151.183876877485,-33.8977970299165]},"properties":{"asset_id":"TS04481","TreeType":"Street Tree","SpeciesName":"Tristaniopsis laurina","CommonName":"Water Gum","TreeHeight":7,"TreeCanopyNS":4,"Tree_Status":"Tree","Tree_Age":"Semi-Mature","DBH_in_cm":21,"Locality":"Erskineville Neighbourhood North","ParkName":"Not applicable","OBJECTID":11559}},{"type":"Feature","id":26707,"geometry":{"type":"Point","coordinates":[151.184828439767,-33.8942272935792]},"properties":{"asset_id":"TP01558","TreeType":"Park Tree","SpeciesName":"Casuarina cunninghamiana","CommonName":"River She Oak","TreeHeight":23,"TreeCanopyNS":20,"Tree_Status":"Tree","Tree_Age":"Mature","DBH_in_cm":79,"Locality":"North Newtown","ParkName":"Michael Kelly Rest Area","OBJECTID":26707}},{"type":"Feature","id":12051,"geometry":{"type":"Point","coordinates":[151.182353862729,-33.8971154838797]},"properties":{"asset_id":"TS09413","TreeType":"Street Tree","SpeciesName":"Magnolia grandiflora","CommonName":"Southern Magnolia","TreeHeight":7,"TreeCanopyNS":4,"Tree_Status":"Tree","Tree_Age":"Semi-Mature","DBH_in_cm":20,"Locality":"North Newtown","ParkName":"Not applicable","OBJECTID":12051}},{"type":"Feature","id":24592,"geometry":{"type":"Point","coordinates":[151.187513171348,-33.8955438697013]},"properties":{"asset_id":"TS29413","TreeType":"Street Tree","SpeciesName":"Jacaranda mimosifolia","CommonName":"Jacaranda","TreeHeight":7,"TreeCanopyNS":3,"Tree_Status":"Tree","Tree_Age":"Semi-Mature","DBH_in_cm":12,"Locality":"North Newtown","ParkName":"Not applicable","OBJECTID":24592}},{"type":"Feature","id":9344,"geometry":{"type":"Point","coordinates":[151.180695784436,-33.8914005171221]},"properties":{"asset_id":"TS23431","TreeType":"Street Tree","SpeciesName":"Platanus acerifolia","CommonName":"London Plane","TreeHeight":18,"TreeCanopyNS":12,"Tree_Status":"Tree","Tree_Age":"Mature","DBH_in_cm":47,"Locality":"North Newtown","ParkName":"Not applicable","OBJECTID":9344}},{"type":"Feature","id":13257,"geometry":{"type":"Point","coordinates":[151.183929921501,-33.8957749509211]},"properties":{"asset_id":"TS15038","TreeType":"Street Tree","SpeciesName":"Melaleuca quinquenervia","CommonName":"Broad Leaf Paperbark","TreeHeight":12,"TreeCanopyNS":6,"Tree_Status":"Tree","Tree_Age":"Mature","DBH_in_cm":54,"Locality":"North Newtown","ParkName":"Not applicable","OBJECTID":13257}},{"type":"Feature","id":15842,"geometry":{"type":"Point","coordinates":[151.184256389652,-33.8939942391906]},"properties":{"asset_id":"TS15533","TreeType":"Street Tree","SpeciesName":"Eucalyptus microcorys","CommonName":"Tallow Wood","TreeHeight":17,"TreeCanopyNS":10,"Tree_Status":"Tree","Tree_Age":"Mature","DBH_in_cm":60,"Locality":"North Newtown","ParkName":"Not applicable","OBJECTID":15842}},{"type":"Feature","id":16174,"geometry":{"type":"Point","coordinates":[151.182559344582,-33.8955397597917]},"properties":{"asset_id":"TS06080","TreeType":"Street Tree","SpeciesName":"Liquidambar styraciflua","CommonName":"Liquidamber or Sweet Gum","TreeHeight":12,"TreeCanopyNS":6,"Tree_Status":"Tree","Tree_Age":"Mature","DBH_in_cm":49,"Locality":"North Newtown","ParkName":"Not applicable","OBJECTID":16174}},{"type":"Feature","id":28245,"geometry":{"type":"Point","coordinates":[151.182262452453,-33.8979272284516]},"properties":{"asset_id":"TP03891","TreeType":"Park Tree","SpeciesName":"Corymbia maculata","CommonName":"Spotted Gum","TreeHeight":19,"TreeCanopyNS":5,"Tree_Status":"Tree","Tree_Age":"Mature","DBH_in_cm":30,"Locality":"Erskineville Road Village Centre","ParkName":"Green Ban Park","OBJECTID":28245}},{"type":"Feature","id":10933,"geometry":{"type":"Point","coordinates":[151.182062963048,-33.8970041543854]},"properties":{"asset_id":"TS10437","TreeType":"Street Tree","SpeciesName":"Melaleuca quinquenervia","CommonName":"Broad Leaf Paperbark","TreeHeight":14,"TreeCanopyNS":8,"Tree_Status":"Tree","Tree_Age":"Mature","DBH_in_cm":72,"Locality":"North Newtown","ParkName":"Not applicable","OBJECTID":10933}},{"type":"Feature","id":4767,"geometry":{"type":"Point","coordinates":[151.188008478891,-33.8934762641236]},"properties":{"asset_id":"TS08173","TreeType":"Street Tree","SpeciesName":"Lagerstroemia indica","CommonName":"Crepe Myrtle","TreeHeight":5,"TreeCanopyNS":3,"Tree_Status":"Tree","Tree_Age":"Semi-Mature","DBH_in_cm":13,"Locality":"North Newtown","ParkName":"Not applicable","OBJECTID":4767}},{"type":"Feature","id":40671,"geometry":{"type":"Point","coordinates":[151.178484205295,-33.889612333579]},"properties":{"asset_id":null,"TreeType":"Street Tree","SpeciesName":"Olea europaea subsp europaea","CommonName":"Olive","TreeHeight":4,"TreeCanopyNS":3,"Tree_Status":"Tree","Tree_Age":"Mature","DBH_in_cm":11,"Locality":"Camperdown","ParkName":"Not applicable","OBJECTID":40671}},{"type":"Feature","id":6072,"geometry":{"type":"Point","coordinates":[151.178966427554,-33.8901930573606]},"properties":{"asset_id":"TS23693","TreeType":"Street Tree","SpeciesName":"Platanus acerifolia","CommonName":"London Plane","TreeHeight":12,"TreeCanopyNS":5,"Tree_Status":"Tree","Tree_Age":"Semi-Mature","DBH_in_cm":19,"Locality":"Camperdown","ParkName":"Not applicable","OBJECTID":6072}},{"type":"Feature","id":18736,"geometry":{"type":"Point","coordinates":[151.18186443511,-33.8924599988112]},"properties":{"asset_id":"TS03447","TreeType":"Street Tree","SpeciesName":"Tristaniopsis laurina","CommonName":"Water Gum","TreeHeight":10,"TreeCanopyNS":10,"Tree_Status":"Tree","Tree_Age":"Mature","DBH_in_cm":39,"Locality":"North Newtown","ParkName":"Not applicable","OBJECTID":18736}},{"type":"Feature","id":11574,"geometry":{"type":"Point","coordinates":[151.184908502168,-33.8974141225629]},"properties":{"asset_id":"TS04498","TreeType":"Street Tree","SpeciesName":"Tristaniopsis laurina","CommonName":"Water Gum","TreeHeight":7,"TreeCanopyNS":4,"Tree_Status":"Tree","Tree_Age":"Mature","DBH_in_cm":28,"Locality":"Erskineville Neighbourhood North","ParkName":"Not applicable","OBJECTID":11574}},{"type":"Feature","id":41003,"geometry":{"type":"Point","coordinates":[151.18050990665,-33.8940935967504]},"properties":{"asset_id":"TS01063","TreeType":"Street Tree","SpeciesName":"Tristaniopsis 'Luscious'","CommonName":"Water Gum","TreeHeight":4,"TreeCanopyNS":2,"Tree_Status":"Tree","Tree_Age":"Young","DBH_in_cm":8,"Locality":"North Newtown","ParkName":"Not applicable","OBJECTID":41003}},{"type":"Feature","id":12879,"geometry":{"type":"Point","coordinates":[151.18560258692,-33.8987582862204]},"properties":{"asset_id":"TS06147","TreeType":"Street Tree","SpeciesName":"Koelreuteria paniculata","CommonName":"Golden Rain Tree","TreeHeight":6,"TreeCanopyNS":10,"Tree_Status":"Tree","Tree_Age":"Mature","DBH_in_cm":37,"Locality":"Erskineville Neighbourhood North","ParkName":"Not applicable","OBJECTID":12879}},{"type":"Feature","id":12378,"geometry":{"type":"Point","coordinates":[151.179611302488,-33.8986127030548]},"properties":{"asset_id":"TS11770","TreeType":"Street Tree","SpeciesName":"Pistacia chinensis","CommonName":"Chinese Pistacia","TreeHeight":6,"TreeCanopyNS":7,"Tree_Status":"Tree","Tree_Age":"Mature","DBH_in_cm":23,"Locality":"Erskineville Neighbourhood South","ParkName":"Not applicable","OBJECTID":12378}},{"type":"Feature","id":9390,"geometry":{"type":"Point","coordinates":[151.186669949512,-33.8913555202602]},"properties":{"asset_id":"TS23480","TreeType":"Street Tree","SpeciesName":"Jacaranda mimosifolia","CommonName":"Jacaranda","TreeHeight":9,"TreeCanopyNS":5,"Tree_Status":"Tree","Tree_Age":"Mature","DBH_in_cm":28,"Locality":"University of Sydney and Royal Prince Alfred Hospital","ParkName":"Not applicable","OBJECTID":9390}},{"type":"Feature","id":28199,"geometry":{"type":"Point","coordinates":[151.183857410529,-33.8934422658553]},"properties":{"asset_id":"TS33331","TreeType":"Street Tree","SpeciesName":"Jacaranda mimosifolia","CommonName":"Jacaranda","TreeHeight":13,"TreeCanopyNS":9,"Tree_Status":"Tree","Tree_Age":"Mature","DBH_in_cm":50,"Locality":"North Newtown","ParkName":"Not applicable","OBJECTID":28199}},{"type":"Feature","id":26539,"geometry":{"type":"Point","coordinates":[151.182152520535,-33.8928152964623]},"properties":{"asset_id":"TP06877","TreeType":"Park Tree","SpeciesName":"Strelitzia nicolai","CommonName":"Bird of Paradise","TreeHeight":5,"TreeCanopyNS":3,"Tree_Status":"Tree","Tree_Age":"Semi-Mature","DBH_in_cm":21,"Locality":"North Newtown","ParkName":"Goddard Reserve","OBJECTID":26539}},{"type":"Feature","id":29124,"geometry":{"type":"Point","coordinates":[151.185077439191,-33.8973413173925]},"properties":{"asset_id":"TP01117","TreeType":"Street Tree","SpeciesName":"Grevillea robusta","CommonName":"Silky Oak","TreeHeight":16,"TreeCanopyNS":9,"Tree_Status":"Tree","Tree_Age":"Mature","DBH_in_cm":52,"Locality":"Erskineville Neighbourhood North","ParkName":"Not applicable","OBJECTID":29124}},{"type":"Feature","id":10555,"geometry":{"type":"Point","coordinates":[151.188329564964,-33.8938524125125]},"properties":{"asset_id":"TS08148","TreeType":"Street Tree","SpeciesName":"Melaleuca quinquenervia","CommonName":"Broad Leaf Paperbark","TreeHeight":9,"TreeCanopyNS":8,"Tree_Status":"Tree","Tree_Age":"Mature","DBH_in_cm":41,"Locality":"Darlington and West Redfern","ParkName":"Not applicable","OBJECTID":10555}},{"type":"Feature","id":22457,"geometry":{"type":"Point","coordinates":[151.1842900315,-33.8938252991412]},"properties":{"asset_id":"TS15543","TreeType":"Street Tree","SpeciesName":"Eucalyptus microcorys","CommonName":"Tallow Wood","TreeHeight":20,"TreeCanopyNS":12,"Tree_Status":"Tree","Tree_Age":"Mature","DBH_in_cm":62,"Locality":"North Newtown","ParkName":"Not applicable","OBJECTID":22457}},{"type":"Feature","id":26702,"geometry":{"type":"Point","coordinates":[151.184616450247,-33.8942603286721]},"properties":{"asset_id":"TP01563","TreeType":"Park Tree","SpeciesName":"Ficus rubiginosa","CommonName":"Port Jackson or Rusty Fig","TreeHeight":20,"TreeCanopyNS":16,"Tree_Status":"Tree","Tree_Age":"Mature","DBH_in_cm":90,"Locality":"North Newtown","ParkName":"Michael Kelly Rest Area","OBJECTID":26702}},{"type":"Feature","id":28531,"geometry":{"type":"Point","coordinates":[151.181026418097,-33.8964983062207]},"properties":{"asset_id":"TS32903","TreeType":"Street Tree","SpeciesName":"Melaleuca linariifolia","CommonName":"Snow in Summer","TreeHeight":9,"TreeCanopyNS":4,"Tree_Status":"Tree","Tree_Age":"Mature","DBH_in_cm":30,"Locality":"North Newtown","ParkName":"Not applicable","OBJECTID":28531}},{"type":"Feature","id":11551,"geometry":{"type":"Point","coordinates":[151.18289068092,-33.8980872692213]},"properties":{"asset_id":"TS04463","TreeType":"Street Tree","SpeciesName":"Tristaniopsis laurina","CommonName":"Water Gum","TreeHeight":5,"TreeCanopyNS":4,"Tree_Status":"Tree","Tree_Age":"Semi-Mature","DBH_in_cm":22,"Locality":"Erskineville Neighbourhood North","ParkName":"Not applicable","OBJECTID":11551}},{"type":"Feature","id":12046,"geometry":{"type":"Point","coordinates":[151.189492094785,-33.8981743034786]},"properties":{"asset_id":"TS09410","TreeType":"Street Tree","SpeciesName":"Eucalyptus scoparia","CommonName":"Willow Gum","TreeHeight":14,"TreeCanopyNS":10,"Tree_Status":"Tree","Tree_Age":"Mature","DBH_in_cm":50,"Locality":"Erskineville Oval","ParkName":"Not applicable","OBJECTID":12046}},{"type":"Feature","id":27034,"geometry":{"type":"Point","coordinates":[151.189103209411,-33.8939307889626]},"properties":{"asset_id":"TP06558","TreeType":"Park Tree","SpeciesName":"Casuarina obesa","CommonName":"Western Swamp Oak","TreeHeight":15,"TreeCanopyNS":6,"Tree_Status":"Tree","Tree_Age":"Mature","DBH_in_cm":39,"Locality":"Darlington and West Redfern","ParkName":"Wilson Street Reserve #2","OBJECTID":27034}},{"type":"Feature","id":10864,"geometry":{"type":"Point","coordinates":[151.184309604837,-33.8989818871041]},"properties":{"asset_id":"TS09784","TreeType":"Street Tree","SpeciesName":"Tristaniopsis laurina","CommonName":"Water Gum","TreeHeight":5,"TreeCanopyNS":4,"Tree_Status":"Tree","Tree_Age":"Semi-Mature","DBH_in_cm":16,"Locality":"Erskineville Neighbourhood North","ParkName":"Not applicable","OBJECTID":10864}},{"type":"Feature","id":45156,"geometry":{"type":"Point","coordinates":[151.187843607596,-33.8921051837447]},"properties":{"asset_id":"TS44656","TreeType":"Street Tree","SpeciesName":"Eucalyptus scoparia","CommonName":"Willow Gum","TreeHeight":10,"TreeCanopyNS":7,"Tree_Status":"Tree","Tree_Age":"Mature","DBH_in_cm":49,"Locality":"University of Sydney and Royal Prince Alfred Hospital","ParkName":"Not applicable","OBJECTID":45156}},{"type":"Feature","id":44492,"geometry":{"type":"Point","coordinates":[151.184903448506,-33.8912693546374]},"properties":{"asset_id":"TS44481","TreeType":"Street Tree","SpeciesName":"Jacaranda mimosifolia","CommonName":"Jacaranda","TreeHeight":3,"TreeCanopyNS":1,"Tree_Status":"Tree","Tree_Age":"Young","DBH_in_cm":4,"Locality":"University of Sydney and Royal Prince Alfred Hospital","ParkName":"Not applicable","OBJECTID":44492}},{"type":"Feature","id":21770,"geometry":{"type":"Point","coordinates":[151.179281761678,-33.891208743827]},"properties":{"asset_id":"TS17298","TreeType":"Street Tree","SpeciesName":"Tristaniopsis laurina","CommonName":"Water Gum","TreeHeight":6,"TreeCanopyNS":3,"Tree_Status":"Tree","Tree_Age":"Semi-Mature","DBH_in_cm":14,"Locality":"North Newtown","ParkName":"Not applicable","OBJECTID":21770}},{"type":"Feature","id":15819,"geometry":{"type":"Point","coordinates":[151.184099750603,-33.8955783520029]},"properties":{"asset_id":"TS15242","TreeType":"Street Tree","SpeciesName":"Koelreuteria paniculata","CommonName":"Golden Rain Tree","TreeHeight":8,"TreeCanopyNS":7,"Tree_Status":"Tree","Tree_Age":"Mature","DBH_in_cm":34,"Locality":"North Newtown","ParkName":"Not applicable","OBJECTID":15819}},{"type":"Feature","id":27844,"geometry":{"type":"Point","coordinates":[151.185937331812,-33.8943089170654]},"properties":{"asset_id":"TP01821","TreeType":"Park Tree","SpeciesName":"Ficus rubiginosa","CommonName":"Port Jackson or Rusty Fig","TreeHeight":8.4,"TreeCanopyNS":11,"Tree_Status":"Tree","Tree_Age":"Over-Mature","DBH_in_cm":71,"Locality":"North Newtown","ParkName":"Hollis Park","OBJECTID":27844}},{"type":"Feature","id":14823,"geometry":{"type":"Point","coordinates":[151.183141232003,-33.8959414112573]},"properties":{"asset_id":"TS15234","TreeType":"Street Tree","SpeciesName":"Koelreuteria paniculata","CommonName":"Golden Rain Tree","TreeHeight":7,"TreeCanopyNS":5,"Tree_Status":"Tree","Tree_Age":"Mature","DBH_in_cm":20,"Locality":"North Newtown","ParkName":"Not applicable","OBJECTID":14823}},{"type":"Feature","id":13397,"geometry":{"type":"Point","coordinates":[151.187682116406,-33.8946272168401]},"properties":{"asset_id":"TS15281","TreeType":"Street Tree","SpeciesName":"Melaleuca quinquenervia","CommonName":"Broad Leaf Paperbark","TreeHeight":12,"TreeCanopyNS":8,"Tree_Status":"Tree","Tree_Age":"Mature","DBH_in_cm":72,"Locality":"North Newtown","ParkName":"Not applicable","OBJECTID":13397}},{"type":"Feature","id":15487,"geometry":{"type":"Point","coordinates":[151.187674582451,-33.8939356550999]},"properties":{"asset_id":"TS13162","TreeType":"Street Tree","SpeciesName":"Tristaniopsis laurina","CommonName":"Water Gum","TreeHeight":7,"TreeCanopyNS":9,"Tree_Status":"Tree","Tree_Age":"Mature","DBH_in_cm":32,"Locality":"North Newtown","ParkName":"Not applicable","OBJECTID":15487}},{"type":"Feature","id":6851,"geometry":{"type":"Point","coordinates":[151.179339529721,-33.8910242913339]},"properties":{"asset_id":"TS15876","TreeType":"Street Tree","SpeciesName":"Platanus acerifolia","CommonName":"London Plane","TreeHeight":21,"TreeCanopyNS":18,"Tree_Status":"Tree","Tree_Age":"Mature","DBH_in_cm":89,"Locality":"Camperdown","ParkName":"Not applicable","OBJECTID":6851}},{"type":"Feature","id":11173,"geometry":{"type":"Point","coordinates":[151.180054661206,-33.8930203894167]},"properties":{"asset_id":"TS01043","TreeType":"Street Tree","SpeciesName":"Tristaniopsis laurina","CommonName":"Water Gum","TreeHeight":10,"TreeCanopyNS":8,"Tree_Status":"Tree","Tree_Age":"Mature","DBH_in_cm":39,"Locality":"North Newtown","ParkName":"Not applicable","OBJECTID":11173}},{"type":"Feature","id":42477,"geometry":{"type":"Point","coordinates":[151.1829626404,-33.8913314526575]},"properties":{"asset_id":"TS23515","TreeType":"Street Tree","SpeciesName":"Jacaranda mimosifolia","CommonName":"Jacaranda","TreeHeight":3,"TreeCanopyNS":2,"Tree_Status":"Tree","Tree_Age":"Young","DBH_in_cm":6,"Locality":"University of Sydney and Royal Prince Alfred Hospital","ParkName":"Not applicable","OBJECTID":42477}},{"type":"Feature","id":45062,"geometry":{"type":"Point","coordinates":[151.187301550044,-33.8938733560911]},"properties":{"asset_id":"TS05188","TreeType":"Street Tree","SpeciesName":"Jacaranda mimosifolia","CommonName":"Jacaranda","TreeHeight":6,"TreeCanopyNS":2,"Tree_Status":"Tree","Tree_Age":"Young","DBH_in_cm":6,"Locality":"North Newtown","ParkName":"Not applicable","OBJECTID":45062}},{"type":"Feature","id":10764,"geometry":{"type":"Point","coordinates":[151.18727855516,-33.8948219139662]},"properties":{"asset_id":"TS09460","TreeType":"Street Tree","SpeciesName":"Jacaranda mimosifolia","CommonName":"Jacaranda","TreeHeight":10,"TreeCanopyNS":7,"Tree_Status":"Tree","Tree_Age":"Mature","DBH_in_cm":32,"Locality":"North Newtown","ParkName":"Not applicable","OBJECTID":10764}},{"type":"Feature","id":13420,"geometry":{"type":"Point","coordinates":[151.189028608608,-33.8940735189487]},"properties":{"asset_id":"TS15298","TreeType":"Street Tree","SpeciesName":"Melaleuca quinquenervia","CommonName":"Broad Leaf Paperbark","TreeHeight":15,"TreeCanopyNS":7,"Tree_Status":"Tree","Tree_Age":"Mature","DBH_in_cm":58,"Locality":"Darlington and West Redfern","ParkName":"Not applicable","OBJECTID":13420}},{"type":"Feature","id":27157,"geometry":{"type":"Point","coordinates":[151.189982944081,-33.8988846917831]},"properties":{"asset_id":"TP02082","TreeType":"Park Tree","SpeciesName":"Melaleuca armillaris","CommonName":"Bracelet Honey Myrtle","TreeHeight":6,"TreeCanopyNS":2,"Tree_Status":"Tree","Tree_Age":"Semi-Mature","DBH_in_cm":9,"Locality":"Erskineville Oval","ParkName":"Solander Park","OBJECTID":27157}},{"type":"Feature","id":1000,"geometry":{"type":"Point","coordinates":[151.185479653323,-33.891382085321]},"properties":{"asset_id":"TS23516","TreeType":"Street Tree","SpeciesName":"Jacaranda mimosifolia","CommonName":"Jacaranda","TreeHeight":8,"TreeCanopyNS":4,"Tree_Status":"Tree","Tree_Age":"Semi-Mature","DBH_in_cm":17,"Locality":"University of Sydney and Royal Prince Alfred Hospital","ParkName":"Not applicable","OBJECTID":1000}},{"type":"Feature","id":46954,"geometry":{"type":"Point","coordinates":[151.184396387117,-33.8971022385107]},"properties":{"asset_id":"TS40474","TreeType":"Street Tree","SpeciesName":"Callistemon viminalis","CommonName":"Weeping Bottlebrush","TreeHeight":7,"TreeCanopyNS":2,"Tree_Status":"Tree","Tree_Age":"Mature","DBH_in_cm":17,"Locality":"Erskineville Neighbourhood North","ParkName":"Not applicable","OBJECTID":46954}},{"type":"Feature","id":15773,"geometry":{"type":"Point","coordinates":[151.183599544512,-33.8951185755447]},"properties":{"asset_id":"TS14993","TreeType":"Street Tree","SpeciesName":"Eucalyptus punctata","CommonName":"Grey Gum","TreeHeight":14,"TreeCanopyNS":8,"Tree_Status":"Tree","Tree_Age":"Mature","DBH_in_cm":48,"Locality":"North Newtown","ParkName":"Not applicable","OBJECTID":15773}},{"type":"Feature","id":27798,"geometry":{"type":"Point","coordinates":[151.185553033714,-33.894380264326]},"properties":{"asset_id":"TP02210","TreeType":"Park Tree","SpeciesName":"Ficus macrophylla","CommonName":"Moreton Bay Fig","TreeHeight":10,"TreeCanopyNS":8,"Tree_Status":"Tree","Tree_Age":"Over-Mature","DBH_in_cm":91,"Locality":"North Newtown","ParkName":"Hollis Park","OBJECTID":27798}},{"type":"Feature","id":29765,"geometry":{"type":"Point","coordinates":[151.181943470015,-33.8943961978632]},"properties":{"asset_id":"TS02989","TreeType":"Street Tree","SpeciesName":"Banksia integrifolia","CommonName":"Coastal Banksia","TreeHeight":7,"TreeCanopyNS":3,"Tree_Status":"Tree","Tree_Age":"Mature","DBH_in_cm":20,"Locality":"North Newtown","ParkName":"Not applicable","OBJECTID":29765}},{"type":"Feature","id":14107,"geometry":{"type":"Point","coordinates":[151.180838833619,-33.894862765561]},"properties":{"asset_id":"TS01066","TreeType":"Street Tree","SpeciesName":"Tristaniopsis laurina","CommonName":"Water Gum","TreeHeight":9,"TreeCanopyNS":6,"Tree_Status":"Tree","Tree_Age":"Mature","DBH_in_cm":35,"Locality":"North Newtown","ParkName":"Not applicable","OBJECTID":14107}},{"type":"Feature","id":14771,"geometry":{"type":"Point","coordinates":[151.180783703936,-33.8965876900263]},"properties":{"asset_id":"TS15207","TreeType":"Street Tree","SpeciesName":"Koelreuteria paniculata","CommonName":"Golden Rain Tree","TreeHeight":7,"TreeCanopyNS":5,"Tree_Status":"Tree","Tree_Age":"Mature","DBH_in_cm":29,"Locality":"North Newtown","ParkName":"Not applicable","OBJECTID":14771}},{"type":"Feature","id":11789,"geometry":{"type":"Point","coordinates":[151.183026365323,-33.8969672430984]},"properties":{"asset_id":"TS06096","TreeType":"Street Tree","SpeciesName":"Fraxinus griffithii","CommonName":"Evergreen Ash","TreeHeight":6,"TreeCanopyNS":7,"Tree_Status":"Tree","Tree_Age":"Mature","DBH_in_cm":24,"Locality":"North Newtown","ParkName":"Not applicable","OBJECTID":11789}},{"type":"Feature","id":16884,"geometry":{"type":"Point","coordinates":[151.188684672766,-33.8924409180689]},"properties":{"asset_id":"TS08730","TreeType":"Street Tree","SpeciesName":"Eucalyptus scoparia","CommonName":"Willow Gum","TreeHeight":8,"TreeCanopyNS":2,"Tree_Status":"Tree","Tree_Age":"Semi-Mature","DBH_in_cm":14,"Locality":"Darlington and West Redfern","ParkName":"Not applicable","OBJECTID":16884}},{"type":"Feature","id":27040,"geometry":{"type":"Point","coordinates":[151.185117324766,-33.897627845244]},"properties":{"asset_id":"TP06644","TreeType":"Park Tree","SpeciesName":"Tibouchina granulosa","CommonName":"Glory Tree","TreeHeight":4,"TreeCanopyNS":3,"Tree_Status":"Tree","Tree_Age":"Mature","DBH_in_cm":17,"Locality":"Erskineville Neighbourhood North","ParkName":"Burren Street Reserve Playground","OBJECTID":27040}},{"type":"Feature","id":22463,"geometry":{"type":"Point","coordinates":[151.184532417268,-33.8938222895564]},"properties":{"asset_id":"TS15545","TreeType":"Street Tree","SpeciesName":"Cinnamomum camphora","CommonName":"Camphor Laurel","TreeHeight":17,"TreeCanopyNS":14,"Tree_Status":"Tree","Tree_Age":"Mature","DBH_in_cm":98,"Locality":"North Newtown","ParkName":"Not applicable","OBJECTID":22463}},{"type":"Feature","id":46762,"geometry":{"type":"Point","coordinates":[151.186677938754,-33.8940631893295]},"properties":{"asset_id":"TS42309","TreeType":"Street Tree","SpeciesName":"Syzygium australe","CommonName":"Brush Cherry","TreeHeight":8,"TreeCanopyNS":5,"Tree_Status":"Tree","Tree_Age":"Semi-Mature","DBH_in_cm":15,"Locality":"North Newtown","ParkName":"Not applicable","OBJECTID":46762}},{"type":"Feature","id":28291,"geometry":{"type":"Point","coordinates":[151.181943522627,-33.8978983542845]},"properties":{"asset_id":"TP03869","TreeType":"Park Tree","SpeciesName":"Ulmus parvifolia","CommonName":"Chinese Elm","TreeHeight":8,"TreeCanopyNS":9,"Tree_Status":"Tree","Tree_Age":"Mature","DBH_in_cm":41,"Locality":"Erskineville Neighbourhood North","ParkName":"Green Ban Park","OBJECTID":28291}},{"type":"Feature","id":12384,"geometry":{"type":"Point","coordinates":[151.180370265897,-33.8988441225383]},"properties":{"asset_id":"TS11776","TreeType":"Street Tree","SpeciesName":"Pistacia chinensis","CommonName":"Chinese Pistacia","TreeHeight":6,"TreeCanopyNS":4,"Tree_Status":"Tree","Tree_Age":"Semi-Mature","DBH_in_cm":14,"Locality":"Erskineville Neighbourhood South","ParkName":"Not applicable","OBJECTID":12384}},{"type":"Feature","id":10858,"geometry":{"type":"Point","coordinates":[151.184409966428,-33.8988233088586]},"properties":{"asset_id":"TS09808","TreeType":"Street Tree","SpeciesName":"Tristaniopsis laurina","CommonName":"Water Gum","TreeHeight":6,"TreeCanopyNS":5,"Tree_Status":"Tree","Tree_Age":"Mature","DBH_in_cm":24,"Locality":"Erskineville Neighbourhood North","ParkName":"Not applicable","OBJECTID":10858}},{"type":"Feature","id":12161,"geometry":{"type":"Point","coordinates":[151.186232936986,-33.8913637838894]},"properties":{"asset_id":"TS23507","TreeType":"Street Tree","SpeciesName":"Jacaranda mimosifolia","CommonName":"Jacaranda","TreeHeight":15,"TreeCanopyNS":17,"Tree_Status":"Tree","Tree_Age":"Mature","DBH_in_cm":69,"Locality":"University of Sydney and Royal Prince Alfred Hospital","ParkName":"Not applicable","OBJECTID":12161}},{"type":"Feature","id":15481,"geometry":{"type":"Point","coordinates":[151.187687128728,-33.8941910309065]},"properties":{"asset_id":"TS13156","TreeType":"Street Tree","SpeciesName":"Tristaniopsis laurina","CommonName":"Water Gum","TreeHeight":8,"TreeCanopyNS":10,"Tree_Status":"Tree","Tree_Age":"Mature","DBH_in_cm":39,"Locality":"North Newtown","ParkName":"Not applicable","OBJECTID":15481}},{"type":"Feature","id":21555,"geometry":{"type":"Point","coordinates":[151.189992303857,-33.8981195264177]},"properties":{"asset_id":"TS31124","TreeType":"Street Tree","SpeciesName":"Lophostemon confertus","CommonName":"Brush Box","TreeHeight":7,"TreeCanopyNS":5,"Tree_Status":"Tree","Tree_Age":"Mature","DBH_in_cm":21,"Locality":"Erskineville Oval","ParkName":"Not applicable","OBJECTID":21555}},{"type":"Feature","id":21653,"geometry":{"type":"Point","coordinates":[151.180724922813,-33.8989526106557]},"properties":{"asset_id":"TS31495","TreeType":"Street Tree","SpeciesName":"Pistacia chinensis","CommonName":"Chinese Pistacia","TreeHeight":4,"TreeCanopyNS":3,"Tree_Status":"Tree","Tree_Age":"Semi-Mature","DBH_in_cm":7,"Locality":"Erskineville Neighbourhood South","ParkName":"Not applicable","OBJECTID":21653}},{"type":"Feature","id":12184,"geometry":{"type":"Point","coordinates":[151.189687107245,-33.8902169151285]},"properties":{"asset_id":"TS23721","TreeType":"Street Tree","SpeciesName":"Lophostemon confertus","CommonName":"Brush Box","TreeHeight":7,"TreeCanopyNS":7,"Tree_Status":"Tree","Tree_Age":"Mature","DBH_in_cm":28,"Locality":"University of Sydney and Royal Prince Alfred Hospital","ParkName":"Not applicable","OBJECTID":12184}},{"type":"Feature","id":37737,"geometry":{"type":"Point","coordinates":[151.187834607637,-33.8987297414055]},"properties":{"asset_id":"TS34976","TreeType":"Street Tree","SpeciesName":"Lophostemon confertus","CommonName":"Brush Box","TreeHeight":6,"TreeCanopyNS":1.5,"Tree_Status":"Tree","Tree_Age":"Semi-Mature","DBH_in_cm":7,"Locality":"Erskineville Oval","ParkName":"Not applicable","OBJECTID":37737}},{"type":"Feature","id":10346,"geometry":{"type":"Point","coordinates":[151.18503098344,-33.8963085973162]},"properties":{"asset_id":"TS06197","TreeType":"Street Tree","SpeciesName":"Cupaniopsis anacardioides","CommonName":"Tuckeroo","TreeHeight":8,"TreeCanopyNS":8,"Tree_Status":"Tree","Tree_Age":"Mature","DBH_in_cm":45,"Locality":"North Newtown","ParkName":"Not applicable","OBJECTID":10346}},{"type":"Feature","id":13263,"geometry":{"type":"Point","coordinates":[151.183874412143,-33.8958939729306]},"properties":{"asset_id":"TS15040","TreeType":"Street Tree","SpeciesName":"Melaleuca quinquenervia","CommonName":"Broad Leaf Paperbark","TreeHeight":14,"TreeCanopyNS":8,"Tree_Status":"Tree","Tree_Age":"Mature","DBH_in_cm":61,"Locality":"North Newtown","ParkName":"Not applicable","OBJECTID":13263}},{"type":"Feature","id":27658,"geometry":{"type":"Point","coordinates":[151.184393764746,-33.8954865617201]},"properties":{"asset_id":"TS15251","TreeType":"Street Tree","SpeciesName":"Pistacia chinensis","CommonName":"Chinese Pistacia","TreeHeight":5,"TreeCanopyNS":3,"Tree_Status":"Tree","Tree_Age":"Semi-Mature","DBH_in_cm":12,"Locality":"North Newtown","ParkName":"Not applicable","OBJECTID":27658}},{"type":"Feature","id":12919,"geometry":{"type":"Point","coordinates":[151.185491505177,-33.8978203785197]},"properties":{"asset_id":"TS06166","TreeType":"Street Tree","SpeciesName":"Melaleuca quinquenervia","CommonName":"Broad Leaf Paperbark","TreeHeight":13,"TreeCanopyNS":12,"Tree_Status":"Tree","Tree_Age":"Mature","DBH_in_cm":100,"Locality":"Erskineville Neighbourhood North","ParkName":"Not applicable","OBJECTID":12919}},{"type":"Feature","id":16168,"geometry":{"type":"Point","coordinates":[151.182463992558,-33.8953145421737]},"properties":{"asset_id":"TS06073","TreeType":"Street Tree","SpeciesName":"Tristaniopsis laurina","CommonName":"Water Gum","TreeHeight":10,"TreeCanopyNS":5,"Tree_Status":"Tree","Tree_Age":"Mature","DBH_in_cm":39,"Locality":"North Newtown","ParkName":"Not applicable","OBJECTID":16168}},{"type":"Feature","id":25251,"geometry":{"type":"Point","coordinates":[151.181642026334,-33.8944814703215]},"properties":{"asset_id":"TS02988","TreeType":"Street Tree","SpeciesName":"Banksia integrifolia","CommonName":"Coastal Banksia","TreeHeight":6,"TreeCanopyNS":3,"Tree_Status":"Tree","Tree_Age":"Mature","DBH_in_cm":22,"Locality":"North Newtown","ParkName":"Not applicable","OBJECTID":25251}},{"type":"Feature","id":6078,"geometry":{"type":"Point","coordinates":[151.17900733438,-33.8903033130687]},"properties":{"asset_id":"TS23695","TreeType":"Street Tree","SpeciesName":"Platanus acerifolia","CommonName":"London Plane","TreeHeight":16,"TreeCanopyNS":15,"Tree_Status":"Tree","Tree_Age":"Mature","DBH_in_cm":57,"Locality":"Camperdown","ParkName":"Not applicable","OBJECTID":6078}},{"type":"Feature","id":13357,"geometry":{"type":"Point","coordinates":[151.185351312083,-33.8953627986697]},"properties":{"asset_id":"TS15253","TreeType":"Street Tree","SpeciesName":"Platanus acerifolia","CommonName":"London Plane","TreeHeight":16,"TreeCanopyNS":18,"Tree_Status":"Tree","Tree_Age":"Mature","DBH_in_cm":104,"Locality":"North Newtown","ParkName":"Not applicable","OBJECTID":13357}},{"type":"Feature","id":15965,"geometry":{"type":"Point","coordinates":[151.18821478365,-33.8985780723103]},"properties":{"asset_id":"TS29375","TreeType":"Street Tree","SpeciesName":"Eucalyptus botryoides","CommonName":"Swamp Mahogany","TreeHeight":19,"TreeCanopyNS":14,"Tree_Status":"Tree","Tree_Age":"Mature","DBH_in_cm":77,"Locality":"Erskineville Oval","ParkName":"Not applicable","OBJECTID":15965}},{"type":"Feature","id":46593,"geometry":{"type":"Point","coordinates":[151.18888444928,-33.8918192232542]},"properties":{"asset_id":"TS41639","TreeType":"Street Tree","SpeciesName":"Liriodendron tulipifera","CommonName":"Tulip Tree","TreeHeight":4,"TreeCanopyNS":1.5,"Tree_Status":"Tree","Tree_Age":"Young","DBH_in_cm":6,"Locality":"University of Sydney and Royal Prince Alfred Hospital","ParkName":"Not applicable","OBJECTID":46593}},{"type":"Feature","id":36612,"geometry":{"type":"Point","coordinates":[151.179809900933,-33.8909726306786]},"properties":{"asset_id":"TS35319","TreeType":"Street Tree","SpeciesName":"Platanus acerifolia","CommonName":"London Plane","TreeHeight":8,"TreeCanopyNS":3,"Tree_Status":"Tree","Tree_Age":"Semi-Mature","DBH_in_cm":8,"Locality":"Camperdown","ParkName":"Not applicable","OBJECTID":36612}},{"type":"Feature","id":13297,"geometry":{"type":"Point","coordinates":[151.184709495933,-33.8973393211946]},"properties":{"asset_id":"TS06569","TreeType":"Street Tree","SpeciesName":"Fraxinus griffithii","CommonName":"Evergreen Ash","TreeHeight":8,"TreeCanopyNS":5,"Tree_Status":"Tree","Tree_Age":"Mature","DBH_in_cm":30,"Locality":"Erskineville Neighbourhood North","ParkName":"Not applicable","OBJECTID":13297}},{"type":"Feature","id":47332,"geometry":{"type":"Point","coordinates":[151.188689399065,-33.8925242178132]},"properties":{"asset_id":"TS08729","TreeType":"Street Tree","SpeciesName":"Eucalyptus microcorys","CommonName":"Tallow Wood","TreeHeight":6,"TreeCanopyNS":2,"Tree_Status":"Tree","Tree_Age":"Young","DBH_in_cm":9,"Locality":"Darlington and West Redfern","ParkName":"Not applicable","OBJECTID":47332}},{"type":"Feature","id":21561,"geometry":{"type":"Point","coordinates":[151.179906712447,-33.8926654446849]},"properties":{"asset_id":"TS01040","TreeType":"Street Tree","SpeciesName":"Tristaniopsis laurina","CommonName":"Water Gum","TreeHeight":6,"TreeCanopyNS":3,"Tree_Status":"Tree","Tree_Age":"Semi-Mature","DBH_in_cm":14,"Locality":"North Newtown","ParkName":"Not applicable","OBJECTID":21561}},{"type":"Feature","id":9327,"geometry":{"type":"Point","coordinates":[151.181713889166,-33.8916056370263]},"properties":{"asset_id":"TS23418","TreeType":"Street Tree","SpeciesName":"Platanus acerifolia","CommonName":"London Plane","TreeHeight":17,"TreeCanopyNS":15,"Tree_Status":"Tree","Tree_Age":"Mature","DBH_in_cm":44,"Locality":"North Newtown","ParkName":"Not applicable","OBJECTID":9327}},{"type":"Feature","id":47246,"geometry":{"type":"Point","coordinates":[151.184982458718,-33.8957103024981]},"properties":{"asset_id":"TS40456","TreeType":"Street Tree","SpeciesName":"Cupaniopsis anacardioides","CommonName":"Tuckeroo","TreeHeight":4,"TreeCanopyNS":2,"Tree_Status":"Tree","Tree_Age":"Young","DBH_in_cm":12,"Locality":"North Newtown","ParkName":"Not applicable","OBJECTID":47246}},{"type":"Feature","id":47635,"geometry":{"type":"Point","coordinates":[151.187576423951,-33.8919312751488]},"properties":{"asset_id":"TS35266","TreeType":"Street Tree","SpeciesName":"Lophostemon confertus","CommonName":"Brush Box","TreeHeight":5,"TreeCanopyNS":2,"Tree_Status":"Tree","Tree_Age":"Young","DBH_in_cm":5,"Locality":"North Newtown","ParkName":"Not applicable","OBJECTID":47635}},{"type":"Feature","id":38238,"geometry":{"type":"Point","coordinates":[151.182147278715,-33.8898370590208]},"properties":{"asset_id":"TS35584","TreeType":"Street Tree","SpeciesName":"Flindersia australis","CommonName":"Crows Ash","TreeHeight":7,"TreeCanopyNS":3,"Tree_Status":"Tree","Tree_Age":"Semi-Mature","DBH_in_cm":14,"Locality":"University of Sydney and Royal Prince Alfred Hospital","ParkName":"Not applicable","OBJECTID":38238}},{"type":"Feature","id":10847,"geometry":{"type":"Point","coordinates":[151.184182315713,-33.8979420239067]},"properties":{"asset_id":"TS09797","TreeType":"Street Tree","SpeciesName":"Tristaniopsis laurina","CommonName":"Water Gum","TreeHeight":8,"TreeCanopyNS":5,"Tree_Status":"Tree","Tree_Age":"Mature","DBH_in_cm":28,"Locality":"Erskineville Neighbourhood North","ParkName":"Not applicable","OBJECTID":10847}},{"type":"Feature","id":24910,"geometry":{"type":"Point","coordinates":[151.187391140511,-33.8956436091856]},"properties":{"asset_id":"TS31771","TreeType":"Street Tree","SpeciesName":"Robinia pseudoacacia 'Frisia'","CommonName":"Golden Robinia","TreeHeight":5,"TreeCanopyNS":3,"Tree_Status":"Tree","Tree_Age":"Semi-Mature","DBH_in_cm":8,"Locality":"North Newtown","ParkName":"Not applicable","OBJECTID":24910}},{"type":"Feature","id":11488,"geometry":{"type":"Point","coordinates":[151.179709508318,-33.8912395933969]},"properties":{"asset_id":"TS03931","TreeType":"Street Tree","SpeciesName":"Elaeocarpus reticulatus","CommonName":"Blueberry Ash","TreeHeight":10,"TreeCanopyNS":4,"Tree_Status":"Tree","Tree_Age":"Mature","DBH_in_cm":25,"Locality":"North Newtown","ParkName":"Not applicable","OBJECTID":11488}},{"type":"Feature","id":29433,"geometry":{"type":"Point","coordinates":[151.180907372571,-33.8969763606078]},"properties":{"asset_id":"TP01218","TreeType":"Park Tree","SpeciesName":"Eucalyptus microcorys","CommonName":"Tallow Wood","TreeHeight":18,"TreeCanopyNS":18,"Tree_Status":"Tree","Tree_Age":"Mature","DBH_in_cm":93,"Locality":"North Newtown","ParkName":"Mollie Swift Reserve","OBJECTID":29433}},{"type":"Feature","id":14777,"geometry":{"type":"Point","coordinates":[151.181259924807,-33.8965114934721]},"properties":{"asset_id":"TS15211","TreeType":"Street Tree","SpeciesName":"Koelreuteria paniculata","CommonName":"Golden Rain Tree","TreeHeight":5,"TreeCanopyNS":3,"Tree_Status":"Tree","Tree_Age":"Semi-Mature","DBH_in_cm":15,"Locality":"North Newtown","ParkName":"Not applicable","OBJECTID":14777}},{"type":"Feature","id":14783,"geometry":{"type":"Point","coordinates":[151.181513587895,-33.8964360669116]},"properties":{"asset_id":"TS15214","TreeType":"Street Tree","SpeciesName":"Koelreuteria paniculata","CommonName":"Golden Rain Tree","TreeHeight":6,"TreeCanopyNS":4,"Tree_Status":"Tree","Tree_Age":"Mature","DBH_in_cm":22,"Locality":"North Newtown","ParkName":"Not applicable","OBJECTID":14783}},{"type":"Feature","id":11783,"geometry":{"type":"Point","coordinates":[151.18301918395,-33.8968775949245]},"properties":{"asset_id":"TS06097","TreeType":"Street Tree","SpeciesName":"Fraxinus griffithii","CommonName":"Evergreen Ash","TreeHeight":6,"TreeCanopyNS":6,"Tree_Status":"Tree","Tree_Age":"Mature","DBH_in_cm":35,"Locality":"North Newtown","ParkName":"Not applicable","OBJECTID":11783}},{"type":"Feature","id":4504,"geometry":{"type":"Point","coordinates":[151.182817716017,-33.8980197348248]},"properties":{"asset_id":"TS04458","TreeType":"Street Tree","SpeciesName":"Tristaniopsis laurina","CommonName":"Water Gum","TreeHeight":7,"TreeCanopyNS":4,"Tree_Status":"Tree","Tree_Age":"Mature","DBH_in_cm":22,"Locality":"Erskineville Neighbourhood North","ParkName":"Not applicable","OBJECTID":4504}},{"type":"Feature","id":15324,"geometry":{"type":"Point","coordinates":[151.189116452853,-33.898403231819]},"properties":{"asset_id":"TS12140","TreeType":"Street Tree","SpeciesName":"Agonis flexuosa","CommonName":"Willow myrtle","TreeHeight":6,"TreeCanopyNS":6,"Tree_Status":"Tree","Tree_Age":"Mature","DBH_in_cm":40,"Locality":"Erskineville Oval","ParkName":"Not applicable","OBJECTID":15324}},{"type":"Feature","id":15318,"geometry":{"type":"Point","coordinates":[151.189247881983,-33.8987643254785]},"properties":{"asset_id":"TS12158","TreeType":"Street Tree","SpeciesName":"Syagrus romanzoffianum","CommonName":"Cocos Palm","TreeHeight":13,"TreeCanopyNS":5,"Tree_Status":"Tree","Tree_Age":"Mature","DBH_in_cm":36,"Locality":"Erskineville Oval","ParkName":"Not applicable","OBJECTID":15318}},{"type":"Feature","id":9467,"geometry":{"type":"Point","coordinates":[151.188999467293,-33.890905201312]},"properties":{"asset_id":"TS23727","TreeType":"Street Tree","SpeciesName":"Lophostemon confertus","CommonName":"Brush Box","TreeHeight":11,"TreeCanopyNS":10,"Tree_Status":"Tree","Tree_Age":"Mature","DBH_in_cm":42,"Locality":"University of Sydney and Royal Prince Alfred Hospital","ParkName":"Not applicable","OBJECTID":9467}},{"type":"Feature","id":15470,"geometry":{"type":"Point","coordinates":[151.186996221542,-33.8926354679404]},"properties":{"asset_id":"TS13144","TreeType":"Street Tree","SpeciesName":"Tristaniopsis laurina","CommonName":"Water Gum","TreeHeight":8,"TreeCanopyNS":6,"Tree_Status":"Tree","Tree_Age":"Mature","DBH_in_cm":26,"Locality":"North Newtown","ParkName":"Not applicable","OBJECTID":15470}},{"type":"Feature","id":11975,"geometry":{"type":"Point","coordinates":[151.185141656519,-33.8934024933235]},"properties":{"asset_id":"TS08596","TreeType":"Street Tree","SpeciesName":"Lophostemon confertus","CommonName":"Brush Box","TreeHeight":12,"TreeCanopyNS":10,"Tree_Status":"Tree","Tree_Age":"Mature","DBH_in_cm":74,"Locality":"North Newtown","ParkName":"Not applicable","OBJECTID":11975}},{"type":"Feature","id":6811,"geometry":{"type":"Point","coordinates":[151.184105476531,-33.8924623108433]},"properties":{"asset_id":"TS00888","TreeType":"Street Tree","SpeciesName":"Liriodendron tulipifera","CommonName":"Tulip Tree","TreeHeight":9,"TreeCanopyNS":7,"Tree_Status":"Tree","Tree_Age":"Mature","DBH_in_cm":34,"Locality":"University of Sydney and Royal Prince Alfred Hospital","ParkName":"Not applicable","OBJECTID":6811}},{"type":"Feature","id":28205,"geometry":{"type":"Point","coordinates":[151.18381339377,-33.8935242157146]},"properties":{"asset_id":"TS33329","TreeType":"Street Tree","SpeciesName":"Melia azedarach","CommonName":"White Cedar","TreeHeight":13,"TreeCanopyNS":8,"Tree_Status":"Tree","Tree_Age":"Mature","DBH_in_cm":45,"Locality":"North Newtown","ParkName":"Not applicable","OBJECTID":28205}},{"type":"Feature","id":13303,"geometry":{"type":"Point","coordinates":[151.184610703129,-33.8973678927512]},"properties":{"asset_id":"TS06571","TreeType":"Street Tree","SpeciesName":"Fraxinus griffithii","CommonName":"Evergreen Ash","TreeHeight":5,"TreeCanopyNS":3,"Tree_Status":"Tree","Tree_Age":"Semi-Mature","DBH_in_cm":11,"Locality":"Erskineville Neighbourhood North","ParkName":"Not applicable","OBJECTID":13303}},{"type":"Feature","id":9221,"geometry":{"type":"Point","coordinates":[151.179263832273,-33.887809480168]},"properties":{"asset_id":"TS23193","TreeType":"Street Tree","SpeciesName":"Tristaniopsis laurina","CommonName":"Water Gum","TreeHeight":7,"TreeCanopyNS":6,"Tree_Status":"Tree","Tree_Age":"Mature","DBH_in_cm":24,"Locality":"Camperdown","ParkName":"Not applicable","OBJECTID":9221}},{"type":"Feature","id":22451,"geometry":{"type":"Point","coordinates":[151.184095501321,-33.8938713052056]},"properties":{"asset_id":"TS15541","TreeType":"Street Tree","SpeciesName":"Eucalyptus microcorys","CommonName":"Tallow Wood","TreeHeight":18,"TreeCanopyNS":16,"Tree_Status":"Tree","Tree_Age":"Mature","DBH_in_cm":65,"Locality":"North Newtown","ParkName":"Not applicable","OBJECTID":22451}},{"type":"Feature","id":27028,"geometry":{"type":"Point","coordinates":[151.184887943675,-33.8952054709701]},"properties":{"asset_id":"TP01989","TreeType":"Park Tree","SpeciesName":"Jacaranda mimosifolia","CommonName":"Jacaranda","TreeHeight":12,"TreeCanopyNS":6,"Tree_Status":"Tree","Tree_Age":"Mature","DBH_in_cm":32,"Locality":"North Newtown","ParkName":"Jack Haynes Rest Area","OBJECTID":27028}},{"type":"Feature","id":4650,"geometry":{"type":"Point","coordinates":[151.185515365194,-33.8980773637606]},"properties":{"asset_id":"TS06180","TreeType":"Street Tree","SpeciesName":"Pistacia chinensis","CommonName":"Chinese Pistacia","TreeHeight":6,"TreeCanopyNS":6,"Tree_Status":"Tree","Tree_Age":"Semi-Mature","DBH_in_cm":15,"Locality":"Erskineville Neighbourhood North","ParkName":"Not applicable","OBJECTID":4650}},{"type":"Feature","id":10549,"geometry":{"type":"Point","coordinates":[151.188152425586,-33.8934035377095]},"properties":{"asset_id":"TS08142","TreeType":"Street Tree","SpeciesName":"Platanus acerifolia","CommonName":"London Plane","TreeHeight":20,"TreeCanopyNS":14,"Tree_Status":"Tree","Tree_Age":"Mature","DBH_in_cm":65,"Locality":"Darlington and West Redfern","ParkName":"Not applicable","OBJECTID":10549}},{"type":"Feature","id":21369,"geometry":{"type":"Point","coordinates":[151.187751455773,-33.8943397719187]},"properties":{"asset_id":"TS13190","TreeType":"Street Tree","SpeciesName":"Banksia ericifolia","CommonName":"Heath Banksia","TreeHeight":5,"TreeCanopyNS":4,"Tree_Status":"Tree","Tree_Age":"Mature","DBH_in_cm":18,"Locality":"North Newtown","ParkName":"Not applicable","OBJECTID":21369}},{"type":"Feature","id":36864,"geometry":{"type":"Point","coordinates":[151.178344534501,-33.8875313188343]},"properties":{"asset_id":"TS37338","TreeType":"Street Tree","SpeciesName":"Elaeocarpus reticulatus","CommonName":"Blueberry Ash","TreeHeight":6,"TreeCanopyNS":1,"Tree_Status":"Tree","Tree_Age":"Semi-Mature","DBH_in_cm":11,"Locality":"Camperdown","ParkName":"Not applicable","OBJECTID":36864}},{"type":"Feature","id":9321,"geometry":{"type":"Point","coordinates":[151.182389199091,-33.8915625825903]},"properties":{"asset_id":"TS23415","TreeType":"Street Tree","SpeciesName":"Platanus acerifolia","CommonName":"London Plane","TreeHeight":16,"TreeCanopyNS":10,"Tree_Status":"Tree","Tree_Age":"Mature","DBH_in_cm":35,"Locality":"North Newtown","ParkName":"Not applicable","OBJECTID":9321}},{"type":"Feature","id":46994,"geometry":{"type":"Point","coordinates":[151.185040410727,-33.8959147682722]},"properties":{"asset_id":"TS06182","TreeType":"Street Tree","SpeciesName":"Cupaniopsis anacardioides","CommonName":"Tuckeroo","TreeHeight":5,"TreeCanopyNS":2,"Tree_Status":"Tree","Tree_Age":"Semi-Mature","DBH_in_cm":11,"Locality":"North Newtown","ParkName":"Not applicable","OBJECTID":46994}},{"type":"Feature","id":17485,"geometry":{"type":"Point","coordinates":[151.186381411227,-33.8959387609438]},"properties":{"asset_id":"TS10379","TreeType":"Street Tree","SpeciesName":"Melaleuca quinquenervia","CommonName":"Broad Leaf Paperbark","TreeHeight":14,"TreeCanopyNS":11,"Tree_Status":"Tree","Tree_Age":"Mature","DBH_in_cm":100,"Locality":"North Newtown","ParkName":"Not applicable","OBJECTID":17485}},{"type":"Feature","id":8239,"geometry":{"type":"Point","coordinates":[151.180419200573,-33.8938943260354]},"properties":{"asset_id":"TS01059","TreeType":"Street Tree","SpeciesName":"Elaeocarpus reticulatus","CommonName":"Blueberry Ash","TreeHeight":8,"TreeCanopyNS":4,"Tree_Status":"Tree","Tree_Age":"Semi-Mature","DBH_in_cm":16,"Locality":"North Newtown","ParkName":"Not applicable","OBJECTID":8239}},{"type":"Feature","id":45666,"geometry":{"type":"Point","coordinates":[151.181476750056,-33.8963783530348]},"properties":{"asset_id":"TS46474","TreeType":"Street Tree","SpeciesName":"Koelreuteria paniculata","CommonName":"Golden Rain Tree","TreeHeight":3,"TreeCanopyNS":2,"Tree_Status":"Tree","Tree_Age":"Semi-Mature","DBH_in_cm":6,"Locality":"North Newtown","ParkName":"Not applicable","OBJECTID":45666}},{"type":"Feature","id":13403,"geometry":{"type":"Point","coordinates":[151.189016450714,-33.8942138306336]},"properties":{"asset_id":"TS15292","TreeType":"Street Tree","SpeciesName":"Platanus acerifolia","CommonName":"London Plane","TreeHeight":16,"TreeCanopyNS":16,"Tree_Status":"Tree","Tree_Age":"Mature","DBH_in_cm":70,"Locality":"Darlington and West Redfern","ParkName":"Not applicable","OBJECTID":13403}},{"type":"Feature","id":14502,"geometry":{"type":"Point","coordinates":[151.180745992202,-33.8935319672975]},"properties":{"asset_id":"TS03614","TreeType":"Street Tree","SpeciesName":"Callistemon viminalis","CommonName":"Weeping Bottlebrush","TreeHeight":7,"TreeCanopyNS":4,"Tree_Status":"Tree","Tree_Age":"Mature","DBH_in_cm":24,"Locality":"North Newtown","ParkName":"Not applicable","OBJECTID":14502}},{"type":"Feature","id":14265,"geometry":{"type":"Point","coordinates":[151.181708071005,-33.8936268796672]},"properties":{"asset_id":"TS01745","TreeType":"Street Tree","SpeciesName":"Tristaniopsis laurina","CommonName":"Water Gum","TreeHeight":6,"TreeCanopyNS":6,"Tree_Status":"Tree","Tree_Age":"Mature","DBH_in_cm":25,"Locality":"North Newtown","ParkName":"Not applicable","OBJECTID":14265}},{"type":"Feature","id":7767,"geometry":{"type":"Point","coordinates":[151.183193437238,-33.8924403845054]},"properties":{"asset_id":"TS22193","TreeType":"Street Tree","SpeciesName":"Flindersia australis","CommonName":"Crows Ash","TreeHeight":7,"TreeCanopyNS":8,"Tree_Status":"Tree","Tree_Age":"Mature","DBH_in_cm":27,"Locality":"University of Sydney and Royal Prince Alfred Hospital","ParkName":"Not applicable","OBJECTID":7767}},{"type":"Feature","id":10850,"geometry":{"type":"Point","coordinates":[151.184285588976,-33.8978551765446]},"properties":{"asset_id":"TS09800","TreeType":"Street Tree","SpeciesName":"Tristaniopsis laurina","CommonName":"Water Gum","TreeHeight":5,"TreeCanopyNS":5,"Tree_Status":"Tree","Tree_Age":"Mature","DBH_in_cm":25,"Locality":"Erskineville Neighbourhood North","ParkName":"Not applicable","OBJECTID":10850}},{"type":"Feature","id":43150,"geometry":{"type":"Point","coordinates":[151.179095696744,-33.8878045600127]},"properties":{"asset_id":"TS44793","TreeType":"Street Tree","SpeciesName":"Caesalpinia ferrea","CommonName":"Leopard Tree","TreeHeight":2,"TreeCanopyNS":2,"Tree_Status":"Tree","Tree_Age":"Young","DBH_in_cm":6,"Locality":"Camperdown","ParkName":"Not applicable","OBJECTID":43150}},{"type":"Feature","id":45308,"geometry":{"type":"Point","coordinates":[151.189969942475,-33.8912926955154]},"properties":{"asset_id":"TS01589","TreeType":"Street Tree","SpeciesName":"Liriodendron tulipifera","CommonName":"Tulip Tree","TreeHeight":4,"TreeCanopyNS":1,"Tree_Status":"Tree","Tree_Age":"Young","DBH_in_cm":7,"Locality":"University of Sydney and Royal Prince Alfred Hospital","ParkName":"Not applicable","OBJECTID":45308}},{"type":"Feature","id":9404,"geometry":{"type":"Point","coordinates":[151.185763115685,-33.8912465821403]},"properties":{"asset_id":"TS23465","TreeType":"Street Tree","SpeciesName":"Jacaranda mimosifolia","CommonName":"Jacaranda","TreeHeight":12,"TreeCanopyNS":11,"Tree_Status":"Tree","Tree_Age":"Mature","DBH_in_cm":45,"Locality":"University of Sydney and Royal Prince Alfred Hospital","ParkName":"Not applicable","OBJECTID":9404}},{"type":"Feature","id":37671,"geometry":{"type":"Point","coordinates":[151.184104440255,-33.8914145693683]},"properties":{"asset_id":"TS34137","TreeType":"Street Tree","SpeciesName":"Jacaranda mimosifolia","CommonName":"Jacaranda","TreeHeight":5,"TreeCanopyNS":4,"Tree_Status":"Tree","Tree_Age":"Semi-Mature","DBH_in_cm":16,"Locality":"University of Sydney and Royal Prince Alfred Hospital","ParkName":"Not applicable","OBJECTID":37671}},{"type":"Feature","id":39380,"geometry":{"type":"Point","coordinates":[151.184571493613,-33.8970393538872]},"properties":{"asset_id":"TS35132","TreeType":"Street Tree","SpeciesName":"Corymbia maculata","CommonName":"Spotted Gum","TreeHeight":7,"TreeCanopyNS":3,"Tree_Status":"Tree","Tree_Age":"Semi-Mature","DBH_in_cm":17,"Locality":"Erskineville Neighbourhood North","ParkName":"Not applicable","OBJECTID":39380}},{"type":"Feature","id":13363,"geometry":{"type":"Point","coordinates":[151.185768791183,-33.8950729094446]},"properties":{"asset_id":"TS15262","TreeType":"Street Tree","SpeciesName":"Koelreuteria paniculata","CommonName":"Golden Rain Tree","TreeHeight":6,"TreeCanopyNS":4,"Tree_Status":"Tree","Tree_Age":"Mature","DBH_in_cm":22,"Locality":"North Newtown","ParkName":"Not applicable","OBJECTID":13363}},{"type":"Feature","id":27853,"geometry":{"type":"Point","coordinates":[151.186349552856,-33.8942925347688]},"properties":{"asset_id":"TP01818","TreeType":"Park Tree","SpeciesName":"Ficus macrophylla","CommonName":"Moreton Bay Fig","TreeHeight":17,"TreeCanopyNS":20,"Tree_Status":"Tree","Tree_Age":"Mature","DBH_in_cm":173,"Locality":"North Newtown","ParkName":"Hollis Park","OBJECTID":27853}},{"type":"Feature","id":11797,"geometry":{"type":"Point","coordinates":[151.188179488701,-33.898738512791]},"properties":{"asset_id":"TS06649","TreeType":"Street Tree","SpeciesName":"Tristaniopsis laurina","CommonName":"Water Gum","TreeHeight":7,"TreeCanopyNS":5,"Tree_Status":"Tree","Tree_Age":"Mature","DBH_in_cm":26,"Locality":"Erskineville Oval","ParkName":"Not applicable","OBJECTID":11797}},{"type":"Feature","id":46519,"geometry":{"type":"Point","coordinates":[151.188767015133,-33.8927246428992]},"properties":{"asset_id":"TS08723","TreeType":"Street Tree","SpeciesName":"Eucalyptus microcorys","CommonName":"Tallow Wood","TreeHeight":9,"TreeCanopyNS":3,"Tree_Status":"Tree","Tree_Age":"Semi-Mature","DBH_in_cm":15,"Locality":"Darlington and West Redfern","ParkName":"Not applicable","OBJECTID":46519}},{"type":"Feature","id":156,"geometry":{"type":"Point","coordinates":[151.187076089987,-33.8926168955694]},"properties":{"asset_id":"TS13187","TreeType":"Street Tree","SpeciesName":"Tristaniopsis laurina","CommonName":"Water Gum","TreeHeight":5,"TreeCanopyNS":2,"Tree_Status":"Tree","Tree_Age":"Semi-Mature","DBH_in_cm":8,"Locality":"North Newtown","ParkName":"Not applicable","OBJECTID":156}},{"type":"Feature","id":12891,"geometry":{"type":"Point","coordinates":[151.18730378653,-33.8931290062204]},"properties":{"asset_id":"TS13177","TreeType":"Street Tree","SpeciesName":"Jacaranda mimosifolia","CommonName":"Jacaranda","TreeHeight":10,"TreeCanopyNS":7,"Tree_Status":"Tree","Tree_Age":"Mature","DBH_in_cm":30,"Locality":"North Newtown","ParkName":"Not applicable","OBJECTID":12891}},{"type":"Feature","id":45096,"geometry":{"type":"Point","coordinates":[151.179656367772,-33.8911859663813]},"properties":{"asset_id":"TS03936","TreeType":"Street Tree","SpeciesName":"Lagerstroemia indica","CommonName":"Crepe Myrtle","TreeHeight":3,"TreeCanopyNS":1,"Tree_Status":"Tree","Tree_Age":"Young","DBH_in_cm":3,"Locality":"North Newtown","ParkName":"Not applicable","OBJECTID":45096}},{"type":"Feature","id":25457,"geometry":{"type":"Point","coordinates":[151.182115527381,-33.8956383519438]},"properties":{"asset_id":"TP00012","TreeType":"Park Tree","SpeciesName":"Robinia pseudoacacia 'Frisia'","CommonName":"Golden Robinia","TreeHeight":11,"TreeCanopyNS":6,"Tree_Status":"Tree","Tree_Age":"Mature","DBH_in_cm":46,"Locality":"North Newtown","ParkName":"WJ Thurbon Reserve","OBJECTID":25457}},{"type":"Feature","id":46682,"geometry":{"type":"Point","coordinates":[151.182122941572,-33.8937249807285]},"properties":{"asset_id":"TS04367","TreeType":"Street Tree","SpeciesName":"Elaeocarpus reticulatus","CommonName":"Blueberry Ash","TreeHeight":4,"TreeCanopyNS":1,"Tree_Status":"Tree","Tree_Age":"Young","DBH_in_cm":4,"Locality":"North Newtown","ParkName":"Not applicable","OBJECTID":46682}},{"type":"Feature","id":8812,"geometry":{"type":"Point","coordinates":[151.181969052203,-33.8938175717263]},"properties":{"asset_id":"TS04363","TreeType":"Street Tree","SpeciesName":"Tristaniopsis laurina","CommonName":"Water Gum","TreeHeight":7,"TreeCanopyNS":3,"Tree_Status":"Tree","Tree_Age":"Mature","DBH_in_cm":28,"Locality":"North Newtown","ParkName":"Not applicable","OBJECTID":8812}},{"type":"Feature","id":12058,"geometry":{"type":"Point","coordinates":[151.182199808574,-33.897164608994]},"properties":{"asset_id":"TS09420","TreeType":"Street Tree","SpeciesName":"Magnolia grandiflora","CommonName":"Southern Magnolia","TreeHeight":5,"TreeCanopyNS":3,"Tree_Status":"Tree","Tree_Age":"Semi-Mature","DBH_in_cm":11,"Locality":"North Newtown","ParkName":"Not applicable","OBJECTID":12058}},{"type":"Feature","id":45451,"geometry":{"type":"Point","coordinates":[151.188847153934,-33.8929591906557]},"properties":{"asset_id":"TS08720","TreeType":"Street Tree","SpeciesName":"Eucalyptus microcorys","CommonName":"Tallow Wood","TreeHeight":6,"TreeCanopyNS":2,"Tree_Status":"Tree","Tree_Age":"Young","DBH_in_cm":6,"Locality":"Darlington and West Redfern","ParkName":"Not applicable","OBJECTID":45451}},{"type":"Feature","id":6081,"geometry":{"type":"Point","coordinates":[151.179067774072,-33.8905679639632]},"properties":{"asset_id":"TS23697","TreeType":"Street Tree","SpeciesName":"Angophora floribunda","CommonName":"Roughbarked Apple Myrtle","TreeHeight":11,"TreeCanopyNS":10,"Tree_Status":"Tree","Tree_Age":"Mature","DBH_in_cm":48,"Locality":"Camperdown","ParkName":"Not applicable","OBJECTID":6081}},{"type":"Feature","id":48746,"geometry":{"type":"Point","coordinates":[151.187138720921,-33.8929631822245]},"properties":{"asset_id":"TS13168","TreeType":"Street Tree","SpeciesName":"Tristaniopsis laurina","CommonName":"Water Gum","TreeHeight":5,"TreeCanopyNS":3,"Tree_Status":"Tree","Tree_Age":"Semi-Mature","DBH_in_cm":10,"Locality":"North Newtown","ParkName":"Not applicable","OBJECTID":48746}},{"type":"Feature","id":46705,"geometry":{"type":"Point","coordinates":[151.180210548765,-33.8933885264208]},"properties":{"asset_id":"TS01047","TreeType":"Street Tree","SpeciesName":"Tristaniopsis laurina","CommonName":"Water Gum","TreeHeight":3,"TreeCanopyNS":2,"Tree_Status":"Tree","Tree_Age":"Young","DBH_in_cm":5,"Locality":"North Newtown","ParkName":"Not applicable","OBJECTID":46705}},{"type":"Feature","id":16188,"geometry":{"type":"Point","coordinates":[151.18515930907,-33.896330416697]},"properties":{"asset_id":"TS06192","TreeType":"Street Tree","SpeciesName":"Tristaniopsis laurina","CommonName":"Water Gum","TreeHeight":8,"TreeCanopyNS":8,"Tree_Status":"Tree","Tree_Age":"Mature","DBH_in_cm":54,"Locality":"North Newtown","ParkName":"Not applicable","OBJECTID":16188}},{"type":"Feature","id":15782,"geometry":{"type":"Point","coordinates":[151.183330469717,-33.8945291105307]},"properties":{"asset_id":"TS15002","TreeType":"Street Tree","SpeciesName":"Callistemon viminalis","CommonName":"Weeping Bottlebrush","TreeHeight":12,"TreeCanopyNS":7,"Tree_Status":"Tree","Tree_Age":"Mature","DBH_in_cm":48,"Locality":"North Newtown","ParkName":"Not applicable","OBJECTID":15782}},{"type":"Feature","id":18750,"geometry":{"type":"Point","coordinates":[151.181988406082,-33.8927019607415]},"properties":{"asset_id":"TS03424","TreeType":"Street Tree","SpeciesName":"Pistacia chinensis","CommonName":"Chinese Pistacia","TreeHeight":6,"TreeCanopyNS":5,"Tree_Status":"Tree","Tree_Age":"Mature","DBH_in_cm":18,"Locality":"North Newtown","ParkName":"Not applicable","OBJECTID":18750}},{"type":"Feature","id":46562,"geometry":{"type":"Point","coordinates":[151.184623471567,-33.895495268031]},"properties":{"asset_id":"TS41779","TreeType":"Street Tree","SpeciesName":"Pyrus calleryana 'Chanticleer'","CommonName":"Callery Pear","TreeHeight":3,"TreeCanopyNS":1,"Tree_Status":"Tree","Tree_Age":"Young","DBH_in_cm":6,"Locality":"North Newtown","ParkName":"Not applicable","OBJECTID":46562}},{"type":"Feature","id":29985,"geometry":{"type":"Point","coordinates":[151.182296894842,-33.8983169252403]},"properties":{"asset_id":"TP03728","TreeType":"Park Tree","SpeciesName":"Eucalyptus microcorys","CommonName":"Tallow Wood","TreeHeight":17,"TreeCanopyNS":17,"Tree_Status":"Tree","Tree_Age":"Mature","DBH_in_cm":67,"Locality":"Erskineville Road Village Centre","ParkName":"Green Bans Park","OBJECTID":29985}},{"type":"Feature","id":24750,"geometry":{"type":"Point","coordinates":[151.189145856591,-33.8937701856151]},"properties":{"asset_id":"TS17317","TreeType":"Street Tree","SpeciesName":"Elaeocarpus reticulatus","CommonName":"Blueberry Ash","TreeHeight":4,"TreeCanopyNS":2,"Tree_Status":"Tree","Tree_Age":"Semi-Mature","DBH_in_cm":5,"Locality":"Darlington and West Redfern","ParkName":"Not applicable","OBJECTID":24750}},{"type":"Feature","id":33904,"geometry":{"type":"Point","coordinates":[151.189045568787,-33.8978432939293]},"properties":{"asset_id":"TP04202","TreeType":"Park Tree","SpeciesName":"Liquidambar styraciflua","CommonName":"Liquidamber or Sweet Gum","TreeHeight":5,"TreeCanopyNS":3,"Tree_Status":"Tree","Tree_Age":"Semi-Mature","DBH_in_cm":14,"Locality":null,"ParkName":"South Sydney Rotary Park #1","OBJECTID":33904}},{"type":"Feature","id":33898,"geometry":{"type":"Point","coordinates":[151.189213201899,-33.8980621752775]},"properties":{"asset_id":"TP04206","TreeType":"Park Tree","SpeciesName":"Ficus rubiginosa","CommonName":"Port Jackson or Rusty Fig","TreeHeight":4,"TreeCanopyNS":4,"Tree_Status":"Tree","Tree_Age":"Semi-Mature","DBH_in_cm":21,"Locality":"Erskineville Oval","ParkName":"South Sydney Rotary Park #1","OBJECTID":33898}},{"type":"Feature","id":27163,"geometry":{"type":"Point","coordinates":[151.189957540213,-33.8987615020481]},"properties":{"asset_id":"TP02072","TreeType":"Park Tree","SpeciesName":"Melaleuca bracteata","CommonName":"River Tea Tree","TreeHeight":11,"TreeCanopyNS":4,"Tree_Status":"Tree","Tree_Age":"Mature","DBH_in_cm":33,"Locality":"Erskineville Oval","ParkName":"Solander Park","OBJECTID":27163}},{"type":"Feature","id":44718,"geometry":{"type":"Point","coordinates":[151.181205033862,-33.8883668467978]},"properties":{"asset_id":"TS42706","TreeType":"Street Tree","SpeciesName":"Flindersia australis","CommonName":"Crows Ash","TreeHeight":3,"TreeCanopyNS":1,"Tree_Status":"Tree","Tree_Age":"Young","DBH_in_cm":7,"Locality":"University of Sydney and Royal Prince Alfred Hospital","ParkName":"Not applicable","OBJECTID":44718}},{"type":"Feature","id":13320,"geometry":{"type":"Point","coordinates":[151.183992679153,-33.8961708361061]},"properties":{"asset_id":"TS15035","TreeType":"Street Tree","SpeciesName":"Melaleuca quinquenervia","CommonName":"Broad Leaf Paperbark","TreeHeight":12,"TreeCanopyNS":8,"Tree_Status":"Tree","Tree_Age":"Mature","DBH_in_cm":84,"Locality":"North Newtown","ParkName":"Not applicable","OBJECTID":13320}},{"type":"Feature","id":13314,"geometry":{"type":"Point","coordinates":[151.183942097348,-33.8963430429648]},"properties":{"asset_id":"TS15033","TreeType":"Street Tree","SpeciesName":"Melaleuca quinquenervia","CommonName":"Broad Leaf Paperbark","TreeHeight":11,"TreeCanopyNS":6,"Tree_Status":"Tree","Tree_Age":"Mature","DBH_in_cm":54,"Locality":"North Newtown","ParkName":"Not applicable","OBJECTID":13314}},{"type":"Feature","id":45288,"geometry":{"type":"Point","coordinates":[151.183552297767,-33.8957402560179]},"properties":{"asset_id":"TS41776","TreeType":"Street Tree","SpeciesName":"Pyrus nivalis","CommonName":"Pear","TreeHeight":3,"TreeCanopyNS":1,"Tree_Status":"Tree","Tree_Age":"Young","DBH_in_cm":7,"Locality":"North Newtown","ParkName":"Not applicable","OBJECTID":45288}},{"type":"Feature","id":24607,"geometry":{"type":"Point","coordinates":[151.187001064181,-33.8957169498193]},"properties":{"asset_id":"TS29418","TreeType":"Street Tree","SpeciesName":"Jacaranda mimosifolia","CommonName":"Jacaranda","TreeHeight":6,"TreeCanopyNS":2,"Tree_Status":"Tree","Tree_Age":"Semi-Mature","DBH_in_cm":10,"Locality":"North Newtown","ParkName":"Not applicable","OBJECTID":24607}},{"type":"Feature","id":24601,"geometry":{"type":"Point","coordinates":[151.187135349358,-33.8956717657532]},"properties":{"asset_id":"TS29416","TreeType":"Street Tree","SpeciesName":"Callistemon citrinus","CommonName":"Crimson Bottlebrush","TreeHeight":5,"TreeCanopyNS":4,"Tree_Status":"Tree","Tree_Age":"Semi-Mature","DBH_in_cm":18,"Locality":"North Newtown","ParkName":"Not applicable","OBJECTID":24601}},{"type":"Feature","id":14814,"geometry":{"type":"Point","coordinates":[151.182508553164,-33.8961395654046]},"properties":{"asset_id":"TS15228","TreeType":"Street Tree","SpeciesName":"Pistacia chinensis","CommonName":"Chinese Pistacia","TreeHeight":8,"TreeCanopyNS":7,"Tree_Status":"Tree","Tree_Age":"Mature","DBH_in_cm":30,"Locality":"North Newtown","ParkName":"Not applicable","OBJECTID":14814}},{"type":"Feature","id":15478,"geometry":{"type":"Point","coordinates":[151.187451211935,-33.8936634704725]},"properties":{"asset_id":"TS13153","TreeType":"Street Tree","SpeciesName":"Tristaniopsis laurina","CommonName":"Water Gum","TreeHeight":6,"TreeCanopyNS":4,"Tree_Status":"Tree","Tree_Age":"Semi-Mature","DBH_in_cm":18,"Locality":"North Newtown","ParkName":"Not applicable","OBJECTID":15478}},{"type":"Feature","id":33921,"geometry":{"type":"Point","coordinates":[151.188828531815,-33.8978129600868]},"properties":{"asset_id":"TP04190","TreeType":"Park Tree","SpeciesName":"Ulmus parvifolia","CommonName":"Chinese Elm","TreeHeight":6,"TreeCanopyNS":6,"Tree_Status":"Tree","Tree_Age":"Mature","DBH_in_cm":28,"Locality":null,"ParkName":"South Sydney Rotary Park #1","OBJECTID":33921}},{"type":"Feature","id":25099,"geometry":{"type":"Point","coordinates":[151.178258609618,-33.888750095014]},"properties":{"asset_id":"TS33851","TreeType":"Street Tree","SpeciesName":"Corymbia maculata","CommonName":"Spotted Gum","TreeHeight":15,"TreeCanopyNS":8,"Tree_Status":"Tree","Tree_Age":"Semi-Mature","DBH_in_cm":31,"Locality":"Camperdown","ParkName":"Not applicable","OBJECTID":25099}},{"type":"Feature","id":48677,"geometry":{"type":"Point","coordinates":[151.178197367049,-33.8985028842337]},"properties":{"asset_id":"TS02458","TreeType":"Street Tree","SpeciesName":"Platanus acerifolia","CommonName":"London Plane","TreeHeight":4,"TreeCanopyNS":2,"Tree_Status":"Tree","Tree_Age":"Semi-Mature","DBH_in_cm":4,"Locality":"King Street Retail Strip","ParkName":"Not applicable","OBJECTID":48677}},{"type":"Feature","id":9384,"geometry":{"type":"Point","coordinates":[151.185979803286,-33.8913691635163]},"properties":{"asset_id":"TS23490","TreeType":"Street Tree","SpeciesName":"Melaleuca quinquenervia","CommonName":"Broad Leaf Paperbark","TreeHeight":17,"TreeCanopyNS":11,"Tree_Status":"Tree","Tree_Age":"Mature","DBH_in_cm":50,"Locality":"University of Sydney and Royal Prince Alfred Hospital","ParkName":"Not applicable","OBJECTID":9384}},{"type":"Feature","id":23201,"geometry":{"type":"Point","coordinates":[151.183519966742,-33.8913043253592]},"properties":{"asset_id":"TS23504","TreeType":"Street Tree","SpeciesName":"Jacaranda mimosifolia","CommonName":"Jacaranda","TreeHeight":9,"TreeCanopyNS":11,"Tree_Status":"Tree","Tree_Age":"Mature","DBH_in_cm":32,"Locality":"University of Sydney and Royal Prince Alfred Hospital","ParkName":"Not applicable","OBJECTID":23201}},{"type":"Feature","id":39357,"geometry":{"type":"Point","coordinates":[151.184071522063,-33.8971952870882]},"properties":{"asset_id":"TS35352","TreeType":"Street Tree","SpeciesName":"Celtis australis","CommonName":"Nettle Tree","TreeHeight":12,"TreeCanopyNS":7,"Tree_Status":"Tree","Tree_Age":"Mature","DBH_in_cm":40,"Locality":"Erskineville Neighbourhood North","ParkName":"Not applicable","OBJECTID":39357}},{"type":"Feature","id":44598,"geometry":{"type":"Point","coordinates":[151.184871211693,-33.8942448765641]},"properties":{"asset_id":"TS45503","TreeType":"Park Tree","SpeciesName":"Livistona australis","CommonName":"Cabbage Tree Palm","TreeHeight":6,"TreeCanopyNS":2,"Tree_Status":"Tree","Tree_Age":"Young","DBH_in_cm":25,"Locality":"North Newtown","ParkName":"Michael Kelly Rest Area","OBJECTID":44598}},{"type":"Feature","id":18040,"geometry":{"type":"Point","coordinates":[151.186009484968,-33.895793244034]},"properties":{"asset_id":"TS12320","TreeType":"Street Tree","SpeciesName":"Melaleuca quinquenervia","CommonName":"Broad Leaf Paperbark","TreeHeight":10,"TreeCanopyNS":10,"Tree_Status":"Tree","Tree_Age":"Mature","DBH_in_cm":70,"Locality":"North Newtown","ParkName":"Not applicable","OBJECTID":18040}},{"type":"Feature","id":33947,"geometry":{"type":"Point","coordinates":[151.189146539232,-33.8978037496436]},"properties":{"asset_id":"TP04172","TreeType":"Park Tree","SpeciesName":"Eucalyptus microcorys","CommonName":"Tallow Wood","TreeHeight":15,"TreeCanopyNS":12,"Tree_Status":"Tree","Tree_Age":"Mature","DBH_in_cm":71,"Locality":null,"ParkName":"South Sydney Rotary Park #1","OBJECTID":33947}},{"type":"Feature","id":6087,"geometry":{"type":"Point","coordinates":[151.179115380597,-33.8906631695443]},"properties":{"asset_id":"TS23699","TreeType":"Street Tree","SpeciesName":"Eucalyptus scoparia","CommonName":"Willow Gum","TreeHeight":17,"TreeCanopyNS":20,"Tree_Status":"Tree","Tree_Age":"Mature","DBH_in_cm":75,"Locality":"Camperdown","ParkName":"Not applicable","OBJECTID":6087}},{"type":"Feature","id":44449,"geometry":{"type":"Point","coordinates":[151.182280457868,-33.8903379545829]},"properties":{"asset_id":"TS31713","TreeType":"Street Tree","SpeciesName":"Flindersia australis","CommonName":"Crows Ash","TreeHeight":2,"TreeCanopyNS":1,"Tree_Status":"Tree","Tree_Age":"Young","DBH_in_cm":3,"Locality":"Camperdown","ParkName":"Not applicable","OBJECTID":44449}},{"type":"Feature","id":23276,"geometry":{"type":"Point","coordinates":[151.179782074224,-33.8911118079589]},"properties":{"asset_id":"TS24219","TreeType":"Street Tree","SpeciesName":"Platanus acerifolia","CommonName":"London Plane","TreeHeight":7,"TreeCanopyNS":4,"Tree_Status":"Tree","Tree_Age":"Semi-Mature","DBH_in_cm":9,"Locality":"North Newtown","ParkName":"Not applicable","OBJECTID":23276}},{"type":"Feature","id":9333,"geometry":{"type":"Point","coordinates":[151.181234843869,-33.8915462634516]},"properties":{"asset_id":"TS23420","TreeType":"Street Tree","SpeciesName":"Platanus acerifolia","CommonName":"London Plane","TreeHeight":19,"TreeCanopyNS":11,"Tree_Status":"Tree","Tree_Age":"Mature","DBH_in_cm":56,"Locality":"North Newtown","ParkName":"Not applicable","OBJECTID":9333}},{"type":"Feature","id":32473,"geometry":{"type":"Point","coordinates":[151.181097471458,-33.8962382134168]},"properties":{"asset_id":"TS32905","TreeType":"Street Tree","SpeciesName":"Koelreuteria paniculata","CommonName":"Golden Rain Tree","TreeHeight":5,"TreeCanopyNS":4,"Tree_Status":"Tree","Tree_Age":"Semi-Mature","DBH_in_cm":13,"Locality":"North Newtown","ParkName":"Not applicable","OBJECTID":32473}},{"type":"Feature","id":27186,"geometry":{"type":"Point","coordinates":[151.189923979161,-33.8987172746179]},"properties":{"asset_id":"TP02006","TreeType":"Park Tree","SpeciesName":"Grevillea robusta","CommonName":"Silky Oak","TreeHeight":16,"TreeCanopyNS":12,"Tree_Status":"Tree","Tree_Age":"Mature","DBH_in_cm":69,"Locality":"Erskineville Oval","ParkName":"Solander Park","OBJECTID":27186}},{"type":"Feature","id":11176,"geometry":{"type":"Point","coordinates":[151.18029497979,-33.893572645611]},"properties":{"asset_id":"TS01048","TreeType":"Street Tree","SpeciesName":"Tristaniopsis laurina","CommonName":"Water Gum","TreeHeight":9,"TreeCanopyNS":9,"Tree_Status":"Tree","Tree_Age":"Mature","DBH_in_cm":35,"Locality":"North Newtown","ParkName":"Not applicable","OBJECTID":11176}},{"type":"Feature","id":14259,"geometry":{"type":"Point","coordinates":[151.181825175451,-33.8938918247755]},"properties":{"asset_id":"TS01743","TreeType":"Street Tree","SpeciesName":"Robinia pseudoacacia 'Frisia'","CommonName":"Golden Robinia","TreeHeight":10,"TreeCanopyNS":7,"Tree_Status":"Tree","Tree_Age":"Mature","DBH_in_cm":25,"Locality":"North Newtown","ParkName":"Not applicable","OBJECTID":14259}},{"type":"Feature","id":28239,"geometry":{"type":"Point","coordinates":[151.18227847069,-33.8980182694989]},"properties":{"asset_id":"TP03895","TreeType":"Park Tree","SpeciesName":"Corymbia maculata","CommonName":"Spotted Gum","TreeHeight":13,"TreeCanopyNS":3,"Tree_Status":"Tree","Tree_Age":"Mature","DBH_in_cm":24,"Locality":"Erskineville Road Village Centre","ParkName":"Green Ban Park","OBJECTID":28239}},{"type":"Feature","id":43144,"geometry":{"type":"Point","coordinates":[151.180140099815,-33.8874871648182]},"properties":{"asset_id":"TS44791","TreeType":"Street Tree","SpeciesName":"Tristaniopsis laurina","CommonName":"Water Gum","TreeHeight":2,"TreeCanopyNS":1,"Tree_Status":"Tree","Tree_Age":"Young","DBH_in_cm":6,"Locality":"Camperdown","ParkName":"Not applicable","OBJECTID":43144}},{"type":"Feature","id":12599,"geometry":{"type":"Point","coordinates":[151.178152737208,-33.8903728233361]},"properties":{"asset_id":"TS25084","TreeType":"Street Tree","SpeciesName":"Lophostemon confertus","CommonName":"Brush Box","TreeHeight":11,"TreeCanopyNS":12,"Tree_Status":"Tree","Tree_Age":"Mature","DBH_in_cm":62,"Locality":"Camperdown","ParkName":"Not applicable","OBJECTID":12599}},{"type":"Feature","id":41650,"geometry":{"type":"Point","coordinates":[151.178003478982,-33.8883972598692]},"properties":{"asset_id":"TS23668","TreeType":"Street Tree","SpeciesName":"Elaeocarpus reticulatus","CommonName":"Blueberry Ash","TreeHeight":3,"TreeCanopyNS":1,"Tree_Status":"Tree","Tree_Age":"Semi-Mature","DBH_in_cm":5,"Locality":"Camperdown","ParkName":"Not applicable","OBJECTID":41650}},{"type":"Feature","id":18730,"geometry":{"type":"Point","coordinates":[151.182324766636,-33.8933352540089]},"properties":{"asset_id":"TS03442","TreeType":"Street Tree","SpeciesName":"Tristaniopsis laurina","CommonName":"Water Gum","TreeHeight":6,"TreeCanopyNS":6,"Tree_Status":"Tree","Tree_Age":"Mature","DBH_in_cm":27,"Locality":"North Newtown","ParkName":"Not applicable","OBJECTID":18730}},{"type":"Feature","id":11568,"geometry":{"type":"Point","coordinates":[151.184425498838,-33.8976775234828]},"properties":{"asset_id":"TS04491","TreeType":"Street Tree","SpeciesName":"Tristaniopsis laurina","CommonName":"Water Gum","TreeHeight":6,"TreeCanopyNS":3,"Tree_Status":"Tree","Tree_Age":"Mature","DBH_in_cm":17,"Locality":"Erskineville Neighbourhood North","ParkName":"Not applicable","OBJECTID":11568}},{"type":"Feature","id":13369,"geometry":{"type":"Point","coordinates":[151.186271591967,-33.8950685923816]},"properties":{"asset_id":"TS15268","TreeType":"Street Tree","SpeciesName":"Platanus acerifolia","CommonName":"London Plane","TreeHeight":14,"TreeCanopyNS":12,"Tree_Status":"Tree","Tree_Age":"Mature","DBH_in_cm":82,"Locality":"North Newtown","ParkName":"Not applicable","OBJECTID":13369}},{"type":"Feature","id":27847,"geometry":{"type":"Point","coordinates":[151.186071133945,-33.8942609316276]},"properties":{"asset_id":"TP01820","TreeType":"Park Tree","SpeciesName":"Ficus rubiginosa","CommonName":"Port Jackson or Rusty Fig","TreeHeight":11,"TreeCanopyNS":23,"Tree_Status":"Tree","Tree_Age":"Mature","DBH_in_cm":73,"Locality":"North Newtown","ParkName":"Hollis Park","OBJECTID":27847}},{"type":"Feature","id":16878,"geometry":{"type":"Point","coordinates":[151.18895802808,-33.8928242981803]},"properties":{"asset_id":"TS08721","TreeType":"Street Tree","SpeciesName":"Fraxinus pennsylvanica","CommonName":"Green Ash","TreeHeight":9,"TreeCanopyNS":8,"Tree_Status":"Tree","Tree_Age":"Mature","DBH_in_cm":49,"Locality":"Darlington and West Redfern","ParkName":"Not applicable","OBJECTID":16878}},{"type":"Feature","id":22039,"geometry":{"type":"Point","coordinates":[151.182400904411,-33.8902414429285]},"properties":{"asset_id":"TS22176","TreeType":"Street Tree","SpeciesName":"Lophostemon confertus","CommonName":"Brush Box","TreeHeight":6,"TreeCanopyNS":2,"Tree_Status":"Tree","Tree_Age":"Semi-Mature","DBH_in_cm":13,"Locality":"University of Sydney and Royal Prince Alfred Hospital","ParkName":"Not applicable","OBJECTID":22039}},{"type":"Feature","id":27043,"geometry":{"type":"Point","coordinates":[151.185362514674,-33.8977022443827]},"properties":{"asset_id":"TP01606","TreeType":"Park Tree","SpeciesName":"Tibouchina granulosa","CommonName":"Glory Tree","TreeHeight":8,"TreeCanopyNS":9,"Tree_Status":"Tree","Tree_Age":"Mature","DBH_in_cm":34,"Locality":"Erskineville Neighbourhood North","ParkName":"Burren Street Reserve Playground","OBJECTID":27043}},{"type":"Feature","id":11554,"geometry":{"type":"Point","coordinates":[151.182264543469,-33.8982057148043]},"properties":{"asset_id":"TS04467","TreeType":"Street Tree","SpeciesName":"Tristaniopsis laurina","CommonName":"Water Gum","TreeHeight":5,"TreeCanopyNS":4,"Tree_Status":"Tree","Tree_Age":"Semi-Mature","DBH_in_cm":16,"Locality":"Erskineville Road Village Centre","ParkName":"Not applicable","OBJECTID":11554}},{"type":"Feature","id":28288,"geometry":{"type":"Point","coordinates":[151.181943446966,-33.8979171994094]},"properties":{"asset_id":"TP03870","TreeType":"Park Tree","SpeciesName":"Corymbia maculata","CommonName":"Spotted Gum","TreeHeight":10,"TreeCanopyNS":4,"Tree_Status":"Tree","Tree_Age":"Semi-Mature","DBH_in_cm":19,"Locality":"Erskineville Neighbourhood North","ParkName":"Green Ban Park","OBJECTID":28288}},{"type":"Feature","id":33941,"geometry":{"type":"Point","coordinates":[151.189635310345,-33.8979727969208]},"properties":{"asset_id":"TP04174","TreeType":"Park Tree","SpeciesName":"Ficus rubiginosa","CommonName":"Port Jackson or Rusty Fig","TreeHeight":8,"TreeCanopyNS":11,"Tree_Status":"Tree","Tree_Age":"Mature","DBH_in_cm":71,"Locality":"Erskineville Oval","ParkName":"South Sydney Rotary Park #1","OBJECTID":33941}},{"type":"Feature","id":36695,"geometry":{"type":"Point","coordinates":[151.17876195385,-33.8879555357061]},"properties":{"asset_id":"TS23198","TreeType":"Street Tree","SpeciesName":"Tristaniopsis laurina","CommonName":"Water Gum","TreeHeight":5,"TreeCanopyNS":2,"Tree_Status":"Tree","Tree_Age":"Semi-Mature","DBH_in_cm":14,"Locality":"Camperdown","ParkName":"Not applicable","OBJECTID":36695}},{"type":"Feature","id":977,"geometry":{"type":"Point","coordinates":[151.178426501586,-33.8880546354457]},"properties":{"asset_id":"TS23202","TreeType":"Street Tree","SpeciesName":"Tristaniopsis laurina","CommonName":"Water Gum","TreeHeight":5,"TreeCanopyNS":2,"Tree_Status":"Tree","Tree_Age":"Semi-Mature","DBH_in_cm":13,"Locality":"Camperdown","ParkName":"Not applicable","OBJECTID":977}},{"type":"Feature","id":10372,"geometry":{"type":"Point","coordinates":[151.184391291297,-33.8969957587001]},"properties":{"asset_id":"TS06890","TreeType":"Street Tree","SpeciesName":"Fraxinus griffithii","CommonName":"Evergreen Ash","TreeHeight":4,"TreeCanopyNS":1,"Tree_Status":"Tree","Tree_Age":"Semi-Mature","DBH_in_cm":9,"Locality":"North Newtown","ParkName":"Not applicable","OBJECTID":10372}},{"type":"Feature","id":47664,"geometry":{"type":"Point","coordinates":[151.18108100895,-33.8937088761418]},"properties":{"asset_id":"TS02353","TreeType":"Street Tree","SpeciesName":"Lagerstroemia indica","CommonName":"Crepe Myrtle","TreeHeight":2,"TreeCanopyNS":1,"Tree_Status":"Tree","Tree_Age":"Young","DBH_in_cm":3,"Locality":"North Newtown","ParkName":"Not applicable","OBJECTID":47664}},{"type":"Feature","id":28225,"geometry":{"type":"Point","coordinates":[151.18231017342,-33.8980887119784]},"properties":{"asset_id":"TP03904","TreeType":"Park Tree","SpeciesName":"Livistona australis","CommonName":"Cabbage Tree Palm","TreeHeight":5,"TreeCanopyNS":4,"Tree_Status":"Tree","Tree_Age":"Mature","DBH_in_cm":36,"Locality":"Erskineville Neighbourhood North","ParkName":"Green Ban Park","OBJECTID":28225}},{"type":"Feature","id":37728,"geometry":{"type":"Point","coordinates":[151.187312432943,-33.8989382026249]},"properties":{"asset_id":"TS34972","TreeType":"Street Tree","SpeciesName":"Corymbia eximia","CommonName":"Yellow Bloodwood","TreeHeight":6,"TreeCanopyNS":3,"Tree_Status":"Tree","Tree_Age":"Semi-Mature","DBH_in_cm":17,"Locality":"Erskineville Oval","ParkName":"Not applicable","OBJECTID":37728}},{"type":"Feature","id":4770,"geometry":{"type":"Point","coordinates":[151.187858259251,-33.8925217307893]},"properties":{"asset_id":"TS08176","TreeType":"Street Tree","SpeciesName":"Lagerstroemia indica","CommonName":"Crepe Myrtle","TreeHeight":4,"TreeCanopyNS":4,"Tree_Status":"Tree","Tree_Age":"Semi-Mature","DBH_in_cm":11,"Locality":"Darlington and West Redfern","ParkName":"Not applicable","OBJECTID":4770}},{"type":"Feature","id":24744,"geometry":{"type":"Point","coordinates":[151.18933023968,-33.8938766862423]},"properties":{"asset_id":"TS17314","TreeType":"Street Tree","SpeciesName":"Fraxinus oxycarpa Raywoodii","CommonName":"Claret Ash","TreeHeight":10,"TreeCanopyNS":7,"Tree_Status":"Tree","Tree_Age":"Mature","DBH_in_cm":27,"Locality":"Darlington and West Redfern","ParkName":"Not applicable","OBJECTID":24744}},{"type":"Feature","id":47807,"geometry":{"type":"Point","coordinates":[151.187808430851,-33.8956332481761]},"properties":{"asset_id":"TS29319","TreeType":"Street Tree","SpeciesName":"Magnolia grandiflora","CommonName":"Southern Magnolia","TreeHeight":1,"TreeCanopyNS":1,"Tree_Status":"Tree","Tree_Age":"Young","DBH_in_cm":1,"Locality":"North Newtown","ParkName":"Not applicable","OBJECTID":47807}},{"type":"Feature","id":293,"geometry":{"type":"Point","coordinates":[151.186090204495,-33.8951270587034]},"properties":{"asset_id":"TS15261","TreeType":"Street Tree","SpeciesName":"Koelreuteria paniculata","CommonName":"Golden Rain Tree","TreeHeight":4,"TreeCanopyNS":2,"Tree_Status":"Tree","Tree_Age":"Semi-Mature","DBH_in_cm":8,"Locality":"North Newtown","ParkName":"Not applicable","OBJECTID":293}},{"type":"Feature","id":21441,"geometry":{"type":"Point","coordinates":[151.186640221683,-33.8959876586058]},"properties":{"asset_id":"TS31317","TreeType":"Street Tree","SpeciesName":"Jacaranda mimosifolia","CommonName":"Jacaranda","TreeHeight":7,"TreeCanopyNS":5,"Tree_Status":"Tree","Tree_Age":"Semi-Mature","DBH_in_cm":22,"Locality":"North Newtown","ParkName":"Not applicable","OBJECTID":21441}},{"type":"Feature","id":24595,"geometry":{"type":"Point","coordinates":[151.187374584843,-33.8955777191903]},"properties":{"asset_id":"TS29414","TreeType":"Street Tree","SpeciesName":"Jacaranda mimosifolia","CommonName":"Jacaranda","TreeHeight":10,"TreeCanopyNS":12,"Tree_Status":"Tree","Tree_Age":"Mature","DBH_in_cm":38,"Locality":"North Newtown","ParkName":"Not applicable","OBJECTID":24595}},{"type":"Feature","id":45743,"geometry":{"type":"Point","coordinates":[151.181055852993,-33.896568535169]},"properties":{"asset_id":"TS15209","TreeType":"Street Tree","SpeciesName":"Pyrus calleryana 'Chanticleer'","CommonName":"Golden Rain Tree","TreeHeight":3,"TreeCanopyNS":1,"Tree_Status":"Tree","Tree_Age":"Not Applicable","DBH_in_cm":4,"Locality":"North Newtown","ParkName":"Not applicable","OBJECTID":45743}},{"type":"Feature","id":12885,"geometry":{"type":"Point","coordinates":[151.187238252333,-33.8929709593332]},"properties":{"asset_id":"TS13175","TreeType":"Street Tree","SpeciesName":"Tristaniopsis laurina","CommonName":"Water Gum","TreeHeight":8,"TreeCanopyNS":7,"Tree_Status":"Tree","Tree_Age":"Mature","DBH_in_cm":30,"Locality":"North Newtown","ParkName":"Not applicable","OBJECTID":12885}},{"type":"Feature","id":11560,"geometry":{"type":"Point","coordinates":[151.183762284406,-33.8979230256126]},"properties":{"asset_id":"TS04483","TreeType":"Street Tree","SpeciesName":"Tristaniopsis laurina","CommonName":"Water Gum","TreeHeight":7,"TreeCanopyNS":6,"Tree_Status":"Tree","Tree_Age":"Mature","DBH_in_cm":27,"Locality":"Erskineville Neighbourhood North","ParkName":"Not applicable","OBJECTID":11560}},{"type":"Feature","id":29115,"geometry":{"type":"Point","coordinates":[151.185136454162,-33.8972252320626]},"properties":{"asset_id":"TP01121","TreeType":"Street Tree","SpeciesName":"Casuarina glauca","CommonName":"Swamp Oak","TreeHeight":16,"TreeCanopyNS":7,"Tree_Status":"Tree","Tree_Age":"Mature","DBH_in_cm":45,"Locality":"Erskineville Neighbourhood North","ParkName":"Not applicable","OBJECTID":29115}},{"type":"Feature","id":26708,"geometry":{"type":"Point","coordinates":[151.185011517214,-33.8966811777971]},"properties":{"asset_id":"TP01570","TreeType":"Park Tree","SpeciesName":"Ulmus parvifolia","CommonName":"Chinese Elm","TreeHeight":10,"TreeCanopyNS":18,"Tree_Status":"Tree","Tree_Age":"Mature","DBH_in_cm":65,"Locality":"North Newtown","ParkName":"Burren Street Reserve","OBJECTID":26708}},{"type":"Feature","id":13626,"geometry":{"type":"Point","coordinates":[151.187154685873,-33.8958055072062]},"properties":{"asset_id":"TS29411","TreeType":"Street Tree","SpeciesName":"Callistemon viminalis","CommonName":"Weeping Bottlebrush","TreeHeight":6,"TreeCanopyNS":5,"Tree_Status":"Tree","Tree_Age":"Mature","DBH_in_cm":26,"Locality":"North Newtown","ParkName":"Not applicable","OBJECTID":13626}},{"type":"Feature","id":28282,"geometry":{"type":"Point","coordinates":[151.181959440471,-33.8978973268381]},"properties":{"asset_id":"TP03872","TreeType":"Park Tree","SpeciesName":"Corymbia maculata","CommonName":"Spotted Gum","TreeHeight":13,"TreeCanopyNS":4,"Tree_Status":"Tree","Tree_Age":"Mature","DBH_in_cm":26,"Locality":"Erskineville Neighbourhood North","ParkName":"Green Ban Park","OBJECTID":28282}},{"type":"Feature","id":12052,"geometry":{"type":"Point","coordinates":[151.182447883585,-33.8973168761257]},"properties":{"asset_id":"TS09414","TreeType":"Street Tree","SpeciesName":"Cinnamomum camphora","CommonName":"Camphor Laurel","TreeHeight":16,"TreeCanopyNS":14,"Tree_Status":"Tree","Tree_Age":"Mature","DBH_in_cm":90,"Locality":"North Newtown","ParkName":"Not applicable","OBJECTID":12052}},{"type":"Feature","id":17213,"geometry":{"type":"Point","coordinates":[151.187553755789,-33.8950261494047]},"properties":{"asset_id":"TS09452","TreeType":"Street Tree","SpeciesName":"Platanus acerifolia","CommonName":"London Plane","TreeHeight":22,"TreeCanopyNS":14,"Tree_Status":"Tree","Tree_Age":"Mature","DBH_in_cm":100,"Locality":"North Newtown","ParkName":"Not applicable","OBJECTID":17213}},{"type":"Feature","id":7724,"geometry":{"type":"Point","coordinates":[151.17991593638,-33.887009900714]},"properties":{"asset_id":"TS22134","TreeType":"Street Tree","SpeciesName":"Lophostemon confertus","CommonName":"Brush Box","TreeHeight":6,"TreeCanopyNS":5,"Tree_Status":"Tree","Tree_Age":"Semi-Mature","DBH_in_cm":25,"Locality":"University of Sydney and Royal Prince Alfred Hospital","ParkName":"Not applicable","OBJECTID":7724}},{"type":"Feature","id":47658,"geometry":{"type":"Point","coordinates":[151.181623691192,-33.8918713992746]},"properties":{"asset_id":"TS03453","TreeType":"Street Tree","SpeciesName":"Pistacia chinensis","CommonName":"Chinese Pistacia","TreeHeight":4,"TreeCanopyNS":2,"Tree_Status":"Tree","Tree_Age":"Young","DBH_in_cm":4,"Locality":"North Newtown","ParkName":"Not applicable","OBJECTID":47658}},{"type":"Feature","id":10870,"geometry":{"type":"Point","coordinates":[151.18425214043,-33.898545321826]},"properties":{"asset_id":"TS09790","TreeType":"Street Tree","SpeciesName":"Tristaniopsis laurina","CommonName":"Water Gum","TreeHeight":11,"TreeCanopyNS":10,"Tree_Status":"Tree","Tree_Age":"Mature","DBH_in_cm":56,"Locality":"Erskineville Neighbourhood North","ParkName":"Not applicable","OBJECTID":10870}},{"type":"Feature","id":22231,"geometry":{"type":"Point","coordinates":[151.183628250386,-33.8957178409204]},"properties":{"asset_id":"TS15241","TreeType":"Street Tree","SpeciesName":"Koelreuteria paniculata","CommonName":"Golden Rain Tree","TreeHeight":6,"TreeCanopyNS":4,"Tree_Status":"Tree","Tree_Age":"Semi-Mature","DBH_in_cm":17,"Locality":"North Newtown","ParkName":"Not applicable","OBJECTID":22231}},{"type":"Feature","id":14751,"geometry":{"type":"Point","coordinates":[151.183428346469,-33.895058519894]},"properties":{"asset_id":"TS15027","TreeType":"Street Tree","SpeciesName":"Jacaranda mimosifolia","CommonName":"Jacaranda","TreeHeight":11,"TreeCanopyNS":8,"Tree_Status":"Tree","Tree_Age":"Mature","DBH_in_cm":34,"Locality":"North Newtown","ParkName":"Not applicable","OBJECTID":14751}},{"type":"Feature","id":45391,"geometry":{"type":"Point","coordinates":[151.1874867804,-33.8935360376199]},"properties":{"asset_id":"TS13165","TreeType":"Street Tree","SpeciesName":"Tristaniopsis 'Luscious'","CommonName":"Water Gum","TreeHeight":4,"TreeCanopyNS":1,"Tree_Status":"Tree","Tree_Age":"Young","DBH_in_cm":5,"Locality":"North Newtown","ParkName":"Not applicable","OBJECTID":45391}},{"type":"Feature","id":13423,"geometry":{"type":"Point","coordinates":[151.189074439969,-33.8940589535]},"properties":{"asset_id":"TS15299","TreeType":"Street Tree","SpeciesName":"Melaleuca quinquenervia","CommonName":"Broad Leaf Paperbark","TreeHeight":15,"TreeCanopyNS":6,"Tree_Status":"Tree","Tree_Age":"Mature","DBH_in_cm":46,"Locality":"Darlington and West Redfern","ParkName":"Not applicable","OBJECTID":13423}},{"type":"Feature","id":10174,"geometry":{"type":"Point","coordinates":[151.18748651974,-33.8939418148322]},"properties":{"asset_id":"TS05178","TreeType":"Street Tree","SpeciesName":"Cinnamomum camphora","CommonName":"Camphor Laurel","TreeHeight":13,"TreeCanopyNS":13,"Tree_Status":"Tree","Tree_Age":"Mature","DBH_in_cm":81,"Locality":"North Newtown","ParkName":"Not applicable","OBJECTID":10174}},{"type":"Feature","id":10767,"geometry":{"type":"Point","coordinates":[151.187469320026,-33.8952451106207]},"properties":{"asset_id":"TS09463","TreeType":"Street Tree","SpeciesName":"Platanus acerifolia","CommonName":"London Plane","TreeHeight":20,"TreeCanopyNS":12,"Tree_Status":"Tree","Tree_Age":"Mature","DBH_in_cm":81,"Locality":"North Newtown","ParkName":"Not applicable","OBJECTID":10767}},{"type":"Feature","id":27841,"geometry":{"type":"Point","coordinates":[151.185715893459,-33.8947012465441]},"properties":{"asset_id":"TP01822","TreeType":"Park Tree","SpeciesName":"Ficus rubiginosa","CommonName":"Port Jackson or Rusty Fig","TreeHeight":14,"TreeCanopyNS":16,"Tree_Status":"Tree","Tree_Age":"Over-Mature","DBH_in_cm":95,"Locality":"North Newtown","ParkName":"Hollis Park","OBJECTID":27841}},{"type":"Feature","id":13400,"geometry":{"type":"Point","coordinates":[151.189120009013,-33.8941948839024]},"properties":{"asset_id":"TS15291","TreeType":"Street Tree","SpeciesName":"Lophostemon confertus","CommonName":"Brush Box","TreeHeight":12,"TreeCanopyNS":10,"Tree_Status":"Tree","Tree_Age":"Mature","DBH_in_cm":68,"Locality":"Darlington and West Redfern","ParkName":"Not applicable","OBJECTID":13400}},{"type":"Feature","id":33890,"geometry":{"type":"Point","coordinates":[151.188890509471,-33.8979809630955]},"properties":{"asset_id":"TP04214","TreeType":"Park Tree","SpeciesName":"Casuarina glauca","CommonName":"Swamp Oak","TreeHeight":15,"TreeCanopyNS":10,"Tree_Status":"Tree","Tree_Age":"Mature","DBH_in_cm":65,"Locality":null,"ParkName":"South Sydney Rotary Park #1","OBJECTID":33890}},{"type":"Feature","id":16887,"geometry":{"type":"Point","coordinates":[151.188701614507,-33.8920999502826]},"properties":{"asset_id":"TS08735","TreeType":"Street Tree","SpeciesName":"Eucalyptus microcorys","CommonName":"Tallow Wood","TreeHeight":17,"TreeCanopyNS":16,"Tree_Status":"Tree","Tree_Age":"Mature","DBH_in_cm":78,"Locality":"University of Sydney and Royal Prince Alfred Hospital","ParkName":"Not applicable","OBJECTID":16887}},{"type":"Feature","id":6808,"geometry":{"type":"Point","coordinates":[151.183556413603,-33.8926093129431]},"properties":{"asset_id":"TS00884","TreeType":"Street Tree","SpeciesName":"Liquidambar styraciflua","CommonName":"Liquidamber or Sweet Gum","TreeHeight":10,"TreeCanopyNS":11,"Tree_Status":"Tree","Tree_Age":"Mature","DBH_in_cm":39,"Locality":"University of Sydney and Royal Prince Alfred Hospital","ParkName":"Not applicable","OBJECTID":6808}},{"type":"Feature","id":18710,"geometry":{"type":"Point","coordinates":[151.181852045841,-33.8922286111272]},"properties":{"asset_id":"TS03432","TreeType":"Street Tree","SpeciesName":"Pistacia chinensis","CommonName":"Chinese Pistacia","TreeHeight":6,"TreeCanopyNS":7,"Tree_Status":"Tree","Tree_Age":"Mature","DBH_in_cm":25,"Locality":"North Newtown","ParkName":"Not applicable","OBJECTID":18710}},{"type":"Feature","id":12141,"geometry":{"type":"Point","coordinates":[151.182810414034,-33.8913153201161]},"properties":{"asset_id":"TS23478","TreeType":"Street Tree","SpeciesName":"Jacaranda mimosifolia","CommonName":"Jacaranda","TreeHeight":8,"TreeCanopyNS":11,"Tree_Status":"Tree","Tree_Age":"Mature","DBH_in_cm":38,"Locality":"University of Sydney and Royal Prince Alfred Hospital","ParkName":"Not applicable","OBJECTID":12141}},{"type":"Feature","id":29121,"geometry":{"type":"Point","coordinates":[151.185069463432,-33.8972482310054]},"properties":{"asset_id":"TP01119","TreeType":"Street Tree","SpeciesName":"Casuarina glauca","CommonName":"Swamp Oak","TreeHeight":17,"TreeCanopyNS":7,"Tree_Status":"Tree","Tree_Age":"Mature","DBH_in_cm":35,"Locality":"Erskineville Neighbourhood North","ParkName":"Not applicable","OBJECTID":29121}},{"type":"Feature","id":22460,"geometry":{"type":"Point","coordinates":[151.184400463645,-33.8938136716083]},"properties":{"asset_id":"TS15544","TreeType":"Street Tree","SpeciesName":"Eucalyptus microcorys","CommonName":"Tallow Wood","TreeHeight":24,"TreeCanopyNS":15,"Tree_Status":"Tree","Tree_Age":"Mature","DBH_in_cm":82,"Locality":"North Newtown","ParkName":"Not applicable","OBJECTID":22460}},{"type":"Feature","id":18046,"geometry":{"type":"Point","coordinates":[151.185763350149,-33.8953093544235]},"properties":{"asset_id":"TS12326","TreeType":"Street Tree","SpeciesName":"Melaleuca quinquenervia","CommonName":"Broad Leaf Paperbark","TreeHeight":12,"TreeCanopyNS":8,"Tree_Status":"Tree","Tree_Age":"Mature","DBH_in_cm":84,"Locality":"North Newtown","ParkName":"Not applicable","OBJECTID":18046}},{"type":"Feature","id":47429,"geometry":{"type":"Point","coordinates":[151.180439933934,-33.8936665837341]},"properties":{"asset_id":"TS42831","TreeType":"Street Tree","SpeciesName":"Banksia integrifolia","CommonName":"Coastal Banksia","TreeHeight":6,"TreeCanopyNS":1,"Tree_Status":"Tree","Tree_Age":"Young","DBH_in_cm":7,"Locality":"North Newtown","ParkName":"Not applicable","OBJECTID":47429}},{"type":"Feature","id":6167,"geometry":{"type":"Point","coordinates":[151.179957618522,-33.8913484923801]},"properties":{"asset_id":"TS24222","TreeType":"Street Tree","SpeciesName":"Tristaniopsis laurina","CommonName":"Water Gum","TreeHeight":5,"TreeCanopyNS":2,"Tree_Status":"Tree","Tree_Age":"Semi-Mature","DBH_in_cm":11,"Locality":"North Newtown","ParkName":"Not applicable","OBJECTID":6167}},{"type":"Feature","id":12118,"geometry":{"type":"Point","coordinates":[151.181276463265,-33.8914143230101]},"properties":{"asset_id":"TS23452","TreeType":"Street Tree","SpeciesName":"Platanus acerifolia","CommonName":"London Plane","TreeHeight":17,"TreeCanopyNS":15,"Tree_Status":"Tree","Tree_Age":"Mature","DBH_in_cm":56,"Locality":"Camperdown","ParkName":"Not applicable","OBJECTID":12118}},{"type":"Feature","id":47074,"geometry":{"type":"Point","coordinates":[151.183916341053,-33.897873808419]},"properties":{"asset_id":"TS04482","TreeType":"Street Tree","SpeciesName":"Tristaniopsis 'Luscious'","CommonName":"Water Gum","TreeHeight":4,"TreeCanopyNS":2,"Tree_Status":"Tree","Tree_Age":"Semi-Mature","DBH_in_cm":6,"Locality":"Erskineville Neighbourhood North","ParkName":"Not applicable","OBJECTID":47074}},{"type":"Feature","id":15770,"geometry":{"type":"Point","coordinates":[151.183674464781,-33.895287583468]},"properties":{"asset_id":"TS14990","TreeType":"Street Tree","SpeciesName":"Pistacia chinensis","CommonName":"Chinese Pistacia","TreeHeight":7,"TreeCanopyNS":6,"Tree_Status":"Tree","Tree_Age":"Semi-Mature","DBH_in_cm":16,"Locality":"North Newtown","ParkName":"Not applicable","OBJECTID":15770}},{"type":"Feature","id":14110,"geometry":{"type":"Point","coordinates":[151.180753189224,-33.8946185733098]},"properties":{"asset_id":"TS01067","TreeType":"Street Tree","SpeciesName":"Tristaniopsis laurina","CommonName":"Water Gum","TreeHeight":7,"TreeCanopyNS":7,"Tree_Status":"Tree","Tree_Age":"Mature","DBH_in_cm":25,"Locality":"North Newtown","ParkName":"Not applicable","OBJECTID":14110}},{"type":"Feature","id":14774,"geometry":{"type":"Point","coordinates":[151.180966731632,-33.8965999518373]},"properties":{"asset_id":"TS15208","TreeType":"Street Tree","SpeciesName":"Koelreuteria paniculata","CommonName":"Golden Rain Tree","TreeHeight":2,"TreeCanopyNS":1,"Tree_Status":"Tree","Tree_Age":"Semi-Mature","DBH_in_cm":6,"Locality":"North Newtown","ParkName":"Not applicable","OBJECTID":14774}},{"type":"Feature","id":11786,"geometry":{"type":"Point","coordinates":[151.183113306583,-33.8971761951607]},"properties":{"asset_id":"TS06093","TreeType":"Street Tree","SpeciesName":"Fraxinus griffithii","CommonName":"Evergreen Ash","TreeHeight":4,"TreeCanopyNS":4,"Tree_Status":"Tree","Tree_Age":"Mature","DBH_in_cm":13,"Locality":"North Newtown","ParkName":"Not applicable","OBJECTID":11786}},{"type":"Feature","id":22151,"geometry":{"type":"Point","coordinates":[151.180567308558,-33.8878021398904]},"properties":{"asset_id":"TS22149","TreeType":"Street Tree","SpeciesName":"Flindersia australis","CommonName":"Crows Ash","TreeHeight":4,"TreeCanopyNS":2,"Tree_Status":"Tree","Tree_Age":"Semi-Mature","DBH_in_cm":9,"Locality":"Camperdown","ParkName":"Not applicable","OBJECTID":22151}},{"type":"Feature","id":15845,"geometry":{"type":"Point","coordinates":[151.184677474145,-33.8939116254404]},"properties":{"asset_id":"TS15536","TreeType":"Street Tree","SpeciesName":"Elaeocarpus reticulatus","CommonName":"Blueberry Ash","TreeHeight":8,"TreeCanopyNS":5,"Tree_Status":"Tree","Tree_Age":"Mature","DBH_in_cm":20,"Locality":"North Newtown","ParkName":"Not applicable","OBJECTID":15845}},{"type":"Feature","id":10343,"geometry":{"type":"Point","coordinates":[151.184808611797,-33.8955353286703]},"properties":{"asset_id":"TS06194","TreeType":"Street Tree","SpeciesName":"Fraxinus griffithii","CommonName":"Evergreen Ash","TreeHeight":8,"TreeCanopyNS":9,"Tree_Status":"Tree","Tree_Age":"Mature","DBH_in_cm":35,"Locality":"North Newtown","ParkName":"Not applicable","OBJECTID":10343}},{"type":"Feature","id":10930,"geometry":{"type":"Point","coordinates":[151.186412581079,-33.8960702420575]},"properties":{"asset_id":"TS10374","TreeType":"Street Tree","SpeciesName":"Jacaranda mimosifolia","CommonName":"Jacaranda","TreeHeight":7,"TreeCanopyNS":6,"Tree_Status":"Tree","Tree_Age":"Mature","DBH_in_cm":23,"Locality":"North Newtown","ParkName":"Not applicable","OBJECTID":10930}},{"type":"Feature","id":16171,"geometry":{"type":"Point","coordinates":[151.182522085315,-33.8954407405558]},"properties":{"asset_id":"TS06077","TreeType":"Street Tree","SpeciesName":"Tristaniopsis laurina","CommonName":"Water Gum","TreeHeight":10,"TreeCanopyNS":9,"Tree_Status":"Tree","Tree_Age":"Mature","DBH_in_cm":38,"Locality":"North Newtown","ParkName":"Not applicable","OBJECTID":16171}},{"type":"Feature","id":14256,"geometry":{"type":"Point","coordinates":[151.181790856636,-33.8939650800319]},"properties":{"asset_id":"TS01742","TreeType":"Street Tree","SpeciesName":"Tristaniopsis laurina","CommonName":"Water Gum","TreeHeight":7,"TreeCanopyNS":5,"Tree_Status":"Tree","Tree_Age":"Mature","DBH_in_cm":22,"Locality":"North Newtown","ParkName":"Not applicable","OBJECTID":14256}},{"type":"Feature","id":48454,"geometry":{"type":"Point","coordinates":[151.187399379884,-33.8989022406942]},"properties":{"asset_id":"TS13318","TreeType":"Street Tree","SpeciesName":"Corymbia eximia","CommonName":"Yellow Bloodwood","TreeHeight":8,"TreeCanopyNS":3,"Tree_Status":"Tree","Tree_Age":"Semi-Mature","DBH_in_cm":16,"Locality":"Erskineville Oval","ParkName":"Not applicable","OBJECTID":48454}},{"type":"Feature","id":19443,"geometry":{"type":"Point","coordinates":[151.188984787684,-33.8917887771817]},"properties":{"asset_id":"TS01563","TreeType":"Street Tree","SpeciesName":"Populus deltoides","CommonName":"Cottonwood","TreeHeight":14,"TreeCanopyNS":12,"Tree_Status":"Tree","Tree_Age":"Mature","DBH_in_cm":58,"Locality":"University of Sydney and Royal Prince Alfred Hospital","ParkName":"Not applicable","OBJECTID":19443}},{"type":"Feature","id":15822,"geometry":{"type":"Point","coordinates":[151.18720963532,-33.8947777966147]},"properties":{"asset_id":"TS15276","TreeType":"Street Tree","SpeciesName":"Lophostemon confertus","CommonName":"Brush Box","TreeHeight":13,"TreeCanopyNS":9,"Tree_Status":"Tree","Tree_Age":"Mature","DBH_in_cm":64,"Locality":"North Newtown","ParkName":"Not applicable","OBJECTID":15822}},{"type":"Feature","id":46247,"geometry":{"type":"Point","coordinates":[151.182847474284,-33.8963012879271]},"properties":{"asset_id":"TS35109","TreeType":"Street Tree","SpeciesName":"Fraxinus griffithii","CommonName":"Evergreen Ash","TreeHeight":4,"TreeCanopyNS":2,"Tree_Status":"Tree","Tree_Age":"Semi-Mature","DBH_in_cm":7,"Locality":"North Newtown","ParkName":"Not applicable","OBJECTID":46247}},{"type":"Feature","id":15484,"geometry":{"type":"Point","coordinates":[151.187766322552,-33.8941635210052]},"properties":{"asset_id":"TS13159","TreeType":"Street Tree","SpeciesName":"Tristaniopsis laurina","CommonName":"Water Gum","TreeHeight":10,"TreeCanopyNS":8,"Tree_Status":"Tree","Tree_Age":"Mature","DBH_in_cm":36,"Locality":"North Newtown","ParkName":"Not applicable","OBJECTID":15484}},{"type":"Feature","id":4315,"geometry":{"type":"Point","coordinates":[151.189534705349,-33.8914523083357]},"properties":{"asset_id":"TS01591","TreeType":"Street Tree","SpeciesName":"Populus deltoides","CommonName":"Cottonwood","TreeHeight":16,"TreeCanopyNS":9,"Tree_Status":"Tree","Tree_Age":"Mature","DBH_in_cm":54,"Locality":"University of Sydney and Royal Prince Alfred Hospital","ParkName":"Not applicable","OBJECTID":4315}},{"type":"Feature","id":12381,"geometry":{"type":"Point","coordinates":[151.179903988771,-33.8987062104407]},"properties":{"asset_id":"TS11773","TreeType":"Street Tree","SpeciesName":"Pistacia chinensis","CommonName":"Chinese Pistacia","TreeHeight":6,"TreeCanopyNS":7,"Tree_Status":"Tree","Tree_Age":"Mature","DBH_in_cm":23,"Locality":"Erskineville Neighbourhood South","ParkName":"Not applicable","OBJECTID":12381}},{"type":"Feature","id":16881,"geometry":{"type":"Point","coordinates":[151.188868397331,-33.8925732894881]},"properties":{"asset_id":"TS08725","TreeType":"Street Tree","SpeciesName":"Lophostemon confertus","CommonName":"Brush Box","TreeHeight":9,"TreeCanopyNS":7,"Tree_Status":"Tree","Tree_Age":"Mature","DBH_in_cm":36,"Locality":"Darlington and West Redfern","ParkName":"Not applicable","OBJECTID":16881}},{"type":"Feature","id":11717,"geometry":{"type":"Point","coordinates":[151.1869541613,-33.8939482267362]},"properties":{"asset_id":"TS05190","TreeType":"Street Tree","SpeciesName":"Cinnamomum camphora","CommonName":"Camphor Laurel","TreeHeight":13,"TreeCanopyNS":10,"Tree_Status":"Tree","Tree_Age":"Mature","DBH_in_cm":75,"Locality":"North Newtown","ParkName":"Not applicable","OBJECTID":11717}},{"type":"Feature","id":27037,"geometry":{"type":"Point","coordinates":[151.189119218048,-33.8939970314107]},"properties":{"asset_id":"TP06555","TreeType":"Park Tree","SpeciesName":"Casuarina glauca","CommonName":"Swamp Oak","TreeHeight":16,"TreeCanopyNS":6,"Tree_Status":"Tree","Tree_Age":"Mature","DBH_in_cm":39,"Locality":"Darlington and West Redfern","ParkName":"Wilson Street Reserve #2","OBJECTID":27037}},{"type":"Feature","id":18309,"geometry":{"type":"Point","coordinates":[151.189814055231,-33.8931331026989]},"properties":{"asset_id":"TS00143","TreeType":"Street Tree","SpeciesName":"Tristaniopsis laurina","CommonName":"Water Gum","TreeHeight":5,"TreeCanopyNS":4,"Tree_Status":"Tree","Tree_Age":"Mature","DBH_in_cm":36,"Locality":"Darlington and West Redfern","ParkName":"Not applicable","OBJECTID":18309}},{"type":"Feature","id":47080,"geometry":{"type":"Point","coordinates":[151.188379700971,-33.8919727600183]},"properties":{"asset_id":"TS17305","TreeType":"Street Tree","SpeciesName":"Liriodendron tulipifera","CommonName":"Tulip Tree","TreeHeight":3,"TreeCanopyNS":1,"Tree_Status":"Tree","Tree_Age":"Young","DBH_in_cm":3,"Locality":"University of Sydney and Royal Prince Alfred Hospital","ParkName":"Not applicable","OBJECTID":47080}},{"type":"Feature","id":26227,"geometry":{"type":"Point","coordinates":[151.182386742472,-33.89066937778]},"properties":{"asset_id":"TS31717","TreeType":"Street Tree","SpeciesName":"Flindersia australis","CommonName":"Crows Ash","TreeHeight":5,"TreeCanopyNS":2,"Tree_Status":"Tree","Tree_Age":"Semi-Mature","DBH_in_cm":9,"Locality":"Camperdown","ParkName":"Not applicable","OBJECTID":26227}},{"type":"Feature","id":4292,"geometry":{"type":"Point","coordinates":[151.179692878051,-33.8921849965341]},"properties":{"asset_id":"TS01056","TreeType":"Street Tree","SpeciesName":"Tristaniopsis laurina","CommonName":"Water Gum","TreeHeight":4,"TreeCanopyNS":3,"Tree_Status":"Tree","Tree_Age":"Semi-Mature","DBH_in_cm":8,"Locality":"North Newtown","ParkName":"Not applicable","OBJECTID":4292}},{"type":"Feature","id":11571,"geometry":{"type":"Point","coordinates":[151.184275424374,-33.8976409549098]},"properties":{"asset_id":"TS04494","TreeType":"Street Tree","SpeciesName":"Tristaniopsis laurina","CommonName":"Water Gum","TreeHeight":9,"TreeCanopyNS":4,"Tree_Status":"Tree","Tree_Age":"Mature","DBH_in_cm":29,"Locality":"Erskineville Neighbourhood North","ParkName":"Not applicable","OBJECTID":11571}},{"type":"Feature","id":15776,"geometry":{"type":"Point","coordinates":[151.183529141015,-33.894966045766]},"properties":{"asset_id":"TS14996","TreeType":"Street Tree","SpeciesName":"Melia azedarach","CommonName":"White Cedar","TreeHeight":15,"TreeCanopyNS":14,"Tree_Status":"Tree","Tree_Age":"Mature","DBH_in_cm":71,"Locality":"North Newtown","ParkName":"Not applicable","OBJECTID":15776}},{"type":"Feature","id":44721,"geometry":{"type":"Point","coordinates":[151.188900014867,-33.8909960767787]},"properties":{"asset_id":"TS23718","TreeType":"Street Tree","SpeciesName":"Lophostemon confertus","CommonName":"Brush Box","TreeHeight":3,"TreeCanopyNS":1,"Tree_Status":"Tree","Tree_Age":"Young","DBH_in_cm":5,"Locality":"University of Sydney and Royal Prince Alfred Hospital","ParkName":"Not applicable","OBJECTID":44721}},{"type":"Feature","id":28749,"geometry":{"type":"Point","coordinates":[151.185271482893,-33.8933022396739]},"properties":{"asset_id":"TS33175","TreeType":"Street Tree","SpeciesName":"Lophostemon confertus","CommonName":"Brush Box","TreeHeight":13,"TreeCanopyNS":7,"Tree_Status":"Tree","Tree_Age":"Mature","DBH_in_cm":42,"Locality":"North Newtown","ParkName":"Not applicable","OBJECTID":28749}},{"type":"Feature","id":18919,"geometry":{"type":"Point","coordinates":[151.180751542187,-33.8922677273426]},"properties":{"asset_id":"TS03649","TreeType":"Street Tree","SpeciesName":"Callistemon salignus","CommonName":"Willow Bottlebrush","TreeHeight":9,"TreeCanopyNS":5,"Tree_Status":"Tree","Tree_Age":"Semi-Mature","DBH_in_cm":32,"Locality":"North Newtown","ParkName":"Not applicable","OBJECTID":18919}},{"type":"Feature","id":45065,"geometry":{"type":"Point","coordinates":[151.179577724435,-33.8912130283461]},"properties":{"asset_id":"TS03935","TreeType":"Street Tree","SpeciesName":"Tristaniopsis laurina","CommonName":"Water Gum","TreeHeight":6,"TreeCanopyNS":3,"Tree_Status":"Tree","Tree_Age":"Mature","DBH_in_cm":16,"Locality":"North Newtown","ParkName":"Not applicable","OBJECTID":45065}},{"type":"Feature","id":47721,"geometry":{"type":"Point","coordinates":[151.18157788264,-33.8963414324074]},"properties":{"asset_id":"TS15216","TreeType":"Street Tree","SpeciesName":"Pyrus nivalis","CommonName":"Snow Pear","TreeHeight":2,"TreeCanopyNS":1,"Tree_Status":"Tree","Tree_Age":"Young","DBH_in_cm":5,"Locality":"North Newtown","ParkName":"Not applicable","OBJECTID":47721}},{"type":"Feature","id":24753,"geometry":{"type":"Point","coordinates":[151.189113297854,-33.8936837714673]},"properties":{"asset_id":"TS17318","TreeType":"Street Tree","SpeciesName":"Leptospermum citratum","CommonName":"Lemon Scented Tea Tree","TreeHeight":6,"TreeCanopyNS":6,"Tree_Status":"Tree","Tree_Age":"Mature","DBH_in_cm":39,"Locality":"Darlington and West Redfern","ParkName":"Not applicable","OBJECTID":24753}},{"type":"Feature","id":9410,"geometry":{"type":"Point","coordinates":[151.187019690897,-33.8912200881815]},"properties":{"asset_id":"TS23468","TreeType":"Street Tree","SpeciesName":"Jacaranda mimosifolia","CommonName":"Jacaranda","TreeHeight":7,"TreeCanopyNS":7,"Tree_Status":"Tree","Tree_Age":"Semi-Mature","DBH_in_cm":27,"Locality":"University of Sydney and Royal Prince Alfred Hospital","ParkName":"Not applicable","OBJECTID":9410}},{"type":"Feature","id":13406,"geometry":{"type":"Point","coordinates":[151.188864789413,-33.8942780584505]},"properties":{"asset_id":"TS15293","TreeType":"Street Tree","SpeciesName":"Lophostemon confertus","CommonName":"Brush Box","TreeHeight":10,"TreeCanopyNS":9,"Tree_Status":"Tree","Tree_Age":"Mature","DBH_in_cm":53,"Locality":"Darlington and West Redfern","ParkName":"Not applicable","OBJECTID":13406}},{"type":"Feature","id":27183,"geometry":{"type":"Point","coordinates":[151.189980278775,-33.8988521901344]},"properties":{"asset_id":"TP02009","TreeType":"Park Tree","SpeciesName":"Platanus acerifolia","CommonName":"London Plane","TreeHeight":17,"TreeCanopyNS":11,"Tree_Status":"Tree","Tree_Age":"Mature","DBH_in_cm":82,"Locality":"Erskineville Oval","ParkName":"Solander Park","OBJECTID":27183}},{"type":"Feature","id":4309,"geometry":{"type":"Point","coordinates":[151.18902924613,-33.891634512595]},"properties":{"asset_id":"TS01593","TreeType":"Street Tree","SpeciesName":"Liriodendron tulipifera","CommonName":"Tulip Tree","TreeHeight":7,"TreeCanopyNS":5,"Tree_Status":"Tree","Tree_Age":"Semi-Mature","DBH_in_cm":19,"Locality":"University of Sydney and Royal Prince Alfred Hospital","ParkName":"Not applicable","OBJECTID":4309}},{"type":"Feature","id":28202,"geometry":{"type":"Point","coordinates":[151.183832468699,-33.8935782403994]},"properties":{"asset_id":"TS33330","TreeType":"Street Tree","SpeciesName":"Platanus acerifolia","CommonName":"London Plane","TreeHeight":16,"TreeCanopyNS":14,"Tree_Status":"Tree","Tree_Age":"Mature","DBH_in_cm":63,"Locality":"North Newtown","ParkName":"Not applicable","OBJECTID":28202}},{"type":"Feature","id":18965,"geometry":{"type":"Point","coordinates":[151.181193014835,-33.8927167285984]},"properties":{"asset_id":"TS00898","TreeType":"Street Tree","SpeciesName":"Tristaniopsis laurina","CommonName":"Water Gum","TreeHeight":6,"TreeCanopyNS":3,"Tree_Status":"Tree","Tree_Age":"Mature","DBH_in_cm":22,"Locality":"North Newtown","ParkName":"Not applicable","OBJECTID":18965}},{"type":"Feature","id":26542,"geometry":{"type":"Point","coordinates":[151.182170554236,-33.8926584804288]},"properties":{"asset_id":"TP06874","TreeType":"Park Tree","SpeciesName":"Archontophoenix cunninghamiana","CommonName":"Bangalow Palm","TreeHeight":8,"TreeCanopyNS":4,"Tree_Status":"Tree","Tree_Age":"Mature","DBH_in_cm":19,"Locality":"North Newtown","ParkName":"Goddard Reserve","OBJECTID":26542}},{"type":"Feature","id":30031,"geometry":{"type":"Point","coordinates":[151.181983344705,-33.891636215816]},"properties":{"asset_id":"TP02575","TreeType":"Street Tree","SpeciesName":"Corymbia citriodora","CommonName":"Lemon Scented Gum","TreeHeight":19,"TreeCanopyNS":16,"Tree_Status":"Tree","Tree_Age":"Mature","DBH_in_cm":71,"Locality":"North Newtown","ParkName":"Not applicable","OBJECTID":30031}},{"type":"Feature","id":13300,"geometry":{"type":"Point","coordinates":[151.184727840584,-33.8974023523186]},"properties":{"asset_id":"TS06570","TreeType":"Street Tree","SpeciesName":"Fraxinus griffithii","CommonName":"Evergreen Ash","TreeHeight":7,"TreeCanopyNS":7,"Tree_Status":"Tree","Tree_Age":"Mature","DBH_in_cm":25,"Locality":"Erskineville Neighbourhood North","ParkName":"Not applicable","OBJECTID":13300}},{"type":"Feature","id":39363,"geometry":{"type":"Point","coordinates":[151.184181399595,-33.8971692239056]},"properties":{"asset_id":"TS35622","TreeType":"Street Tree","SpeciesName":"Populus nigra Italica","CommonName":"Lombardy Poplar","TreeHeight":18,"TreeCanopyNS":6,"Tree_Status":"Tree","Tree_Age":"Mature","DBH_in_cm":60,"Locality":"Erskineville Neighbourhood North","ParkName":"Not applicable","OBJECTID":39363}},{"type":"Feature","id":27031,"geometry":{"type":"Point","coordinates":[151.184995426276,-33.8952208515165]},"properties":{"asset_id":"TP01600","TreeType":"Park Tree","SpeciesName":"Brachychiton acerifolius","CommonName":"Flame Tree","TreeHeight":10,"TreeCanopyNS":6,"Tree_Status":"Tree","Tree_Age":"Mature","DBH_in_cm":32,"Locality":"North Newtown","ParkName":"Jack Haynes Rest Area","OBJECTID":27031}},{"type":"Feature","id":10546,"geometry":{"type":"Point","coordinates":[151.188026866908,-33.893102855321]},"properties":{"asset_id":"TS08139","TreeType":"Street Tree","SpeciesName":"Melaleuca quinquenervia","CommonName":"Broad Leaf Paperbark","TreeHeight":14,"TreeCanopyNS":5,"Tree_Status":"Tree","Tree_Age":"Mature","DBH_in_cm":49,"Locality":"Darlington and West Redfern","ParkName":"Not applicable","OBJECTID":10546}},{"type":"Feature","id":18315,"geometry":{"type":"Point","coordinates":[151.189408560466,-33.8932663704232]},"properties":{"asset_id":"TS00146","TreeType":"Street Tree","SpeciesName":"Nyssa sylvatica","CommonName":"Black Tupelo","TreeHeight":6,"TreeCanopyNS":5,"Tree_Status":"Tree","Tree_Age":"Semi-Mature","DBH_in_cm":28,"Locality":"Darlington and West Redfern","ParkName":"Not applicable","OBJECTID":18315}},{"type":"Feature","id":9364,"geometry":{"type":"Point","coordinates":[151.179640045699,-33.8910788696101]},"properties":{"asset_id":"TS23428","TreeType":"Street Tree","SpeciesName":"Platanus acerifolia","CommonName":"London Plane","TreeHeight":20,"TreeCanopyNS":15,"Tree_Status":"Tree","Tree_Age":"Mature","DBH_in_cm":55,"Locality":"North Newtown","ParkName":"Not applicable","OBJECTID":9364}},{"type":"Feature","id":32639,"geometry":{"type":"Point","coordinates":[151.182404167142,-33.8931044094325]},"properties":{"asset_id":"TP08232","TreeType":"Park Tree","SpeciesName":"Pyrus calleryana","CommonName":"Callery Pear","TreeHeight":6,"TreeCanopyNS":4,"Tree_Status":"Tree","Tree_Age":"Semi-Mature","DBH_in_cm":14,"Locality":"North Newtown","ParkName":"O'Connell Street Park","OBJECTID":32639}},{"type":"Feature","id":11577,"geometry":{"type":"Point","coordinates":[151.184886119873,-33.8974956701993]},"properties":{"asset_id":"TS04501","TreeType":"Street Tree","SpeciesName":"Tristaniopsis laurina","CommonName":"Water Gum","TreeHeight":8,"TreeCanopyNS":5,"Tree_Status":"Tree","Tree_Age":"Mature","DBH_in_cm":31,"Locality":"Erskineville Neighbourhood North","ParkName":"Not applicable","OBJECTID":11577}},{"type":"Feature","id":13360,"geometry":{"type":"Point","coordinates":[151.185203909511,-33.895389121581]},"properties":{"asset_id":"TS15254","TreeType":"Street Tree","SpeciesName":"Lophostemon confertus","CommonName":"Brush Box","TreeHeight":12,"TreeCanopyNS":10,"Tree_Status":"Tree","Tree_Age":"Mature","DBH_in_cm":60,"Locality":"North Newtown","ParkName":"Not applicable","OBJECTID":13360}},{"type":"Feature","id":43004,"geometry":{"type":"Point","coordinates":[151.189032872441,-33.8977635741715]},"properties":{"asset_id":"TP04170","TreeType":"Park Tree","SpeciesName":"Fraxinus pennsylvanica","CommonName":"Green Ash","TreeHeight":2.5,"TreeCanopyNS":1,"Tree_Status":"Tree","Tree_Age":"Young","DBH_in_cm":3,"Locality":null,"ParkName":"South Sydney Rotary Park #1","OBJECTID":43004}},{"type":"Feature","id":15315,"geometry":{"type":"Point","coordinates":[151.189293328483,-33.8989163950336]},"properties":{"asset_id":"TS12155","TreeType":"Street Tree","SpeciesName":"Caesalpinia ferrea","CommonName":"Leopard Tree","TreeHeight":13,"TreeCanopyNS":4,"Tree_Status":"Tree","Tree_Age":"Mature","DBH_in_cm":25,"Locality":"Erskineville Oval","ParkName":"Not applicable","OBJECTID":15315}},{"type":"Feature","id":15327,"geometry":{"type":"Point","coordinates":[151.189018699336,-33.8986076605848]},"properties":{"asset_id":"TS12143","TreeType":"Street Tree","SpeciesName":"Lophostemon confertus","CommonName":"Brush Box","TreeHeight":12,"TreeCanopyNS":10,"Tree_Status":"Tree","Tree_Age":"Mature","DBH_in_cm":52,"Locality":"Erskineville Oval","ParkName":"Not applicable","OBJECTID":15327}},{"type":"Feature","id":8096,"geometry":{"type":"Point","coordinates":[151.189853646262,-33.8929839963628]},"properties":{"asset_id":"TS00157","TreeType":"Street Tree","SpeciesName":"Liquidambar styraciflua","CommonName":"Liquidamber or Sweet Gum","TreeHeight":10,"TreeCanopyNS":3,"Tree_Status":"Tree","Tree_Age":"Semi-Mature","DBH_in_cm":26,"Locality":"Darlington and West Redfern","ParkName":"Not applicable","OBJECTID":8096}},{"type":"Feature","id":15916,"geometry":{"type":"Point","coordinates":[151.179413488807,-33.8914618240463]},"properties":{"asset_id":"TS17301","TreeType":"Street Tree","SpeciesName":"Tristaniopsis laurina","CommonName":"Water Gum","TreeHeight":7,"TreeCanopyNS":4,"Tree_Status":"Tree","Tree_Age":"Mature","DBH_in_cm":24,"Locality":"North Newtown","ParkName":"Not applicable","OBJECTID":15916}},{"type":"Feature","id":46556,"geometry":{"type":"Point","coordinates":[151.184681504316,-33.8979303563409]},"properties":{"asset_id":"TS41662","TreeType":"Street Tree","SpeciesName":"Fraxinus pennsylvanica","CommonName":"Green Ash","TreeHeight":5,"TreeCanopyNS":2,"Tree_Status":"Tree","Tree_Age":"Young","DBH_in_cm":9,"Locality":"Erskineville Neighbourhood North","ParkName":"Not applicable","OBJECTID":46556}},{"type":"Feature","id":10349,"geometry":{"type":"Point","coordinates":[151.185122841256,-33.8965408852681]},"properties":{"asset_id":"TS06200","TreeType":"Street Tree","SpeciesName":"Cupaniopsis anacardioides","CommonName":"Tuckeroo","TreeHeight":8,"TreeCanopyNS":9,"Tree_Status":"Tree","Tree_Age":"Mature","DBH_in_cm":35,"Locality":"North Newtown","ParkName":"Not applicable","OBJECTID":10349}},{"type":"Feature","id":13260,"geometry":{"type":"Point","coordinates":[151.183887860166,-33.8959737042353]},"properties":{"asset_id":"TS15039","TreeType":"Street Tree","SpeciesName":"Melaleuca quinquenervia","CommonName":"Broad Leaf Paperbark","TreeHeight":13,"TreeCanopyNS":9,"Tree_Status":"Tree","Tree_Age":"Mature","DBH_in_cm":58,"Locality":"North Newtown","ParkName":"Not applicable","OBJECTID":13260}},{"type":"Feature","id":13254,"geometry":{"type":"Point","coordinates":[151.183958026643,-33.8960201863188]},"properties":{"asset_id":"TS15037","TreeType":"Street Tree","SpeciesName":"Melaleuca quinquenervia","CommonName":"Broad Leaf Paperbark","TreeHeight":6,"TreeCanopyNS":5,"Tree_Status":"Tree","Tree_Age":"Mature","DBH_in_cm":23,"Locality":"North Newtown","ParkName":"Not applicable","OBJECTID":13254}},{"type":"Feature","id":5096,"geometry":{"type":"Point","coordinates":[151.178581498848,-33.887395955978]},"properties":{"asset_id":"TS25114","TreeType":"Street Tree","SpeciesName":"Callistemon salignus","CommonName":"Willow Bottlebrush","TreeHeight":11,"TreeCanopyNS":4,"Tree_Status":"Tree","Tree_Age":"Mature","DBH_in_cm":30,"Locality":"Camperdown","ParkName":"Not applicable","OBJECTID":5096}},{"type":"Feature","id":46456,"geometry":{"type":"Point","coordinates":[151.18860188265,-33.8922499752389]},"properties":{"asset_id":"TS08733","TreeType":"Street Tree","SpeciesName":"Eucalyptus microcorys","CommonName":"Tallow Wood","TreeHeight":6,"TreeCanopyNS":2,"Tree_Status":"Tree","Tree_Age":"Semi-Mature","DBH_in_cm":10,"Locality":"Darlington and West Redfern","ParkName":"Not applicable","OBJECTID":46456}},{"type":"Feature","id":14826,"geometry":{"type":"Point","coordinates":[151.184146089321,-33.8956368364208]},"properties":{"asset_id":"TS15245","TreeType":"Street Tree","SpeciesName":"Koelreuteria paniculata","CommonName":"Golden Rain Tree","TreeHeight":5,"TreeCanopyNS":3,"Tree_Status":"Tree","Tree_Age":"Semi-Mature","DBH_in_cm":15,"Locality":"North Newtown","ParkName":"Not applicable","OBJECTID":14826}},{"type":"Feature","id":17488,"geometry":{"type":"Point","coordinates":[151.186700762692,-33.8958248850311]},"properties":{"asset_id":"TS10377","TreeType":"Street Tree","SpeciesName":"Jacaranda mimosifolia","CommonName":"Jacaranda","TreeHeight":3,"TreeCanopyNS":2,"Tree_Status":"Tree","Tree_Age":"Semi-Mature","DBH_in_cm":6,"Locality":"North Newtown","ParkName":"Not applicable","OBJECTID":17488}},{"type":"Feature","id":28302,"geometry":{"type":"Point","coordinates":[151.181848423201,-33.8978853180019]},"properties":{"asset_id":"TP03862","TreeType":"Park Tree","SpeciesName":"Callistemon salignus","CommonName":"Willow Bottlebrush","TreeHeight":7,"TreeCanopyNS":4,"Tree_Status":"Tree","Tree_Age":"Mature","DBH_in_cm":25,"Locality":"Erskineville Neighbourhood North","ParkName":"Green Ban Park","OBJECTID":28302}},{"type":"Feature","id":28259,"geometry":{"type":"Point","coordinates":[151.182016485141,-33.8978742729693]},"properties":{"asset_id":"TP03881","TreeType":"Park Tree","SpeciesName":"Corymbia maculata","CommonName":"Spotted Gum","TreeHeight":16,"TreeCanopyNS":5,"Tree_Status":"Tree","Tree_Age":"Mature","DBH_in_cm":28,"Locality":"Erskineville Neighbourhood North","ParkName":"Green Ban Park","OBJECTID":28259}},{"type":"Feature","id":6814,"geometry":{"type":"Point","coordinates":[151.185778486139,-33.8919911912957]},"properties":{"asset_id":"TS00892","TreeType":"Street Tree","SpeciesName":"Jacaranda mimosifolia","CommonName":"Jacaranda","TreeHeight":8,"TreeCanopyNS":10,"Tree_Status":"Tree","Tree_Age":"Mature","DBH_in_cm":45,"Locality":"North Newtown","ParkName":"Not applicable","OBJECTID":6814}},{"type":"Feature","id":28208,"geometry":{"type":"Point","coordinates":[151.183892523731,-33.8935762404013]},"properties":{"asset_id":"TS33328","TreeType":"Street Tree","SpeciesName":"Lagerstroemia indica","CommonName":"Crepe Myrtle","TreeHeight":7,"TreeCanopyNS":12,"Tree_Status":"Tree","Tree_Age":"Mature","DBH_in_cm":23,"Locality":"North Newtown","ParkName":"Not applicable","OBJECTID":28208}},{"type":"Feature","id":18716,"geometry":{"type":"Point","coordinates":[151.181936985363,-33.8924754975118]},"properties":{"asset_id":"TS03435","TreeType":"Street Tree","SpeciesName":"Tristaniopsis laurina","CommonName":"Water Gum","TreeHeight":6,"TreeCanopyNS":6,"Tree_Status":"Tree","Tree_Age":"Mature","DBH_in_cm":32,"Locality":"North Newtown","ParkName":"Not applicable","OBJECTID":18716}},{"type":"Feature","id":30025,"geometry":{"type":"Point","coordinates":[151.181848241787,-33.8916844481781]},"properties":{"asset_id":"TP02578","TreeType":"Street Tree","SpeciesName":"Cupaniopsis anacardioides","CommonName":"Tuckeroo","TreeHeight":10,"TreeCanopyNS":6,"Tree_Status":"Tree","Tree_Age":"Mature","DBH_in_cm":26,"Locality":"North Newtown","ParkName":"Not applicable","OBJECTID":30025}},{"type":"Feature","id":13306,"geometry":{"type":"Point","coordinates":[151.184619730191,-33.8974062593622]},"properties":{"asset_id":"TS06572","TreeType":"Street Tree","SpeciesName":"Fraxinus griffithii","CommonName":"Evergreen Ash","TreeHeight":6,"TreeCanopyNS":6,"Tree_Status":"Tree","Tree_Age":"Mature","DBH_in_cm":25,"Locality":"Erskineville Neighbourhood North","ParkName":"Not applicable","OBJECTID":13306}},{"type":"Feature","id":22454,"geometry":{"type":"Point","coordinates":[151.184170340339,-33.8938401264863]},"properties":{"asset_id":"TS15542","TreeType":"Street Tree","SpeciesName":"Eucalyptus microcorys","CommonName":"Tallow Wood","TreeHeight":18,"TreeCanopyNS":14,"Tree_Status":"Tree","Tree_Age":"Mature","DBH_in_cm":62,"Locality":"North Newtown","ParkName":"Not applicable","OBJECTID":22454}},{"type":"Feature","id":25454,"geometry":{"type":"Point","coordinates":[151.182084523824,-33.8956572816064]},"properties":{"asset_id":"TP00015","TreeType":"Park Tree","SpeciesName":"Acer palmatum","CommonName":"Japanese Maple","TreeHeight":4,"TreeCanopyNS":4,"Tree_Status":"Tree","Tree_Age":"Mature","DBH_in_cm":9,"Locality":"North Newtown","ParkName":"WJ Thurbon Reserve","OBJECTID":25454}},{"type":"Feature","id":10552,"geometry":{"type":"Point","coordinates":[151.188243516745,-33.893575215601]},"properties":{"asset_id":"TS08145","TreeType":"Street Tree","SpeciesName":"Lophostemon confertus","CommonName":"Brush Box","TreeHeight":14,"TreeCanopyNS":11,"Tree_Status":"Tree","Tree_Age":"Mature","DBH_in_cm":70,"Locality":"Darlington and West Redfern","ParkName":"Not applicable","OBJECTID":10552}},{"type":"Feature","id":21713,"geometry":{"type":"Point","coordinates":[151.188357956561,-33.8939210915353]},"properties":{"asset_id":"TS31446","TreeType":"Street Tree","SpeciesName":"Lophostemon confertus","CommonName":"Brush Box","TreeHeight":8,"TreeCanopyNS":4,"Tree_Status":"Tree","Tree_Age":"Semi-Mature","DBH_in_cm":18,"Locality":"Darlington and West Redfern","ParkName":"Not applicable","OBJECTID":21713}},{"type":"Feature","id":15962,"geometry":{"type":"Point","coordinates":[151.188780786106,-33.8983627673393]},"properties":{"asset_id":"TS29372","TreeType":"Street Tree","SpeciesName":"Melaleuca bracteata","CommonName":"Bracelet Honey Myrtle","TreeHeight":8,"TreeCanopyNS":5,"Tree_Status":"Tree","Tree_Age":"Mature","DBH_in_cm":32,"Locality":"Erskineville Oval","ParkName":"Not applicable","OBJECTID":15962}},{"type":"Feature","id":9370,"geometry":{"type":"Point","coordinates":[151.187937859011,-33.8912022193769]},"properties":{"asset_id":"TS23498","TreeType":"Street Tree","SpeciesName":"Liquidambar styraciflua","CommonName":"Liquidamber or Sweet Gum","TreeHeight":11,"TreeCanopyNS":11,"Tree_Status":"Tree","Tree_Age":"Mature","DBH_in_cm":34,"Locality":"University of Sydney and Royal Prince Alfred Hospital","ParkName":"Not applicable","OBJECTID":9370}},{"type":"Feature","id":39371,"geometry":{"type":"Point","coordinates":[151.184359472061,-33.8971092688704]},"properties":{"asset_id":"TS35125","TreeType":"Street Tree","SpeciesName":"Callistemon viminalis","CommonName":"Weeping Bottlebrush","TreeHeight":11,"TreeCanopyNS":5,"Tree_Status":"Tree","Tree_Age":"Mature","DBH_in_cm":35,"Locality":"Erskineville Neighbourhood North","ParkName":"Not applicable","OBJECTID":39371}},{"type":"Feature","id":4501,"geometry":{"type":"Point","coordinates":[151.18152459784,-33.8939007328551]},"properties":{"asset_id":"TS04358","TreeType":"Street Tree","SpeciesName":"Elaeocarpus reticulatus","CommonName":"Blueberry Ash","TreeHeight":6,"TreeCanopyNS":4,"Tree_Status":"Tree","Tree_Age":"Semi-Mature","DBH_in_cm":17,"Locality":"North Newtown","ParkName":"Not applicable","OBJECTID":4501}},{"type":"Feature","id":29436,"geometry":{"type":"Point","coordinates":[151.180841400767,-33.897114253189]},"properties":{"asset_id":"TP01217","TreeType":"Park Tree","SpeciesName":"Eucalyptus microcorys","CommonName":"Tallow Wood","TreeHeight":24,"TreeCanopyNS":14,"Tree_Status":"Tree","Tree_Age":"Mature","DBH_in_cm":85,"Locality":"North Newtown","ParkName":"Mollie Swift Reserve","OBJECTID":29436}},{"type":"Feature","id":28305,"geometry":{"type":"Point","coordinates":[151.181813497492,-33.8978903029674]},"properties":{"asset_id":"TP03858","TreeType":"Park Tree","SpeciesName":"Callistemon salignus","CommonName":"Willow Bottlebrush","TreeHeight":7,"TreeCanopyNS":3,"Tree_Status":"Tree","Tree_Age":"Mature","DBH_in_cm":18,"Locality":"Erskineville Neighbourhood North","ParkName":"Green Ban Park","OBJECTID":28305}},{"type":"Feature","id":14780,"geometry":{"type":"Point","coordinates":[151.181447781282,-33.896454211998]},"properties":{"asset_id":"TS15212","TreeType":"Street Tree","SpeciesName":"Koelreuteria paniculata","CommonName":"Golden Rain Tree","TreeHeight":7,"TreeCanopyNS":6,"Tree_Status":"Tree","Tree_Age":"Mature","DBH_in_cm":29,"Locality":"North Newtown","ParkName":"Not applicable","OBJECTID":14780}},{"type":"Feature","id":15075,"geometry":{"type":"Point","coordinates":[151.182096634049,-33.8970735438931]},"properties":{"asset_id":"TS10447","TreeType":"Street Tree","SpeciesName":"Melaleuca quinquenervia","CommonName":"Broad Leaf Paperbark","TreeHeight":10,"TreeCanopyNS":7,"Tree_Status":"Tree","Tree_Age":"Mature","DBH_in_cm":61,"Locality":"North Newtown","ParkName":"Not applicable","OBJECTID":15075}},{"type":"Feature","id":15321,"geometry":{"type":"Point","coordinates":[151.189213947988,-33.8986814981055]},"properties":{"asset_id":"TS12161","TreeType":"Street Tree","SpeciesName":"Lophostemon confertus","CommonName":"Brush Box","TreeHeight":10,"TreeCanopyNS":8,"Tree_Status":"Tree","Tree_Age":"Mature","DBH_in_cm":46,"Locality":"Erskineville Oval","ParkName":"Not applicable","OBJECTID":15321}},{"type":"Feature","id":45640,"geometry":{"type":"Point","coordinates":[151.180127882292,-33.8988514520146]},"properties":{"asset_id":"TS11781","TreeType":"Street Tree","SpeciesName":"Buckinghamia celsissima","CommonName":"Lemon Scented Myrtle","TreeHeight":2,"TreeCanopyNS":1,"Tree_Status":"Tree","Tree_Age":"Young","DBH_in_cm":4,"Locality":"Erskineville Neighbourhood South","ParkName":"Not applicable","OBJECTID":45640}},{"type":"Feature","id":39403,"geometry":{"type":"Point","coordinates":[151.187626493549,-33.8918952210963]},"properties":{"asset_id":"TS35328","TreeType":"Street Tree","SpeciesName":"Lophostemon confertus","CommonName":"Brush Box","TreeHeight":8,"TreeCanopyNS":3,"Tree_Status":"Tree","Tree_Age":"Semi-Mature","DBH_in_cm":13,"Locality":"North Newtown","ParkName":"Not applicable","OBJECTID":39403}},{"type":"Feature","id":29988,"geometry":{"type":"Point","coordinates":[151.182065529411,-33.8983961992143]},"properties":{"asset_id":"TP03724","TreeType":"Park Tree","SpeciesName":"Liriodendron tulipifera","CommonName":"Tulip Tree","TreeHeight":9,"TreeCanopyNS":8,"Tree_Status":"Tree","Tree_Age":"Mature","DBH_in_cm":26,"Locality":"Erskineville Road Village Centre","ParkName":"Green Bans Park","OBJECTID":29988}},{"type":"Feature","id":10020,"geometry":{"type":"Point","coordinates":[151.182003513541,-33.8981898687532]},"properties":{"asset_id":"TS04469","TreeType":"Street Tree","SpeciesName":"Tristaniopsis laurina","CommonName":"Water Gum","TreeHeight":5,"TreeCanopyNS":4,"Tree_Status":"Tree","Tree_Age":"Semi-Mature","DBH_in_cm":23,"Locality":"Erskineville Road Village Centre","ParkName":"Not applicable","OBJECTID":10020}},{"type":"Feature","id":24747,"geometry":{"type":"Point","coordinates":[151.189178615502,-33.8938471344698]},"properties":{"asset_id":"TS17316","TreeType":"Street Tree","SpeciesName":"Elaeocarpus reticulatus","CommonName":"Blueberry Ash","TreeHeight":6,"TreeCanopyNS":3,"Tree_Status":"Tree","Tree_Age":"Mature","DBH_in_cm":17,"Locality":"Darlington and West Redfern","ParkName":"Not applicable","OBJECTID":24747}},{"type":"Feature","id":6084,"geometry":{"type":"Point","coordinates":[151.17910235523,-33.8906248336125]},"properties":{"asset_id":"TS23698","TreeType":"Street Tree","SpeciesName":"Melia azedarach","CommonName":"White Cedar","TreeHeight":8,"TreeCanopyNS":9,"Tree_Status":"Tree","Tree_Age":"Mature","DBH_in_cm":29,"Locality":"Camperdown","ParkName":"Not applicable","OBJECTID":6084}},{"type":"Feature","id":26550,"geometry":{"type":"Point","coordinates":[151.182207637972,-33.8927860821842]},"properties":{"asset_id":"TP05014","TreeType":"Park Tree","SpeciesName":"Fraxinus oxycarpa Raywoodii","CommonName":"Claret Ash","TreeHeight":12,"TreeCanopyNS":12,"Tree_Status":"Tree","Tree_Age":"Mature","DBH_in_cm":37,"Locality":"North Newtown","ParkName":"Goddard Reserve","OBJECTID":26550}},{"type":"Feature","id":10873,"geometry":{"type":"Point","coordinates":[151.184229161117,-33.8983183771655]},"properties":{"asset_id":"TS09793","TreeType":"Street Tree","SpeciesName":"Tristaniopsis laurina","CommonName":"Water Gum","TreeHeight":8,"TreeCanopyNS":8,"Tree_Status":"Tree","Tree_Age":"Mature","DBH_in_cm":45,"Locality":"Erskineville Neighbourhood North","ParkName":"Not applicable","OBJECTID":10873}},{"type":"Feature","id":38384,"geometry":{"type":"Point","coordinates":[151.183361466601,-33.897100232752]},"properties":{"asset_id":"TS35114","TreeType":"Street Tree","SpeciesName":"Fraxinus griffithii","CommonName":"Evergreen Ash","TreeHeight":6,"TreeCanopyNS":4,"Tree_Status":"Tree","Tree_Age":"Semi-Mature","DBH_in_cm":11,"Locality":"North Newtown","ParkName":"Not applicable","OBJECTID":38384}},{"type":"Feature","id":8242,"geometry":{"type":"Point","coordinates":[151.180491247841,-33.894045529184]},"properties":{"asset_id":"TS01062","TreeType":"Street Tree","SpeciesName":"Tristaniopsis laurina","CommonName":"Water Gum","TreeHeight":10,"TreeCanopyNS":6,"Tree_Status":"Tree","Tree_Age":"Mature","DBH_in_cm":31,"Locality":"North Newtown","ParkName":"Not applicable","OBJECTID":8242}},{"type":"Feature","id":15072,"geometry":{"type":"Point","coordinates":[151.181622779636,-33.8972266063215]},"properties":{"asset_id":"TS10451","TreeType":"Street Tree","SpeciesName":"Melaleuca quinquenervia","CommonName":"Broad Leaf Paperbark","TreeHeight":13,"TreeCanopyNS":8,"Tree_Status":"Tree","Tree_Age":"Mature","DBH_in_cm":68,"Locality":"North Newtown","ParkName":"Not applicable","OBJECTID":15072}},{"type":"Feature","id":22234,"geometry":{"type":"Point","coordinates":[151.188909912609,-33.8941128927614]},"properties":{"asset_id":"TS15289","TreeType":"Street Tree","SpeciesName":"Melaleuca quinquenervia","CommonName":"Broad Leaf Paperbark","TreeHeight":15,"TreeCanopyNS":10,"Tree_Status":"Tree","Tree_Age":"Mature","DBH_in_cm":65,"Locality":"Darlington and West Redfern","ParkName":"Not applicable","OBJECTID":22234}},{"type":"Feature","id":27189,"geometry":{"type":"Point","coordinates":[151.189629024067,-33.8988277300712]},"properties":{"asset_id":"TP02002","TreeType":"Park Tree","SpeciesName":"Corymbia maculata","CommonName":"Spotted Gum","TreeHeight":14,"TreeCanopyNS":7,"Tree_Status":"Tree","Tree_Age":"Mature","DBH_in_cm":29,"Locality":"Erskineville Oval","ParkName":"Solander Park","OBJECTID":27189}},{"type":"Feature","id":48700,"geometry":{"type":"Point","coordinates":[151.179336292851,-33.8882817978889]},"properties":{"asset_id":"TS24143","TreeType":"Street Tree","SpeciesName":"Robinia pseudoacacia 'Frisia'","CommonName":"Golden Robinia","TreeHeight":10,"TreeCanopyNS":6,"Tree_Status":"Tree","Tree_Age":"Mature","DBH_in_cm":29,"Locality":"Camperdown","ParkName":"Not applicable","OBJECTID":48700}},{"type":"Feature","id":11800,"geometry":{"type":"Point","coordinates":[151.188210119726,-33.8988700757099]},"properties":{"asset_id":"TS06652","TreeType":"Street Tree","SpeciesName":"Eucalyptus botryoides","CommonName":"Swamp Mahogany","TreeHeight":13,"TreeCanopyNS":10,"Tree_Status":"Tree","Tree_Age":"Mature","DBH_in_cm":39,"Locality":"Erskineville Oval","ParkName":"Not applicable","OBJECTID":11800}},{"type":"Feature","id":16875,"geometry":{"type":"Point","coordinates":[151.188889547051,-33.8930458396594]},"properties":{"asset_id":"TS08717","TreeType":"Street Tree","SpeciesName":"Eucalyptus microcorys","CommonName":"Tallow Wood","TreeHeight":19,"TreeCanopyNS":18,"Tree_Status":"Tree","Tree_Age":"Mature","DBH_in_cm":87,"Locality":"Darlington and West Redfern","ParkName":"Not applicable","OBJECTID":16875}},{"type":"Feature","id":12129,"geometry":{"type":"Point","coordinates":[151.18042806543,-33.8911660789835]},"properties":{"asset_id":"TS23458","TreeType":"Street Tree","SpeciesName":"Platanus acerifolia","CommonName":"London Plane","TreeHeight":14,"TreeCanopyNS":13,"Tree_Status":"Tree","Tree_Age":"Mature","DBH_in_cm":52,"Locality":"Camperdown","ParkName":"Not applicable","OBJECTID":12129}},{"type":"Feature","id":25460,"geometry":{"type":"Point","coordinates":[151.182039543137,-33.8955552627123]},"properties":{"asset_id":"TP00008","TreeType":"Park Tree","SpeciesName":"Caesalpinia ferrea","CommonName":"Leopard Tree","TreeHeight":8,"TreeCanopyNS":5,"Tree_Status":"Tree","Tree_Age":"Mature","DBH_in_cm":20,"Locality":"North Newtown","ParkName":"WJ Thurbon Reserve","OBJECTID":25460}},{"type":"Feature","id":8809,"geometry":{"type":"Point","coordinates":[151.181624968526,-33.8939148390475]},"properties":{"asset_id":"TS04360","TreeType":"Street Tree","SpeciesName":"Elaeocarpus reticulatus","CommonName":"Blueberry Ash","TreeHeight":8,"TreeCanopyNS":4,"Tree_Status":"Tree","Tree_Age":"Mature","DBH_in_cm":18,"Locality":"North Newtown","ParkName":"Not applicable","OBJECTID":8809}},{"type":"Feature","id":25102,"geometry":{"type":"Point","coordinates":[151.178721513429,-33.8898221596589]},"properties":{"asset_id":"TS33873","TreeType":"Street Tree","SpeciesName":"Corymbia maculata","CommonName":"Spotted Gum","TreeHeight":16,"TreeCanopyNS":6,"Tree_Status":"Tree","Tree_Age":"Mature","DBH_in_cm":34,"Locality":"Camperdown","ParkName":"Not applicable","OBJECTID":25102}},{"type":"Feature","id":12155,"geometry":{"type":"Point","coordinates":[151.185372731734,-33.8912587757906]},"properties":{"asset_id":"TS23477","TreeType":"Street Tree","SpeciesName":"Jacaranda mimosifolia","CommonName":"Jacaranda","TreeHeight":11,"TreeCanopyNS":11,"Tree_Status":"Tree","Tree_Age":"Mature","DBH_in_cm":39,"Locality":"University of Sydney and Royal Prince Alfred Hospital","ParkName":"Not applicable","OBJECTID":12155}},{"type":"Feature","id":7741,"geometry":{"type":"Point","coordinates":[151.182607057294,-33.8908857087988]},"properties":{"asset_id":"TS22167","TreeType":"Street Tree","SpeciesName":"Flindersia australis","CommonName":"Crows Ash","TreeHeight":10,"TreeCanopyNS":6,"Tree_Status":"Tree","Tree_Age":"Mature","DBH_in_cm":32,"Locality":"University of Sydney and Royal Prince Alfred Hospital","ParkName":"Not applicable","OBJECTID":7741}},{"type":"Feature","id":13266,"geometry":{"type":"Point","coordinates":[151.184056024916,-33.8970387879851]},"properties":{"asset_id":"TS15043","TreeType":"Street Tree","SpeciesName":"Jacaranda mimosifolia","CommonName":"Jacaranda","TreeHeight":9,"TreeCanopyNS":8,"Tree_Status":"Tree","Tree_Age":"Mature","DBH_in_cm":29,"Locality":"North Newtown","ParkName":"Not applicable","OBJECTID":13266}},{"type":"Feature","id":16165,"geometry":{"type":"Point","coordinates":[151.182689294171,-33.8954849582495]},"properties":{"asset_id":"TS06069","TreeType":"Street Tree","SpeciesName":"Tristaniopsis laurina","CommonName":"Water Gum","TreeHeight":6,"TreeCanopyNS":6,"Tree_Status":"Tree","Tree_Age":"Semi-Mature","DBH_in_cm":20,"Locality":"North Newtown","ParkName":"Not applicable","OBJECTID":16165}},{"type":"Feature","id":43147,"geometry":{"type":"Point","coordinates":[151.179307203997,-33.8877426715051]},"properties":{"asset_id":"TS44792","TreeType":"Street Tree","SpeciesName":"Caesalpinia ferrea","CommonName":"Leopard Tree","TreeHeight":2,"TreeCanopyNS":1,"Tree_Status":"Tree","Tree_Age":"Young","DBH_in_cm":4,"Locality":"Camperdown","ParkName":"Not applicable","OBJECTID":43147}},{"type":"Feature","id":37954,"geometry":{"type":"Point","coordinates":[151.187081470338,-33.8988861994063]},"properties":{"asset_id":"TS34985","TreeType":"Street Tree","SpeciesName":"Lophostemon confertus","CommonName":"Brush Box","TreeHeight":6,"TreeCanopyNS":3,"Tree_Status":"Tree","Tree_Age":"Semi-Mature","DBH_in_cm":16,"Locality":"Erskineville Oval","ParkName":"Not applicable","OBJECTID":37954}},{"type":"Feature","id":15779,"geometry":{"type":"Point","coordinates":[151.183408942705,-33.8946886126263]},"properties":{"asset_id":"TS14999","TreeType":"Street Tree","SpeciesName":"Melaleuca quinquenervia","CommonName":"Broad Leaf Paperbark","TreeHeight":16,"TreeCanopyNS":10,"Tree_Status":"Tree","Tree_Age":"Mature","DBH_in_cm":140,"Locality":"North Newtown","ParkName":"Not applicable","OBJECTID":15779}},{"type":"Feature","id":23204,"geometry":{"type":"Point","coordinates":[151.183684654283,-33.8912988187931]},"properties":{"asset_id":"TS23505","TreeType":"Street Tree","SpeciesName":"Jacaranda mimosifolia","CommonName":"Jacaranda","TreeHeight":7,"TreeCanopyNS":7,"Tree_Status":"Tree","Tree_Age":"Semi-Mature","DBH_in_cm":25,"Locality":"University of Sydney and Royal Prince Alfred Hospital","ParkName":"Not applicable","OBJECTID":23204}},{"type":"Feature","id":12135,"geometry":{"type":"Point","coordinates":[151.180011939737,-33.8910361226519]},"properties":{"asset_id":"TS23461","TreeType":"Street Tree","SpeciesName":"Platanus acerifolia","CommonName":"London Plane","TreeHeight":11,"TreeCanopyNS":10,"Tree_Status":"Tree","Tree_Age":"Semi-Mature","DBH_in_cm":19,"Locality":"Camperdown","ParkName":"Not applicable","OBJECTID":12135}},{"type":"Feature","id":18704,"geometry":{"type":"Point","coordinates":[151.18174887206,-33.8920257306799]},"properties":{"asset_id":"TS03429","TreeType":"Street Tree","SpeciesName":"Tristaniopsis laurina","CommonName":"Water Gum","TreeHeight":7,"TreeCanopyNS":6,"Tree_Status":"Tree","Tree_Age":"Mature","DBH_in_cm":33,"Locality":"North Newtown","ParkName":"Not applicable","OBJECTID":18704}},{"type":"Feature","id":11963,"geometry":{"type":"Point","coordinates":[151.188046100816,-33.8931494875071]},"properties":{"asset_id":"TS08155","TreeType":"Street Tree","SpeciesName":"Platanus acerifolia","CommonName":"London Plane","TreeHeight":17,"TreeCanopyNS":15,"Tree_Status":"Tree","Tree_Age":"Mature","DBH_in_cm":95,"Locality":"Darlington and West Redfern","ParkName":"Not applicable","OBJECTID":11963}},{"type":"Feature","id":33950,"geometry":{"type":"Point","coordinates":[151.189059670813,-33.8980610900447]},"properties":{"asset_id":"TP04168","TreeType":"Park Tree","SpeciesName":"Ficus rubiginosa","CommonName":"Port Jackson or Rusty Fig","TreeHeight":8,"TreeCanopyNS":6,"Tree_Status":"Tree","Tree_Age":"Semi-Mature","DBH_in_cm":35,"Locality":null,"ParkName":"South Sydney Rotary Park #1","OBJECTID":33950}},{"type":"Feature","id":12112,"geometry":{"type":"Point","coordinates":[151.18188488619,-33.8914811970219]},"properties":{"asset_id":"TS23447","TreeType":"Street Tree","SpeciesName":"Platanus acerifolia","CommonName":"London Plane","TreeHeight":7,"TreeCanopyNS":5,"Tree_Status":"Tree","Tree_Age":"Semi-Mature","DBH_in_cm":15,"Locality":"Camperdown","ParkName":"Not applicable","OBJECTID":12112}},{"type":"Feature","id":13317,"geometry":{"type":"Point","coordinates":[151.184002511782,-33.8962782875158]},"properties":{"asset_id":"TS15034","TreeType":"Street Tree","SpeciesName":"Melaleuca quinquenervia","CommonName":"Broad Leaf Paperbark","TreeHeight":14,"TreeCanopyNS":13,"Tree_Status":"Tree","Tree_Age":"Mature","DBH_in_cm":96,"Locality":"North Newtown","ParkName":"Not applicable","OBJECTID":13317}},{"type":"Feature","id":12702,"geometry":{"type":"Point","coordinates":[151.185902219051,-33.8959003231749]},"properties":{"asset_id":"TS12333","TreeType":"Street Tree","SpeciesName":"Melaleuca quinquenervia","CommonName":"Broad Leaf Paperbark","TreeHeight":12,"TreeCanopyNS":10,"Tree_Status":"Tree","Tree_Age":"Mature","DBH_in_cm":75,"Locality":"North Newtown","ParkName":"Not applicable","OBJECTID":12702}},{"type":"Feature","id":13366,"geometry":{"type":"Point","coordinates":[151.186102387906,-33.894975566274]},"properties":{"asset_id":"TS15265","TreeType":"Street Tree","SpeciesName":"Koelreuteria paniculata","CommonName":"Golden Rain Tree","TreeHeight":4,"TreeCanopyNS":3,"Tree_Status":"Tree","Tree_Age":"Semi-Mature","DBH_in_cm":11,"Locality":"North Newtown","ParkName":"Not applicable","OBJECTID":13366}},{"type":"Feature","id":27850,"geometry":{"type":"Point","coordinates":[151.186325442093,-33.894231132235]},"properties":{"asset_id":"TP01819","TreeType":"Park Tree","SpeciesName":"Ficus rubiginosa","CommonName":"Port Jackson or Rusty Fig","TreeHeight":14,"TreeCanopyNS":9,"Tree_Status":"Tree","Tree_Age":"Over-Mature","DBH_in_cm":87,"Locality":"North Newtown","ParkName":"Hollis Park","OBJECTID":27850}},{"type":"Feature","id":24604,"geometry":{"type":"Point","coordinates":[151.187052114164,-33.8957011093678]},"properties":{"asset_id":"TS29417","TreeType":"Street Tree","SpeciesName":"Callistemon viminalis","CommonName":"Weeping Bottlebrush","TreeHeight":9,"TreeCanopyNS":5,"Tree_Status":"Tree","Tree_Age":"Mature","DBH_in_cm":31,"Locality":"North Newtown","ParkName":"Not applicable","OBJECTID":24604}},{"type":"Feature","id":24555,"geometry":{"type":"Point","coordinates":[151.187572834154,-33.8955809073029]},"properties":{"asset_id":"TS31775","TreeType":"Street Tree","SpeciesName":"Robinia pseudoacacia 'Frisia'","CommonName":"Golden Robinia","TreeHeight":5,"TreeCanopyNS":4,"Tree_Status":"Tree","Tree_Age":"Semi-Mature","DBH_in_cm":10,"Locality":"North Newtown","ParkName":"Not applicable","OBJECTID":24555}},{"type":"Feature","id":8105,"geometry":{"type":"Point","coordinates":[151.189376672906,-33.8931430851978]},"properties":{"asset_id":"TS00159","TreeType":"Street Tree","SpeciesName":"Liquidambar styraciflua","CommonName":"Liquidamber or Sweet Gum","TreeHeight":12,"TreeCanopyNS":7,"Tree_Status":"Tree","Tree_Age":"Mature","DBH_in_cm":43,"Locality":"Darlington and West Redfern","ParkName":"Not applicable","OBJECTID":8105}},{"type":"Feature","id":9848,"geometry":{"type":"Point","coordinates":[151.178275246564,-33.889569386537]},"properties":{"asset_id":"TS24439","TreeType":"Street Tree","SpeciesName":"Waterhousea floribunda","CommonName":"Weeping Lilly Pilly","TreeHeight":8,"TreeCanopyNS":9,"Tree_Status":"Tree","Tree_Age":"Mature","DBH_in_cm":41,"Locality":"Camperdown","ParkName":"Not applicable","OBJECTID":9848}},{"type":"Feature","id":9350,"geometry":{"type":"Point","coordinates":[151.180263249021,-33.8912641874333]},"properties":{"asset_id":"TS23434","TreeType":"Street Tree","SpeciesName":"Platanus acerifolia","CommonName":"London Plane","TreeHeight":11,"TreeCanopyNS":9,"Tree_Status":"Tree","Tree_Age":"Mature","DBH_in_cm":32,"Locality":"North Newtown","ParkName":"Not applicable","OBJECTID":9350}},{"type":"Feature","id":39397,"geometry":{"type":"Point","coordinates":[151.184765476891,-33.8969582616753]},"properties":{"asset_id":"TS35141","TreeType":"Street Tree","SpeciesName":"Callistemon viminalis","CommonName":"Weeping Bottlebrush","TreeHeight":3,"TreeCanopyNS":2,"Tree_Status":"Tree","Tree_Age":"Semi-Mature","DBH_in_cm":7,"Locality":"Erskineville Neighbourhood North","ParkName":"Not applicable","OBJECTID":39397}},{"type":"Feature","id":24741,"geometry":{"type":"Point","coordinates":[151.189310876782,-33.89378496555]},"properties":{"asset_id":"TS17313","TreeType":"Street Tree","SpeciesName":"Callistemon salignus","CommonName":"Willow Bottlebrush","TreeHeight":9,"TreeCanopyNS":9,"Tree_Status":"Tree","Tree_Age":"Mature","DBH_in_cm":60,"Locality":"Darlington and West Redfern","ParkName":"Not applicable","OBJECTID":24741}},{"type":"Feature","id":47804,"geometry":{"type":"Point","coordinates":[151.188389499519,-33.8940452736566]},"properties":{"asset_id":"TS41376","TreeType":"Street Tree","SpeciesName":"Lophostemon confertus","CommonName":"Brush Box","TreeHeight":8,"TreeCanopyNS":2,"Tree_Status":"Tree","Tree_Age":"Semi-Mature","DBH_in_cm":11,"Locality":"Darlington and West Redfern","ParkName":"Not applicable","OBJECTID":47804}},{"type":"Feature","id":10867,"geometry":{"type":"Point","coordinates":[151.184272840041,-33.8987267854529]},"properties":{"asset_id":"TS09787","TreeType":"Street Tree","SpeciesName":"Tristaniopsis laurina","CommonName":"Water Gum","TreeHeight":8,"TreeCanopyNS":6,"Tree_Status":"Tree","Tree_Age":"Mature","DBH_in_cm":28,"Locality":"Erskineville Neighbourhood North","ParkName":"Not applicable","OBJECTID":10867}},{"type":"Feature","id":47163,"geometry":{"type":"Point","coordinates":[151.182443754037,-33.8937867050943]},"properties":{"asset_id":"TS03427","TreeType":"Street Tree","SpeciesName":"Pistacia chinensis","CommonName":"Chinese Pistacia","TreeHeight":4,"TreeCanopyNS":2,"Tree_Status":"Tree","Tree_Age":"Young","DBH_in_cm":6,"Locality":"North Newtown","ParkName":"Not applicable","OBJECTID":47163}},{"type":"Feature","id":19572,"geometry":{"type":"Point","coordinates":[151.181045173612,-33.8986547192333]},"properties":{"asset_id":"TS04591","TreeType":"Street Tree","SpeciesName":"Hymenosporum flavum","CommonName":"Australian Frangipani","TreeHeight":7,"TreeCanopyNS":4,"Tree_Status":"Tree","Tree_Age":"Semi-Mature","DBH_in_cm":17,"Locality":"Erskineville Neighbourhood South","ParkName":"Not applicable","OBJECTID":19572}},{"type":"Feature","id":10632,"geometry":{"type":"Point","coordinates":[151.185264634918,-33.8933906891801]},"properties":{"asset_id":"TS08583","TreeType":"Street Tree","SpeciesName":"Harpephyllum caffrum","CommonName":"Kaffir Plum","TreeHeight":8,"TreeCanopyNS":8,"Tree_Status":"Tree","Tree_Age":"Mature","DBH_in_cm":52,"Locality":"North Newtown","ParkName":"Not applicable","OBJECTID":10632}},{"type":"Feature","id":26699,"geometry":{"type":"Point","coordinates":[151.184567427558,-33.8942672708293]},"properties":{"asset_id":"TP01566","TreeType":"Park Tree","SpeciesName":"Casuarina cunninghamiana","CommonName":"River She Oak","TreeHeight":21,"TreeCanopyNS":14,"Tree_Status":"Tree","Tree_Age":"Mature","DBH_in_cm":68,"Locality":"North Newtown","ParkName":"Michael Kelly Rest Area","OBJECTID":26699}},{"type":"Feature","id":18043,"geometry":{"type":"Point","coordinates":[151.185899682784,-33.8955606022048]},"properties":{"asset_id":"TS12323","TreeType":"Street Tree","SpeciesName":"Melaleuca quinquenervia","CommonName":"Broad Leaf Paperbark","TreeHeight":10,"TreeCanopyNS":11,"Tree_Status":"Tree","Tree_Age":"Mature","DBH_in_cm":70,"Locality":"North Newtown","ParkName":"Not applicable","OBJECTID":18043}},{"type":"Feature","id":13629,"geometry":{"type":"Point","coordinates":[151.187068975699,-33.895834273358]},"properties":{"asset_id":"TS29412","TreeType":"Street Tree","SpeciesName":"Lagerstroemia indica","CommonName":"Crepe Myrtle","TreeHeight":8,"TreeCanopyNS":8,"Tree_Status":"Tree","Tree_Age":"Mature","DBH_in_cm":52,"Locality":"North Newtown","ParkName":"Not applicable","OBJECTID":13629}},{"type":"Feature","id":28534,"geometry":{"type":"Point","coordinates":[151.181032491022,-33.8964873045847]},"properties":{"asset_id":"TS32902","TreeType":"Street Tree","SpeciesName":"Melaleuca linariifolia","CommonName":"Snow in Summer","TreeHeight":7,"TreeCanopyNS":5,"Tree_Status":"Tree","Tree_Age":"Mature","DBH_in_cm":28,"Locality":"North Newtown","ParkName":"Not applicable","OBJECTID":28534}},{"type":"Feature","id":28285,"geometry":{"type":"Point","coordinates":[151.181959816536,-33.8978745185178]},"properties":{"asset_id":"TP03871","TreeType":"Park Tree","SpeciesName":"Elaeocarpus reticulatus","CommonName":"Blueberry Ash","TreeHeight":4,"TreeCanopyNS":3,"Tree_Status":"Tree","Tree_Age":"Mature","DBH_in_cm":11,"Locality":"Erskineville Neighbourhood North","ParkName":"Green Ban Park","OBJECTID":28285}},{"type":"Feature","id":12055,"geometry":{"type":"Point","coordinates":[151.182331464798,-33.8974218331209]},"properties":{"asset_id":"TS09417","TreeType":"Street Tree","SpeciesName":"Cinnamomum camphora","CommonName":"Camphor Laurel","TreeHeight":16,"TreeCanopyNS":12,"Tree_Status":"Tree","Tree_Age":"Mature","DBH_in_cm":96,"Locality":"North Newtown","ParkName":"Not applicable","OBJECTID":12055}},{"type":"Feature","id":17210,"geometry":{"type":"Point","coordinates":[151.187425123868,-33.8947940433156]},"properties":{"asset_id":"TS09448","TreeType":"Street Tree","SpeciesName":"Melaleuca quinquenervia","CommonName":"Broad Leaf Paperbark","TreeHeight":19,"TreeCanopyNS":8,"Tree_Status":"Tree","Tree_Age":"Mature","DBH_in_cm":105,"Locality":"North Newtown","ParkName":"Not applicable","OBJECTID":17210}},{"type":"Feature","id":33944,"geometry":{"type":"Point","coordinates":[151.189362122083,-33.8980307300533]},"properties":{"asset_id":"TP04173","TreeType":"Park Tree","SpeciesName":"Ficus rubiginosa","CommonName":"Port Jackson or Rusty Fig","TreeHeight":11,"TreeCanopyNS":10,"Tree_Status":"Tree","Tree_Age":"Mature","DBH_in_cm":69,"Locality":"Erskineville Oval","ParkName":"South Sydney Rotary Park #1","OBJECTID":33944}},{"type":"Feature","id":15301,"geometry":{"type":"Point","coordinates":[151.189103042674,-33.8988942098642]},"properties":{"asset_id":"TS12132","TreeType":"Street Tree","SpeciesName":"Syzygium paniculatum","CommonName":"Brush Cherry","TreeHeight":13,"TreeCanopyNS":9,"Tree_Status":"Tree","Tree_Age":"Mature","DBH_in_cm":46,"Locality":"Erskineville Oval","ParkName":"Not applicable","OBJECTID":15301}},{"type":"Feature","id":7727,"geometry":{"type":"Point","coordinates":[151.180552301474,-33.8876025445761]},"properties":{"asset_id":"TS22146","TreeType":"Street Tree","SpeciesName":"Flindersia australis","CommonName":"Crows Ash","TreeHeight":5,"TreeCanopyNS":3,"Tree_Status":"Tree","Tree_Age":"Semi-Mature","DBH_in_cm":13,"Locality":"University of Sydney and Royal Prince Alfred Hospital","ParkName":"Not applicable","OBJECTID":7727}},{"type":"Feature","id":47861,"geometry":{"type":"Point","coordinates":[151.188925147471,-33.8916638213332]},"properties":{"asset_id":"TS44035","TreeType":"Street Tree","SpeciesName":"Liriodendron tulipifera","CommonName":"Tulip Tree","TreeHeight":3,"TreeCanopyNS":1,"Tree_Status":"Tree","Tree_Age":"Young","DBH_in_cm":4,"Locality":"University of Sydney and Royal Prince Alfred Hospital","ParkName":"Not applicable","OBJECTID":47861}},{"type":"Feature","id":14897,"geometry":{"type":"Point","coordinates":[151.183408471123,-33.8930130921017]},"properties":{"asset_id":"TS22181","TreeType":"Street Tree","SpeciesName":"Flindersia australis","CommonName":"Crows Ash","TreeHeight":7,"TreeCanopyNS":5,"Tree_Status":"Tree","Tree_Age":"Mature","DBH_in_cm":28,"Locality":"North Newtown","ParkName":"Not applicable","OBJECTID":14897}},{"type":"Feature","id":10028,"geometry":{"type":"Point","coordinates":[151.183318555182,-33.897920087886]},"properties":{"asset_id":"TS04477","TreeType":"Street Tree","SpeciesName":"Tristaniopsis laurina","CommonName":"Water Gum","TreeHeight":6,"TreeCanopyNS":3,"Tree_Status":"Tree","Tree_Age":"Semi-Mature","DBH_in_cm":18,"Locality":"Erskineville Neighbourhood North","ParkName":"Not applicable","OBJECTID":10028}},{"type":"Feature","id":13323,"geometry":{"type":"Point","coordinates":[151.183859689688,-33.8958029511471]},"properties":{"asset_id":"TS15041","TreeType":"Street Tree","SpeciesName":"Melaleuca quinquenervia","CommonName":"Broad Leaf Paperbark","TreeHeight":12,"TreeCanopyNS":10,"Tree_Status":"Tree","Tree_Age":"Mature","DBH_in_cm":64,"Locality":"North Newtown","ParkName":"Not applicable","OBJECTID":13323}},{"type":"Feature","id":20319,"geometry":{"type":"Point","coordinates":[151.186827810453,-33.8954984336873]},"properties":{"asset_id":"TS13398","TreeType":"Street Tree","SpeciesName":"Hibiscus rosa sinensis","CommonName":"Hibiscus","TreeHeight":2,"TreeCanopyNS":2,"Tree_Status":"Tree","Tree_Age":"Mature","DBH_in_cm":12,"Locality":"North Newtown","ParkName":"Not applicable","OBJECTID":20319}},{"type":"Feature","id":24598,"geometry":{"type":"Point","coordinates":[151.187192877652,-33.8956563812941]},"properties":{"asset_id":"TS29415","TreeType":"Street Tree","SpeciesName":"Cinnamomum camphora","CommonName":"Camphor Laurel","TreeHeight":17,"TreeCanopyNS":16,"Tree_Status":"Tree","Tree_Age":"Mature","DBH_in_cm":110,"Locality":"North Newtown","ParkName":"Not applicable","OBJECTID":24598}},{"type":"Feature","id":290,"geometry":{"type":"Point","coordinates":[151.181366735068,-33.896497470742]},"properties":{"asset_id":"TS15203","TreeType":"Street Tree","SpeciesName":"Koelreuteria paniculata","CommonName":"Golden Rain Tree","TreeHeight":5,"TreeCanopyNS":3,"Tree_Status":"Tree","Tree_Age":"Semi-Mature","DBH_in_cm":12,"Locality":"North Newtown","ParkName":"Not applicable","OBJECTID":290}},{"type":"Feature","id":12590,"geometry":{"type":"Point","coordinates":[151.178265653067,-33.890635725908]},"properties":{"asset_id":"TS25085","TreeType":"Street Tree","SpeciesName":"Lophostemon confertus","CommonName":"Brush Box","TreeHeight":14,"TreeCanopyNS":7,"Tree_Status":"Tree","Tree_Age":"Mature","DBH_in_cm":49,"Locality":"Camperdown","ParkName":"Not applicable","OBJECTID":12590}},{"type":"Feature","id":12098,"geometry":{"type":"Point","coordinates":[151.182405735042,-33.8914304519173]},"properties":{"asset_id":"TS23440","TreeType":"Street Tree","SpeciesName":"Platanus acerifolia","CommonName":"London Plane","TreeHeight":13,"TreeCanopyNS":12,"Tree_Status":"Tree","Tree_Age":"Mature","DBH_in_cm":36,"Locality":"Camperdown","ParkName":"Not applicable","OBJECTID":12098}},{"type":"Feature","id":10177,"geometry":{"type":"Point","coordinates":[151.186979274826,-33.8940746590486]},"properties":{"asset_id":"TS05182","TreeType":"Street Tree","SpeciesName":"Elaeocarpus reticulatus","CommonName":"Blueberry Ash","TreeHeight":8,"TreeCanopyNS":7,"Tree_Status":"Tree","Tree_Age":"Mature","DBH_in_cm":18,"Locality":"North Newtown","ParkName":"Not applicable","OBJECTID":10177}},{"type":"Feature","id":32564,"geometry":{"type":"Point","coordinates":[151.186683397862,-33.8958993832161]},"properties":{"asset_id":"TS31485","TreeType":"Street Tree","SpeciesName":"Robinia pseudoacacia 'Frisia'","CommonName":"Golden Robinia","TreeHeight":6,"TreeCanopyNS":4,"Tree_Status":"Tree","Tree_Age":"Semi-Mature","DBH_in_cm":10,"Locality":"North Newtown","ParkName":"Not applicable","OBJECTID":32564}},{"type":"Feature","id":16177,"geometry":{"type":"Point","coordinates":[151.182731069649,-33.8955393180439]},"properties":{"asset_id":"TS06084","TreeType":"Street Tree","SpeciesName":"Tristaniopsis laurina","CommonName":"Water Gum","TreeHeight":7,"TreeCanopyNS":7,"Tree_Status":"Tree","Tree_Age":"Mature","DBH_in_cm":31,"Locality":"North Newtown","ParkName":"Not applicable","OBJECTID":16177}},{"type":"Feature","id":14262,"geometry":{"type":"Point","coordinates":[151.181849943865,-33.8939577465155]},"properties":{"asset_id":"TS01744","TreeType":"Street Tree","SpeciesName":"Tristaniopsis laurina","CommonName":"Water Gum","TreeHeight":5,"TreeCanopyNS":5,"Tree_Status":"Tree","Tree_Age":"Mature","DBH_in_cm":22,"Locality":"North Newtown","ParkName":"Not applicable","OBJECTID":14262}},{"type":"Feature","id":12596,"geometry":{"type":"Point","coordinates":[151.178126739468,-33.8903089566928]},"properties":{"asset_id":"TS25083","TreeType":"Street Tree","SpeciesName":"Tristaniopsis laurina","CommonName":"Water Gum","TreeHeight":9,"TreeCanopyNS":9,"Tree_Status":"Tree","Tree_Age":"Mature","DBH_in_cm":34,"Locality":"Camperdown","ParkName":"Not applicable","OBJECTID":12596}},{"type":"Feature","id":8654,"geometry":{"type":"Point","coordinates":[151.18228109951,-33.8933853772201]},"properties":{"asset_id":"TS03455","TreeType":"Street Tree","SpeciesName":"Tristaniopsis laurina","CommonName":"Water Gum","TreeHeight":6,"TreeCanopyNS":8,"Tree_Status":"Tree","Tree_Age":"Mature","DBH_in_cm":23,"Locality":"North Newtown","ParkName":"Not applicable","OBJECTID":8654}},{"type":"Feature","id":46573,"geometry":{"type":"Point","coordinates":[151.180828484264,-33.8966532763334]},"properties":{"asset_id":"TS41773","TreeType":"Street Tree","SpeciesName":"Koelreuteria paniculata","CommonName":"Golden Rain Tree","TreeHeight":4,"TreeCanopyNS":1,"Tree_Status":"Tree","Tree_Age":"Young","DBH_in_cm":4,"Locality":"North Newtown","ParkName":"Not applicable","OBJECTID":46573}},{"type":"Feature","id":46579,"geometry":{"type":"Point","coordinates":[151.189283405884,-33.8941432722544]},"properties":{"asset_id":"TS41784","TreeType":"Street Tree","SpeciesName":"Koelreuteria paniculata","CommonName":"Golden Rain Tree","TreeHeight":2,"TreeCanopyNS":1,"Tree_Status":"Tree","Tree_Age":"Young","DBH_in_cm":3,"Locality":"Darlington and West Redfern","ParkName":"Not applicable","OBJECTID":46579}},{"type":"Feature","id":12888,"geometry":{"type":"Point","coordinates":[151.187287355946,-33.8930674463714]},"properties":{"asset_id":"TS13176","TreeType":"Street Tree","SpeciesName":"Tristaniopsis laurina","CommonName":"Water Gum","TreeHeight":8,"TreeCanopyNS":7,"Tree_Status":"Tree","Tree_Age":"Mature","DBH_in_cm":27,"Locality":"North Newtown","ParkName":"Not applicable","OBJECTID":12888}},{"type":"Feature","id":11557,"geometry":{"type":"Point","coordinates":[151.18405717995,-33.8978053695365]},"properties":{"asset_id":"TS04479","TreeType":"Street Tree","SpeciesName":"Tristaniopsis laurina","CommonName":"Water Gum","TreeHeight":6,"TreeCanopyNS":4,"Tree_Status":"Tree","Tree_Age":"Mature","DBH_in_cm":30,"Locality":"Erskineville Neighbourhood North","ParkName":"Not applicable","OBJECTID":11557}},{"type":"Feature","id":29118,"geometry":{"type":"Point","coordinates":[151.185082436433,-33.8972432822954]},"properties":{"asset_id":"TP01120","TreeType":"Street Tree","SpeciesName":"Casuarina glauca","CommonName":"Swamp Oak","TreeHeight":11,"TreeCanopyNS":4,"Tree_Status":"Tree","Tree_Age":"Mature","DBH_in_cm":30,"Locality":"Erskineville Neighbourhood North","ParkName":"Not applicable","OBJECTID":29118}},{"type":"Feature","id":26705,"geometry":{"type":"Point","coordinates":[151.184757466696,-33.8942393227168]},"properties":{"asset_id":"TP01560","TreeType":"Park Tree","SpeciesName":"Casuarina cunninghamiana","CommonName":"River She Oak","TreeHeight":20,"TreeCanopyNS":15,"Tree_Status":"Tree","Tree_Age":"Mature","DBH_in_cm":59,"Locality":"North Newtown","ParkName":"Michael Kelly Rest Area","OBJECTID":26705}},{"type":"Feature","id":28528,"geometry":{"type":"Point","coordinates":[151.181210548596,-33.8964382648784]},"properties":{"asset_id":"TS32906","TreeType":"Street Tree","SpeciesName":"Callistemon viminalis","CommonName":"Weeping Bottlebrush","TreeHeight":6,"TreeCanopyNS":6,"Tree_Status":"Tree","Tree_Age":"Mature","DBH_in_cm":30,"Locality":"North Newtown","ParkName":"Not applicable","OBJECTID":28528}},{"type":"Feature","id":28279,"geometry":{"type":"Point","coordinates":[151.181954390188,-33.8979161887007]},"properties":{"asset_id":"TP03873","TreeType":"Park Tree","SpeciesName":"Corymbia maculata","CommonName":"Spotted Gum","TreeHeight":14,"TreeCanopyNS":7,"Tree_Status":"Tree","Tree_Age":"Mature","DBH_in_cm":26,"Locality":"Erskineville Neighbourhood North","ParkName":"Green Ban Park","OBJECTID":28279}},{"type":"Feature","id":17216,"geometry":{"type":"Point","coordinates":[151.187628531916,-33.8951818974287]},"properties":{"asset_id":"TS09455","TreeType":"Street Tree","SpeciesName":"Platanus acerifolia","CommonName":"London Plane","TreeHeight":22,"TreeCanopyNS":14,"Tree_Status":"Tree","Tree_Age":"Mature","DBH_in_cm":115,"Locality":"North Newtown","ParkName":"Not applicable","OBJECTID":17216}},{"type":"Feature","id":12149,"geometry":{"type":"Point","coordinates":[151.183997130331,-33.8912892691351]},"properties":{"asset_id":"TS23472","TreeType":"Street Tree","SpeciesName":"Jacaranda mimosifolia","CommonName":"Jacaranda","TreeHeight":15,"TreeCanopyNS":10,"Tree_Status":"Tree","Tree_Age":"Mature","DBH_in_cm":44,"Locality":"University of Sydney and Royal Prince Alfred Hospital","ParkName":"Not applicable","OBJECTID":12149}},{"type":"Feature","id":14854,"geometry":{"type":"Point","coordinates":[151.185541842957,-33.8971440976661]},"properties":{"asset_id":"TS15889","TreeType":"Street Tree","SpeciesName":"Melaleuca quinquenervia","CommonName":"Broad Leaf Paperbark","TreeHeight":9,"TreeCanopyNS":7,"Tree_Status":"Tree","Tree_Age":"Mature","DBH_in_cm":48,"Locality":null,"ParkName":"Not applicable","OBJECTID":14854}},{"type":"Feature","id":10526,"geometry":{"type":"Point","coordinates":[151.181061127187,-33.8975523146892]},"properties":{"asset_id":"TS07825","TreeType":"Street Tree","SpeciesName":"Platanus acerifolia","CommonName":"London Plane","TreeHeight":13,"TreeCanopyNS":9,"Tree_Status":"Tree","Tree_Age":"Mature","DBH_in_cm":37,"Locality":"North Newtown","ParkName":"Not applicable","OBJECTID":10526}},{"type":"Feature","id":296,"geometry":{"type":"Point","coordinates":[151.189111418178,-33.8940488567181]},"properties":{"asset_id":"TS15287","TreeType":"Street Tree","SpeciesName":"Koelreuteria paniculata","CommonName":"Golden Rain Tree","TreeHeight":3,"TreeCanopyNS":3,"Tree_Status":"Tree","Tree_Age":"Semi-Mature","DBH_in_cm":10,"Locality":"Darlington and West Redfern","ParkName":"Not applicable","OBJECTID":296}},{"type":"Feature","id":45154,"geometry":{"type":"Point","coordinates":[151.187922028979,-33.892114092467]},"properties":{"asset_id":"TS44654","TreeType":"Street Tree","SpeciesName":"Schefflera actinophylla","CommonName":"Umbrella Tree","TreeHeight":6,"TreeCanopyNS":4,"Tree_Status":"Tree","Tree_Age":"Semi-Mature","DBH_in_cm":15,"Locality":"University of Sydney and Royal Prince Alfred Hospital","ParkName":"Not applicable","OBJECTID":45154}},{"type":"Feature","id":17099,"geometry":{"type":"Point","coordinates":[151.184160611933,-33.8931717973764]},"properties":{"asset_id":"TS02454","TreeType":"Street Tree","SpeciesName":"Platanus orientalis","CommonName":"Oriental Plane","TreeHeight":14,"TreeCanopyNS":7,"Tree_Status":"Tree","Tree_Age":"Mature","DBH_in_cm":39,"Locality":"North Newtown","ParkName":"Not applicable","OBJECTID":17099}},{"type":"Feature","id":15771,"geometry":{"type":"Point","coordinates":[151.183644539563,-33.8952352923924]},"properties":{"asset_id":"TS14991","TreeType":"Street Tree","SpeciesName":"Melaleuca quinquenervia","CommonName":"Broad Leaf Paperbark","TreeHeight":15,"TreeCanopyNS":16,"Tree_Status":"Tree","Tree_Age":"Mature","DBH_in_cm":86,"Locality":"North Newtown","ParkName":"Not applicable","OBJECTID":15771}},{"type":"Feature","id":29076,"geometry":{"type":"Point","coordinates":[151.188084193199,-33.8911953548121]},"properties":{"asset_id":"TS23497","TreeType":"Street Tree","SpeciesName":"Jacaranda mimosifolia","CommonName":"Jacaranda","TreeHeight":4,"TreeCanopyNS":2,"Tree_Status":"Tree","Tree_Age":"Semi-Mature","DBH_in_cm":11,"Locality":"University of Sydney and Royal Prince Alfred Hospital","ParkName":"Not applicable","OBJECTID":29076}},{"type":"Feature","id":22031,"geometry":{"type":"Point","coordinates":[151.181396475728,-33.8928764544598]},"properties":{"asset_id":"TS01739","TreeType":"Street Tree","SpeciesName":"Tristaniopsis laurina","CommonName":"Water Gum","TreeHeight":6,"TreeCanopyNS":4,"Tree_Status":"Tree","Tree_Age":"Semi-Mature","DBH_in_cm":17,"Locality":"North Newtown","ParkName":"Not applicable","OBJECTID":22031}},{"type":"Feature","id":12096,"geometry":{"type":"Point","coordinates":[151.182473286253,-33.8914216198467]},"properties":{"asset_id":"TS23439","TreeType":"Street Tree","SpeciesName":"Platanus acerifolia","CommonName":"London Plane","TreeHeight":15,"TreeCanopyNS":15,"Tree_Status":"Tree","Tree_Age":"Mature","DBH_in_cm":39,"Locality":"Camperdown","ParkName":"Not applicable","OBJECTID":12096}},{"type":"Feature","id":11549,"geometry":{"type":"Point","coordinates":[151.183319571231,-33.8980098254381]},"properties":{"asset_id":"TS04459","TreeType":"Street Tree","SpeciesName":"Tristaniopsis laurina","CommonName":"Water Gum","TreeHeight":10,"TreeCanopyNS":7,"Tree_Status":"Tree","Tree_Age":"Mature","DBH_in_cm":52,"Locality":"Erskineville Neighbourhood North","ParkName":"Not applicable","OBJECTID":11549}},{"type":"Feature","id":18047,"geometry":{"type":"Point","coordinates":[151.18566908227,-33.8953439449937]},"properties":{"asset_id":"TS12327","TreeType":"Street Tree","SpeciesName":"Liquidambar styraciflua","CommonName":"Liquidamber or Sweet Gum","TreeHeight":14,"TreeCanopyNS":11,"Tree_Status":"Tree","Tree_Age":"Mature","DBH_in_cm":53,"Locality":"North Newtown","ParkName":"Not applicable","OBJECTID":18047}},{"type":"Feature","id":27865,"geometry":{"type":"Point","coordinates":[151.186470406878,-33.8945292164302]},"properties":{"asset_id":"TP01626","TreeType":"Park Tree","SpeciesName":"Ficus macrophylla","CommonName":"Moreton Bay Fig","TreeHeight":17,"TreeCanopyNS":20,"Tree_Status":"Tree","Tree_Age":"Mature","DBH_in_cm":160,"Locality":"North Newtown","ParkName":"Hollis Park","OBJECTID":27865}},{"type":"Feature","id":10553,"geometry":{"type":"Point","coordinates":[151.18825411289,-33.8936519288426]},"properties":{"asset_id":"TS08146","TreeType":"Street Tree","SpeciesName":"Melaleuca quinquenervia","CommonName":"Broad Leaf Paperbark","TreeHeight":14,"TreeCanopyNS":9,"Tree_Status":"Tree","Tree_Age":"Mature","DBH_in_cm":83,"Locality":"Darlington and West Redfern","ParkName":"Not applicable","OBJECTID":10553}},{"type":"Feature","id":18734,"geometry":{"type":"Point","coordinates":[151.182033293525,-33.8928184962218]},"properties":{"asset_id":"TS03445","TreeType":"Street Tree","SpeciesName":"Pistacia chinensis","CommonName":"Chinese Pistacia","TreeHeight":8,"TreeCanopyNS":9,"Tree_Status":"Tree","Tree_Age":"Mature","DBH_in_cm":27,"Locality":"North Newtown","ParkName":"Not applicable","OBJECTID":18734}},{"type":"Feature","id":14821,"geometry":{"type":"Point","coordinates":[151.18256512269,-33.8960420209768]},"properties":{"asset_id":"TS15231","TreeType":"Street Tree","SpeciesName":"Eriobotrya japonica","CommonName":"Loquat tree","TreeHeight":6,"TreeCanopyNS":4,"Tree_Status":"Tree","Tree_Age":"Mature","DBH_in_cm":21,"Locality":"North Newtown","ParkName":"Not applicable","OBJECTID":14821}},{"type":"Feature","id":15485,"geometry":{"type":"Point","coordinates":[151.187743428435,-33.8940854545226]},"properties":{"asset_id":"TS13160","TreeType":"Street Tree","SpeciesName":"Tristaniopsis laurina","CommonName":"Water Gum","TreeHeight":6,"TreeCanopyNS":6,"Tree_Status":"Tree","Tree_Age":"Mature","DBH_in_cm":25,"Locality":"North Newtown","ParkName":"Not applicable","OBJECTID":15485}},{"type":"Feature","id":37729,"geometry":{"type":"Point","coordinates":[151.187499407982,-33.8988613313306]},"properties":{"asset_id":"TS34973","TreeType":"Street Tree","SpeciesName":"Lophostemon confertus","CommonName":"Brush Box","TreeHeight":5,"TreeCanopyNS":1,"Tree_Status":"Tree","Tree_Age":"Semi-Mature","DBH_in_cm":5,"Locality":"Erskineville Oval","ParkName":"Not applicable","OBJECTID":37729}},{"type":"Feature","id":6093,"geometry":{"type":"Point","coordinates":[151.17917965569,-33.8908135371522]},"properties":{"asset_id":"TS23701","TreeType":"Street Tree","SpeciesName":"Angophora floribunda","CommonName":"Rough Barked Apple Myrtle","TreeHeight":10,"TreeCanopyNS":8,"Tree_Status":"Tree","Tree_Age":"Mature","DBH_in_cm":35,"Locality":"Camperdown","ParkName":"Not applicable","OBJECTID":6093}},{"type":"Feature","id":11171,"geometry":{"type":"Point","coordinates":[151.179937798986,-33.8927443549569]},"properties":{"asset_id":"TS01041","TreeType":"Street Tree","SpeciesName":"Tristaniopsis laurina","CommonName":"Water Gum","TreeHeight":8,"TreeCanopyNS":4,"Tree_Status":"Tree","Tree_Age":"Mature","DBH_in_cm":25,"Locality":"North Newtown","ParkName":"Not applicable","OBJECTID":11171}},{"type":"Feature","id":10175,"geometry":{"type":"Point","coordinates":[151.187364448743,-33.8939720299479]},"properties":{"asset_id":"TS05179","TreeType":"Street Tree","SpeciesName":"Jacaranda mimosifolia","CommonName":"Jacaranda","TreeHeight":8,"TreeCanopyNS":5,"Tree_Status":"Tree","Tree_Age":"Mature","DBH_in_cm":21,"Locality":"North Newtown","ParkName":"Not applicable","OBJECTID":10175}},{"type":"Feature","id":14798,"geometry":{"type":"Point","coordinates":[151.181864422824,-33.8962555795432]},"properties":{"asset_id":"TS15220","TreeType":"Street Tree","SpeciesName":"Koelreuteria paniculata","CommonName":"Golden Rain Tree","TreeHeight":5,"TreeCanopyNS":3,"Tree_Status":"Tree","Tree_Age":"Semi-Mature","DBH_in_cm":14,"Locality":"North Newtown","ParkName":"Not applicable","OBJECTID":14798}},{"type":"Feature","id":5097,"geometry":{"type":"Point","coordinates":[151.179293304739,-33.8871858250786]},"properties":{"asset_id":"TS25115","TreeType":"Street Tree","SpeciesName":"Lophostemon confertus","CommonName":"Brush Box","TreeHeight":9,"TreeCanopyNS":10,"Tree_Status":"Tree","Tree_Age":"Mature","DBH_in_cm":52,"Locality":"Camperdown","ParkName":"Not applicable","OBJECTID":5097}},{"type":"Feature","id":13023,"geometry":{"type":"Point","coordinates":[151.188036716788,-33.8918347086376]},"properties":{"asset_id":"TS26348","TreeType":"Street Tree","SpeciesName":"Lophostemon confertus","CommonName":"Brush Box","TreeHeight":10,"TreeCanopyNS":6,"Tree_Status":"Tree","Tree_Age":"Mature","DBH_in_cm":65,"Locality":"University of Sydney and Royal Prince Alfred Hospital","ParkName":"Not applicable","OBJECTID":13023}},{"type":"Feature","id":24756,"geometry":{"type":"Point","coordinates":[151.189095291227,-33.8936097447102]},"properties":{"asset_id":"TS17319","TreeType":"Street Tree","SpeciesName":"Celtis australis","CommonName":"Nettle Tree","TreeHeight":7,"TreeCanopyNS":7,"Tree_Status":"Tree","Tree_Age":"Mature","DBH_in_cm":31,"Locality":"Darlington and West Redfern","ParkName":"Not applicable","OBJECTID":24756}},{"type":"Feature","id":47570,"geometry":{"type":"Point","coordinates":[151.183387440721,-33.8957992326115]},"properties":{"asset_id":"TS41777","TreeType":"Street Tree","SpeciesName":"Koelreuteria paniculata","CommonName":"Golden Rain Tree","TreeHeight":3,"TreeCanopyNS":1,"Tree_Status":"Tree","Tree_Age":"Young","DBH_in_cm":4,"Locality":"North Newtown","ParkName":"Not applicable","OBJECTID":47570}},{"type":"Feature","id":282,"geometry":{"type":"Point","coordinates":[151.183702894027,-33.8953492305162]},"properties":{"asset_id":"TS15014","TreeType":"Street Tree","SpeciesName":"Jacaranda mimosifolia","CommonName":"Jacaranda","TreeHeight":8,"TreeCanopyNS":5,"Tree_Status":"Tree","Tree_Age":"Semi-Mature","DBH_in_cm":18,"Locality":"North Newtown","ParkName":"Not applicable","OBJECTID":282}},{"type":"Feature","id":45655,"geometry":{"type":"Point","coordinates":[151.187781846414,-33.8944672736414]},"properties":{"asset_id":"TS46475","TreeType":"Street Tree","SpeciesName":"Banksia ericifolia","CommonName":"Heath Banksia","TreeHeight":3,"TreeCanopyNS":2,"Tree_Status":"Tree","Tree_Age":"Mature","DBH_in_cm":9,"Locality":"North Newtown","ParkName":"Not applicable","OBJECTID":45655}},{"type":"Feature","id":9459,"geometry":{"type":"Point","coordinates":[151.189829688119,-33.8900549847703]},"properties":{"asset_id":"TS23723","TreeType":"Street Tree","SpeciesName":"Lophostemon confertus","CommonName":"Brush Box","TreeHeight":11,"TreeCanopyNS":10,"Tree_Status":"Tree","Tree_Age":"Mature","DBH_in_cm":44,"Locality":"University of Sydney and Royal Prince Alfred Hospital","ParkName":"Not applicable","OBJECTID":9459}},{"type":"Feature","id":40978,"geometry":{"type":"Point","coordinates":[151.187754502668,-33.898621256202]},"properties":{"asset_id":"TS34979","TreeType":"Street Tree","SpeciesName":"Melaleuca styphelioides","CommonName":"Prickly Paperbark","TreeHeight":5,"TreeCanopyNS":3,"Tree_Status":"Tree","Tree_Age":"Mature","DBH_in_cm":16,"Locality":"Erskineville Oval","ParkName":"Not applicable","OBJECTID":40978}},{"type":"Feature","id":10344,"geometry":{"type":"Point","coordinates":[151.184841487718,-33.8956065993964]},"properties":{"asset_id":"TS06195","TreeType":"Street Tree","SpeciesName":"Fraxinus griffithii","CommonName":"Evergreen Ash","TreeHeight":6,"TreeCanopyNS":6,"Tree_Status":"Tree","Tree_Age":"Mature","DBH_in_cm":30,"Locality":"North Newtown","ParkName":"Not applicable","OBJECTID":10344}},{"type":"Feature","id":16172,"geometry":{"type":"Point","coordinates":[151.182535594995,-33.8954767387767]},"properties":{"asset_id":"TS06078","TreeType":"Street Tree","SpeciesName":"Liquidambar styraciflua","CommonName":"Liquidamber or Sweet Gum","TreeHeight":13,"TreeCanopyNS":4,"Tree_Status":"Tree","Tree_Age":"Mature","DBH_in_cm":37,"Locality":"North Newtown","ParkName":"Not applicable","OBJECTID":16172}},{"type":"Feature","id":12900,"geometry":{"type":"Point","coordinates":[151.187349141251,-33.8932238149353]},"properties":{"asset_id":"TS13180","TreeType":"Street Tree","SpeciesName":"Jacaranda mimosifolia","CommonName":"Jacaranda","TreeHeight":9,"TreeCanopyNS":6,"Tree_Status":"Tree","Tree_Age":"Semi-Mature","DBH_in_cm":31,"Locality":"North Newtown","ParkName":"Not applicable","OBJECTID":12900}},{"type":"Feature","id":998,"geometry":{"type":"Point","coordinates":[151.180853744918,-33.8912942813918]},"properties":{"asset_id":"TS23410","TreeType":"Street Tree","SpeciesName":"Platanus acerifolia","CommonName":"London Plane","TreeHeight":11,"TreeCanopyNS":8,"Tree_Status":"Tree","Tree_Age":"Semi-Mature","DBH_in_cm":25,"Locality":"Camperdown","ParkName":"Not applicable","OBJECTID":998}},{"type":"Feature","id":13069,"geometry":{"type":"Point","coordinates":[151.18351764817,-33.8982508049831]},"properties":{"asset_id":"TS14049","TreeType":"Street Tree","SpeciesName":"Callistemon viminalis","CommonName":"Weeping Bottlebrush","TreeHeight":9,"TreeCanopyNS":8,"Tree_Status":"Tree","Tree_Age":"Mature","DBH_in_cm":44,"Locality":"Erskineville Neighbourhood North","ParkName":"Not applicable","OBJECTID":13069}},{"type":"Feature","id":11572,"geometry":{"type":"Point","coordinates":[151.185333962598,-33.897386036172]},"properties":{"asset_id":"TS04495","TreeType":"Street Tree","SpeciesName":"Fraxinus griffithii","CommonName":"Evergreen Ash","TreeHeight":3,"TreeCanopyNS":3,"Tree_Status":"Tree","Tree_Age":"Semi-Mature","DBH_in_cm":11,"Locality":"Erskineville Neighbourhood North","ParkName":"Not applicable","OBJECTID":11572}},{"type":"Feature","id":25466,"geometry":{"type":"Point","coordinates":[151.181928515025,-33.8956763498304]},"properties":{"asset_id":"TP00002","TreeType":"Park Tree","SpeciesName":"Caesalpinia ferrea","CommonName":"Leopard Tree","TreeHeight":9,"TreeCanopyNS":6,"Tree_Status":"Tree","Tree_Age":"Mature","DBH_in_cm":23,"Locality":"North Newtown","ParkName":"WJ Thurbon Reserve","OBJECTID":25466}},{"type":"Feature","id":16882,"geometry":{"type":"Point","coordinates":[151.188848112621,-33.8925251991912]},"properties":{"asset_id":"TS08726","TreeType":"Street Tree","SpeciesName":"Lophostemon confertus","CommonName":"Brush Box","TreeHeight":8,"TreeCanopyNS":5,"Tree_Status":"Tree","Tree_Age":"Mature","DBH_in_cm":27,"Locality":"Darlington and West Redfern","ParkName":"Not applicable","OBJECTID":16882}},{"type":"Feature","id":22956,"geometry":{"type":"Point","coordinates":[151.189054107909,-33.8934658533286]},"properties":{"asset_id":"TS15863","TreeType":"Street Tree","SpeciesName":"Corymbia maculata","CommonName":"Spotted Gum","TreeHeight":15,"TreeCanopyNS":10,"Tree_Status":"Tree","Tree_Age":"Mature","DBH_in_cm":55,"Locality":"Darlington and West Redfern","ParkName":"Not applicable","OBJECTID":22956}},{"type":"Feature","id":7759,"geometry":{"type":"Point","coordinates":[151.18307770789,-33.8921053960753]},"properties":{"asset_id":"TS22190","TreeType":"Street Tree","SpeciesName":"Flindersia australis","CommonName":"Crows Ash","TreeHeight":6,"TreeCanopyNS":6,"Tree_Status":"Tree","Tree_Age":"Semi-Mature","DBH_in_cm":24,"Locality":"University of Sydney and Royal Prince Alfred Hospital","ParkName":"Not applicable","OBJECTID":7759}},{"type":"Feature","id":12923,"geometry":{"type":"Point","coordinates":[151.18547084316,-33.8977135792233]},"properties":{"asset_id":"TS06167","TreeType":"Street Tree","SpeciesName":"Melaleuca quinquenervia","CommonName":"Broad Leaf Paperbark","TreeHeight":14,"TreeCanopyNS":10,"Tree_Status":"Tree","Tree_Age":"Mature","DBH_in_cm":71,"Locality":"Erskineville Neighbourhood North","ParkName":"Not applicable","OBJECTID":12923}},{"type":"Feature","id":28243,"geometry":{"type":"Point","coordinates":[151.182275030591,-33.8979459898222]},"properties":{"asset_id":"TP03892","TreeType":"Park Tree","SpeciesName":"Corymbia maculata","CommonName":"Spotted Gum","TreeHeight":13,"TreeCanopyNS":3,"Tree_Status":"Tree","Tree_Age":"Semi-Mature","DBH_in_cm":18,"Locality":"Erskineville Neighbourhood North","ParkName":"Green Ban Park","OBJECTID":28243}},{"type":"Feature","id":27038,"geometry":{"type":"Point","coordinates":[151.189127100252,-33.894028257193]},"properties":{"asset_id":"TP06554","TreeType":"Park Tree","SpeciesName":"Casuarina glauca","CommonName":"Swamp Oak","TreeHeight":16,"TreeCanopyNS":6,"Tree_Status":"Tree","Tree_Age":"Mature","DBH_in_cm":44,"Locality":"Darlington and West Redfern","ParkName":"Wilson Street Reserve #2","OBJECTID":27038}},{"type":"Feature","id":10856,"geometry":{"type":"Point","coordinates":[151.184383003319,-33.8986465321045]},"properties":{"asset_id":"TS09806","TreeType":"Street Tree","SpeciesName":"Fraxinus griffithii","CommonName":"Evergreen Ash","TreeHeight":5,"TreeCanopyNS":5,"Tree_Status":"Tree","Tree_Age":"Mature","DBH_in_cm":21,"Locality":"Erskineville Neighbourhood North","ParkName":"Not applicable","OBJECTID":10856}},{"type":"Feature","id":28251,"geometry":{"type":"Point","coordinates":[151.182031501731,-33.8978953246946]},"properties":{"asset_id":"TP03887","TreeType":"Park Tree","SpeciesName":"Corymbia maculata","CommonName":"Spotted Gum","TreeHeight":13,"TreeCanopyNS":3,"Tree_Status":"Tree","Tree_Age":"Mature","DBH_in_cm":18,"Locality":"Erskineville Neighbourhood North","ParkName":"Green Ban Park","OBJECTID":28251}},{"type":"Feature","id":10939,"geometry":{"type":"Point","coordinates":[151.181339720093,-33.8972247712252]},"properties":{"asset_id":"TS10444","TreeType":"Street Tree","SpeciesName":"Melaleuca quinquenervia","CommonName":"Broad Leaf Paperbark","TreeHeight":13,"TreeCanopyNS":10,"Tree_Status":"Tree","Tree_Age":"Mature","DBH_in_cm":66,"Locality":"North Newtown","ParkName":"Not applicable","OBJECTID":10939}},{"type":"Feature","id":43156,"geometry":{"type":"Point","coordinates":[151.178806316089,-33.887887930314]},"properties":{"asset_id":"TS44795","TreeType":"Street Tree","SpeciesName":"Caesalpinia ferrea","CommonName":"Leopard Tree","TreeHeight":3,"TreeCanopyNS":2,"Tree_Status":"Tree","Tree_Age":"Young","DBH_in_cm":7,"Locality":"Camperdown","ParkName":"Not applicable","OBJECTID":43156}},{"type":"Feature","id":17082,"geometry":{"type":"Point","coordinates":[151.18668271937,-33.892422551834]},"properties":{"asset_id":"TS02449","TreeType":"Street Tree","SpeciesName":"Platanus acerifolia","CommonName":"London Plane","TreeHeight":11,"TreeCanopyNS":11,"Tree_Status":"Tree","Tree_Age":"Mature","DBH_in_cm":44,"Locality":"North Newtown","ParkName":"Not applicable","OBJECTID":17082}},{"type":"Feature","id":21705,"geometry":{"type":"Point","coordinates":[151.183398073462,-33.8982139637959]},"properties":{"asset_id":"TS14058","TreeType":"Street Tree","SpeciesName":"Backhousia citriodora","CommonName":"Lemon Scented Myrtle","TreeHeight":5,"TreeCanopyNS":3,"Tree_Status":"Tree","Tree_Age":"Semi-Mature","DBH_in_cm":10,"Locality":"Erskineville Neighbourhood North","ParkName":"Not applicable","OBJECTID":21705}},{"type":"Feature","id":27859,"geometry":{"type":"Point","coordinates":[151.186416464532,-33.8944263456896]},"properties":{"asset_id":"TP01628","TreeType":"Park Tree","SpeciesName":"Ficus macrophylla","CommonName":"Moreton Bay Fig","TreeHeight":11,"TreeCanopyNS":13,"Tree_Status":"Tree","Tree_Age":"Over-Mature","DBH_in_cm":48,"Locality":"North Newtown","ParkName":"Hollis Park","OBJECTID":27859}},{"type":"Feature","id":24576,"geometry":{"type":"Point","coordinates":[151.186541913294,-33.895942386779]},"properties":{"asset_id":"TS31483","TreeType":"Street Tree","SpeciesName":"Robinia pseudoacacia 'Frisia'","CommonName":"Golden Robinia","TreeHeight":7,"TreeCanopyNS":4,"Tree_Status":"Tree","Tree_Age":"Semi-Mature","DBH_in_cm":12,"Locality":"North Newtown","ParkName":"Not applicable","OBJECTID":24576}},{"type":"Feature","id":10547,"geometry":{"type":"Point","coordinates":[151.188081594436,-33.8931993346218]},"properties":{"asset_id":"TS08140","TreeType":"Street Tree","SpeciesName":"Lagerstroemia indica","CommonName":"Crepe Myrtle","TreeHeight":7,"TreeCanopyNS":3,"Tree_Status":"Tree","Tree_Age":"Semi-Mature","DBH_in_cm":12,"Locality":"Darlington and West Redfern","ParkName":"Not applicable","OBJECTID":10547}},{"type":"Feature","id":9219,"geometry":{"type":"Point","coordinates":[151.178693696779,-33.8879773403293]},"properties":{"asset_id":"TS23196","TreeType":"Street Tree","SpeciesName":"Tristaniopsis laurina","CommonName":"Water Gum","TreeHeight":9,"TreeCanopyNS":8,"Tree_Status":"Tree","Tree_Age":"Mature","DBH_in_cm":29,"Locality":"Camperdown","ParkName":"Not applicable","OBJECTID":9219}},{"type":"Feature","id":37952,"geometry":{"type":"Point","coordinates":[151.187327459443,-33.8987902687426]},"properties":{"asset_id":"TS34983","TreeType":"Street Tree","SpeciesName":"Lophostemon confertus","CommonName":"Brush Box","TreeHeight":7,"TreeCanopyNS":3,"Tree_Status":"Tree","Tree_Age":"Semi-Mature","DBH_in_cm":18,"Locality":"Erskineville Oval","ParkName":"Not applicable","OBJECTID":37952}},{"type":"Feature","id":9313,"geometry":{"type":"Point","coordinates":[151.179393451373,-33.8908936154989]},"properties":{"asset_id":"TS23412","TreeType":"Street Tree","SpeciesName":"Platanus acerifolia","CommonName":"London Plane","TreeHeight":18,"TreeCanopyNS":17,"Tree_Status":"Tree","Tree_Age":"Mature","DBH_in_cm":69,"Locality":"Camperdown","ParkName":"Not applicable","OBJECTID":9313}},{"type":"Feature","id":9325,"geometry":{"type":"Point","coordinates":[151.181859064782,-33.8916126495006]},"properties":{"asset_id":"TS23417","TreeType":"Street Tree","SpeciesName":"Platanus acerifolia","CommonName":"London Plane","TreeHeight":17,"TreeCanopyNS":16,"Tree_Status":"Tree","Tree_Age":"Mature","DBH_in_cm":66,"Locality":"North Newtown","ParkName":"Not applicable","OBJECTID":9325}},{"type":"Feature","id":13309,"geometry":{"type":"Point","coordinates":[151.18462846872,-33.8974582379123]},"properties":{"asset_id":"TS06573","TreeType":"Street Tree","SpeciesName":"Fraxinus griffithii","CommonName":"Evergreen Ash","TreeHeight":6,"TreeCanopyNS":7,"Tree_Status":"Tree","Tree_Age":"Mature","DBH_in_cm":33,"Locality":"Erskineville Neighbourhood North","ParkName":"Not applicable","OBJECTID":13309}},{"type":"Feature","id":46952,"geometry":{"type":"Point","coordinates":[151.184768462797,-33.8969653392156]},"properties":{"asset_id":"TS40473","TreeType":"Street Tree","SpeciesName":"Corymbia citriodora","CommonName":"Lemon Scented Gum","TreeHeight":4,"TreeCanopyNS":2,"Tree_Status":"Tree","Tree_Age":"Semi-Mature","DBH_in_cm":7,"Locality":"Erskineville Neighbourhood North","ParkName":"Not applicable","OBJECTID":46952}},{"type":"Feature","id":28297,"geometry":{"type":"Point","coordinates":[151.181935390813,-33.8979452145851]},"properties":{"asset_id":"TP03867","TreeType":"Park Tree","SpeciesName":"Corymbia maculata","CommonName":"Spotted Gum","TreeHeight":20,"TreeCanopyNS":4,"Tree_Status":"Tree","Tree_Age":"Mature","DBH_in_cm":39,"Locality":"Erskineville Road Village Centre","ParkName":"Green Ban Park","OBJECTID":28297}},{"type":"Feature","id":12906,"geometry":{"type":"Point","coordinates":[151.187475581522,-33.8934776206883]},"properties":{"asset_id":"TS13183","TreeType":"Street Tree","SpeciesName":"Tristaniopsis laurina","CommonName":"Water Gum","TreeHeight":5,"TreeCanopyNS":2,"Tree_Status":"Tree","Tree_Age":"Semi-Mature","DBH_in_cm":11,"Locality":"North Newtown","ParkName":"Not applicable","OBJECTID":12906}},{"type":"Feature","id":15316,"geometry":{"type":"Point","coordinates":[151.189279671674,-33.8988769687545]},"properties":{"asset_id":"TS12156","TreeType":"Street Tree","SpeciesName":"Lophostemon confertus","CommonName":"Brush Box","TreeHeight":17,"TreeCanopyNS":13,"Tree_Status":"Tree","Tree_Age":"Mature","DBH_in_cm":64,"Locality":"Erskineville Oval","ParkName":"Not applicable","OBJECTID":15316}},{"type":"Feature","id":12376,"geometry":{"type":"Point","coordinates":[151.179513455271,-33.8985966486242]},"properties":{"asset_id":"TS11769","TreeType":"Street Tree","SpeciesName":"Pistacia chinensis","CommonName":"Chinese Pistacia","TreeHeight":6,"TreeCanopyNS":3,"Tree_Status":"Tree","Tree_Age":"Semi-Mature","DBH_in_cm":18,"Locality":"Erskineville Neighbourhood South","ParkName":"Not applicable","OBJECTID":12376}},{"type":"Feature","id":4310,"geometry":{"type":"Point","coordinates":[151.188691699238,-33.8917404626191]},"properties":{"asset_id":"TS01595","TreeType":"Street Tree","SpeciesName":"Liriodendron tulipifera","CommonName":"Tulip Tree","TreeHeight":8,"TreeCanopyNS":3,"Tree_Status":"Tree","Tree_Age":"Semi-Mature","DBH_in_cm":15,"Locality":"University of Sydney and Royal Prince Alfred Hospital","ParkName":"Not applicable","OBJECTID":4310}},{"type":"Feature","id":15917,"geometry":{"type":"Point","coordinates":[151.179484110859,-33.8916799153963]},"properties":{"asset_id":"TS17302","TreeType":"Street Tree","SpeciesName":"Tristaniopsis laurina","CommonName":"Water Gum","TreeHeight":8,"TreeCanopyNS":6,"Tree_Status":"Tree","Tree_Age":"Mature","DBH_in_cm":32,"Locality":"North Newtown","ParkName":"Not applicable","OBJECTID":15917}},{"type":"Feature","id":30020,"geometry":{"type":"Point","coordinates":[151.181820648006,-33.8916905333355]},"properties":{"asset_id":"TP02579","TreeType":"Street Tree","SpeciesName":"Cupaniopsis anacardioides","CommonName":"Tuckeroo","TreeHeight":11,"TreeCanopyNS":5,"Tree_Status":"Tree","Tree_Age":"Mature","DBH_in_cm":35,"Locality":"North Newtown","ParkName":"Not applicable","OBJECTID":30020}},{"type":"Feature","id":14675,"geometry":{"type":"Point","coordinates":[151.182554760479,-33.8912458115087]},"properties":{"asset_id":"TS22162","TreeType":"Street Tree","SpeciesName":"Flindersia australis","CommonName":"Crows Ash","TreeHeight":14,"TreeCanopyNS":8,"Tree_Status":"Tree","Tree_Age":"Mature","DBH_in_cm":43,"Locality":"Camperdown","ParkName":"Not applicable","OBJECTID":14675}},{"type":"Feature","id":45217,"geometry":{"type":"Point","coordinates":[151.183421695692,-33.8958513170886]},"properties":{"asset_id":"TS15240","TreeType":"Street Tree","SpeciesName":"Pyrus calleryana 'Chanticleer'","CommonName":"Callery Pear","TreeHeight":2,"TreeCanopyNS":1,"Tree_Status":"Tree","Tree_Age":"Young","DBH_in_cm":5,"Locality":"North Newtown","ParkName":"Not applicable","OBJECTID":45217}},{"type":"Feature","id":27032,"geometry":{"type":"Point","coordinates":[151.184987880599,-33.8951687102075]},"properties":{"asset_id":"TP01597","TreeType":"Park Tree","SpeciesName":"Jacaranda mimosifolia","CommonName":"Jacaranda","TreeHeight":12,"TreeCanopyNS":6,"Tree_Status":"Tree","Tree_Age":"Mature","DBH_in_cm":45,"Locality":"North Newtown","ParkName":"Jack Haynes Rest Area","OBJECTID":27032}},{"type":"Feature","id":12708,"geometry":{"type":"Point","coordinates":[151.185797373612,-33.8956736155495]},"properties":{"asset_id":"TS12330","TreeType":"Street Tree","SpeciesName":"Melaleuca quinquenervia","CommonName":"Broad Leaf Paperbark","TreeHeight":12,"TreeCanopyNS":10,"Tree_Status":"Tree","Tree_Age":"Mature","DBH_in_cm":72,"Locality":"North Newtown","ParkName":"Not applicable","OBJECTID":12708}},{"type":"Feature","id":21954,"geometry":{"type":"Point","coordinates":[151.187066732099,-33.8957614702922]},"properties":{"asset_id":"TS31769","TreeType":"Street Tree","SpeciesName":"Robinia pseudoacacia 'Frisia'","CommonName":"Golden Robinia","TreeHeight":8,"TreeCanopyNS":5,"Tree_Status":"Tree","Tree_Age":"Semi-Mature","DBH_in_cm":15,"Locality":"North Newtown","ParkName":"Not applicable","OBJECTID":21954}},{"type":"Feature","id":40938,"geometry":{"type":"Point","coordinates":[151.18972350198,-33.8980262135946]},"properties":{"asset_id":"TS37285","TreeType":"Street Tree","SpeciesName":"Unknown","CommonName":"Unknown","TreeHeight":4,"TreeCanopyNS":3,"Tree_Status":"Tree","Tree_Age":"Mature","DBH_in_cm":8,"Locality":"Erskineville Oval","ParkName":"Not applicable","OBJECTID":40938}},{"type":"Feature","id":28752,"geometry":{"type":"Point","coordinates":[151.185184467616,-33.8933212465865]},"properties":{"asset_id":"TS33174","TreeType":"Street Tree","SpeciesName":"Ficus macrophylla","CommonName":"Moreton Bay Fig","TreeHeight":12,"TreeCanopyNS":11,"Tree_Status":"Tree","Tree_Age":"Mature","DBH_in_cm":80,"Locality":"North Newtown","ParkName":"Not applicable","OBJECTID":28752}},{"type":"Feature","id":24762,"geometry":{"type":"Point","coordinates":[151.189962912457,-33.8937745311728]},"properties":{"asset_id":"TS17321","TreeType":"Street Tree","SpeciesName":"Koelreuteria paniculata","CommonName":"Golden Rain Tree","TreeHeight":5,"TreeCanopyNS":4,"Tree_Status":"Tree","Tree_Age":"Semi-Mature","DBH_in_cm":11,"Locality":"Darlington and West Redfern","ParkName":"Not applicable","OBJECTID":24762}},{"type":"Feature","id":35831,"geometry":{"type":"Point","coordinates":[151.189805020907,-33.8987380695544]},"properties":{"asset_id":"TS38864","TreeType":"Park Tree","SpeciesName":"Callistemon citrinus","CommonName":"Weeping Bottlebrush","TreeHeight":5,"TreeCanopyNS":4,"Tree_Status":"Tree","Tree_Age":"Mature","DBH_in_cm":23,"Locality":"Erskineville Oval","ParkName":"Solander Park","OBJECTID":35831}},{"type":"Feature","id":41736,"geometry":{"type":"Point","coordinates":[151.179138269836,-33.8883400082964]},"properties":{"asset_id":"TS24140","TreeType":"Street Tree","SpeciesName":"Robinia pseudoacacia 'Frisia'","CommonName":"Golden Robinia","TreeHeight":4,"TreeCanopyNS":2,"Tree_Status":"Tree","Tree_Age":"Semi-Mature","DBH_in_cm":6,"Locality":"Camperdown","ParkName":"Not applicable","OBJECTID":41736}},{"type":"Feature","id":9465,"geometry":{"type":"Point","coordinates":[151.189316352853,-33.890594883678]},"properties":{"asset_id":"TS23726","TreeType":"Street Tree","SpeciesName":"Lophostemon confertus","CommonName":"Brush Box","TreeHeight":14,"TreeCanopyNS":11,"Tree_Status":"Tree","Tree_Age":"Mature","DBH_in_cm":47,"Locality":"University of Sydney and Royal Prince Alfred Hospital","ParkName":"Not applicable","OBJECTID":9465}},{"type":"Feature","id":6809,"geometry":{"type":"Point","coordinates":[151.183805496594,-33.8925452658576]},"properties":{"asset_id":"TS00885","TreeType":"Street Tree","SpeciesName":"Liquidambar styraciflua","CommonName":"Liquidamber or Sweet Gum","TreeHeight":11,"TreeCanopyNS":10,"Tree_Status":"Tree","Tree_Age":"Mature","DBH_in_cm":45,"Locality":"University of Sydney and Royal Prince Alfred Hospital","ParkName":"Not applicable","OBJECTID":6809}},{"type":"Feature","id":12127,"geometry":{"type":"Point","coordinates":[151.180995573333,-33.891336683613]},"properties":{"asset_id":"TS23457","TreeType":"Street Tree","SpeciesName":"Platanus acerifolia","CommonName":"London Plane","TreeHeight":14,"TreeCanopyNS":11,"Tree_Status":"Tree","Tree_Age":"Mature","DBH_in_cm":50,"Locality":"Camperdown","ParkName":"Not applicable","OBJECTID":12127}},{"type":"Feature","id":47587,"geometry":{"type":"Point","coordinates":[151.180616716325,-33.8925777359431]},"properties":{"asset_id":"TS02350","TreeType":"Street Tree","SpeciesName":"Syzygium sp.","CommonName":"Lilly Pilly","TreeHeight":1,"TreeCanopyNS":2,"Tree_Status":"Tree","Tree_Age":"Young","DBH_in_cm":3,"Locality":"North Newtown","ParkName":"Not applicable","OBJECTID":47587}},{"type":"Feature","id":25455,"geometry":{"type":"Point","coordinates":[151.182116792098,-33.8955991451652]},"properties":{"asset_id":"TP00014","TreeType":"Park Tree","SpeciesName":"Melaleuca bracteata","CommonName":"River Tea Tree","TreeHeight":6,"TreeCanopyNS":4,"Tree_Status":"Tree","Tree_Age":"Semi-Mature","DBH_in_cm":22,"Locality":"North Newtown","ParkName":"WJ Thurbon Reserve","OBJECTID":25455}},{"type":"Feature","id":15957,"geometry":{"type":"Point","coordinates":[151.182712906637,-33.896884527985]},"properties":{"asset_id":"TS29299","TreeType":"Street Tree","SpeciesName":"Pistacia chinensis","CommonName":"Chinese Pistacia","TreeHeight":10,"TreeCanopyNS":8,"Tree_Status":"Tree","Tree_Age":"Mature","DBH_in_cm":30,"Locality":"North Newtown","ParkName":"Not applicable","OBJECTID":15957}},{"type":"Feature","id":29980,"geometry":{"type":"Point","coordinates":[151.182307416175,-33.8984122134729]},"properties":{"asset_id":"TP03916","TreeType":"Park Tree","SpeciesName":"Eucalyptus microcorys","CommonName":"Tallow Wood","TreeHeight":15,"TreeCanopyNS":14,"Tree_Status":"Tree","Tree_Age":"Mature","DBH_in_cm":63,"Locality":"Erskineville Road Village Centre","ParkName":"Green Bans Park","OBJECTID":29980}},{"type":"Feature","id":15963,"geometry":{"type":"Point","coordinates":[151.188482739176,-33.8984762404744]},"properties":{"asset_id":"TS29373","TreeType":"Street Tree","SpeciesName":"Melaleuca quinquenervia","CommonName":"Broad Leaf Paperbark","TreeHeight":14,"TreeCanopyNS":11,"Tree_Status":"Tree","Tree_Age":"Mature","DBH_in_cm":93,"Locality":"Erskineville Oval","ParkName":"Not applicable","OBJECTID":15963}},{"type":"Feature","id":9319,"geometry":{"type":"Point","coordinates":[151.182463436961,-33.8915545705917]},"properties":{"asset_id":"TS23438","TreeType":"Street Tree","SpeciesName":"Platanus acerifolia","CommonName":"London Plane","TreeHeight":16,"TreeCanopyNS":14,"Tree_Status":"Tree","Tree_Age":"Mature","DBH_in_cm":54,"Locality":"North Newtown","ParkName":"Not applicable","OBJECTID":9319}},{"type":"Feature","id":28303,"geometry":{"type":"Point","coordinates":[151.181842448863,-33.8978865824038]},"properties":{"asset_id":"TP03861","TreeType":"Park Tree","SpeciesName":"Callistemon salignus","CommonName":"Willow Bottlebrush","TreeHeight":7,"TreeCanopyNS":4,"Tree_Status":"Tree","Tree_Age":"Mature","DBH_in_cm":24,"Locality":"Erskineville Neighbourhood North","ParkName":"Green Ban Park","OBJECTID":28303}},{"type":"Feature","id":5091,"geometry":{"type":"Point","coordinates":[151.178372981008,-33.8908817734769]},"properties":{"asset_id":"TS25092","TreeType":"Street Tree","SpeciesName":"Lophostemon confertus","CommonName":"Brush Box","TreeHeight":16,"TreeCanopyNS":14,"Tree_Status":"Tree","Tree_Age":"Mature","DBH_in_cm":57,"Locality":"Camperdown","ParkName":"Not applicable","OBJECTID":5091}},{"type":"Feature","id":27026,"geometry":{"type":"Point","coordinates":[151.184801239544,-33.8950158206832]},"properties":{"asset_id":"TP01991","TreeType":"Park Tree","SpeciesName":"Jacaranda mimosifolia","CommonName":"Jacaranda","TreeHeight":13,"TreeCanopyNS":9,"Tree_Status":"Tree","Tree_Age":"Mature","DBH_in_cm":43,"Locality":"North Newtown","ParkName":"Jack Haynes Rest Area","OBJECTID":27026}},{"type":"Feature","id":14829,"geometry":{"type":"Point","coordinates":[151.184721795298,-33.8954326039238]},"properties":{"asset_id":"TS15249","TreeType":"Street Tree","SpeciesName":"Jacaranda mimosifolia","CommonName":"Jacaranda","TreeHeight":11,"TreeCanopyNS":7,"Tree_Status":"Tree","Tree_Age":"Mature","DBH_in_cm":41,"Locality":"North Newtown","ParkName":"Not applicable","OBJECTID":14829}},{"type":"Feature","id":23534,"geometry":{"type":"Point","coordinates":[151.186617965171,-33.8959254718718]},"properties":{"asset_id":"TS31484","TreeType":"Street Tree","SpeciesName":"Robinia pseudoacacia 'Frisia'","CommonName":"Golden Robinia","TreeHeight":6,"TreeCanopyNS":4,"Tree_Status":"Tree","Tree_Age":"Semi-Mature","DBH_in_cm":9,"Locality":"North Newtown","ParkName":"Not applicable","OBJECTID":23534}},{"type":"Feature","id":16850,"geometry":{"type":"Point","coordinates":[151.185058689393,-33.8931130761611]},"properties":{"asset_id":"TS08594","TreeType":"Street Tree","SpeciesName":"Lophostemon confertus","CommonName":"Brush Box","TreeHeight":12,"TreeCanopyNS":7,"Tree_Status":"Tree","Tree_Age":"Mature","DBH_in_cm":30,"Locality":"North Newtown","ParkName":"Not applicable","OBJECTID":16850}},{"type":"Feature","id":38241,"geometry":{"type":"Point","coordinates":[151.181943292354,-33.8891979642588]},"properties":{"asset_id":"TS35268","TreeType":"Street Tree","SpeciesName":"Flindersia australis","CommonName":"Crows Ash","TreeHeight":6,"TreeCanopyNS":4,"Tree_Status":"Tree","Tree_Age":"Semi-Mature","DBH_in_cm":14,"Locality":"University of Sydney and Royal Prince Alfred Hospital","ParkName":"Not applicable","OBJECTID":38241}},{"type":"Feature","id":42818,"geometry":{"type":"Point","coordinates":[151.181911260952,-33.8890973086771]},"properties":{"asset_id":"TS44682","TreeType":"Street Tree","SpeciesName":"Flindersia australis","CommonName":"Crows Ash","TreeHeight":5,"TreeCanopyNS":2,"Tree_Status":"Tree","Tree_Age":"Young","DBH_in_cm":8,"Locality":"University of Sydney and Royal Prince Alfred Hospital","ParkName":"Not applicable","OBJECTID":42818}},{"type":"Feature","id":40992,"geometry":{"type":"Point","coordinates":[151.181771481354,-33.8922442842676]},"properties":{"asset_id":"TS37651","TreeType":"Street Tree","SpeciesName":"Tristaniopsis 'Luscious'","CommonName":"Water Gum","TreeHeight":5,"TreeCanopyNS":3,"Tree_Status":"Tree","Tree_Age":"Semi-Mature","DBH_in_cm":10,"Locality":"North Newtown","ParkName":"Not applicable","OBJECTID":40992}},{"type":"Feature","id":16186,"geometry":{"type":"Point","coordinates":[151.185194704269,-33.8964257106024]},"properties":{"asset_id":"TS06190","TreeType":"Street Tree","SpeciesName":"Tristaniopsis laurina","CommonName":"Water Gum","TreeHeight":7,"TreeCanopyNS":7,"Tree_Status":"Tree","Tree_Age":"Mature","DBH_in_cm":32,"Locality":"North Newtown","ParkName":"Not applicable","OBJECTID":16186}},{"type":"Feature","id":13269,"geometry":{"type":"Point","coordinates":[151.184145514782,-33.896954262334]},"properties":{"asset_id":"TS15044","TreeType":"Street Tree","SpeciesName":"Jacaranda mimosifolia","CommonName":"Jacaranda","TreeHeight":10,"TreeCanopyNS":8,"Tree_Status":"Tree","Tree_Age":"Mature","DBH_in_cm":34,"Locality":"North Newtown","ParkName":"Not applicable","OBJECTID":13269}},{"type":"Feature","id":46992,"geometry":{"type":"Point","coordinates":[151.186725443622,-33.8953282119247]},"properties":{"asset_id":"TS40607","TreeType":"Street Tree","SpeciesName":"Callistemon viminalis","CommonName":"Weeping Bottlebrush","TreeHeight":3,"TreeCanopyNS":3,"Tree_Status":"Tree","Tree_Age":"Semi-Mature","DBH_in_cm":8,"Locality":"North Newtown","ParkName":"Not applicable","OBJECTID":46992}},{"type":"Feature","id":13530,"geometry":{"type":"Point","coordinates":[151.186256188017,-33.8963423369833]},"properties":{"asset_id":"TS29302","TreeType":"Street Tree","SpeciesName":"Melaleuca quinquenervia","CommonName":"Broad Leaf Paperbark","TreeHeight":9,"TreeCanopyNS":9,"Tree_Status":"Tree","Tree_Age":"Mature","DBH_in_cm":75,"Locality":"North Newtown","ParkName":"Not applicable","OBJECTID":13530}},{"type":"Feature","id":14692,"geometry":{"type":"Point","coordinates":[151.1820409867,-33.8937449618218]},"properties":{"asset_id":"TS04369","TreeType":"Street Tree","SpeciesName":"Elaeocarpus reticulatus","CommonName":"Blueberry Ash","TreeHeight":6,"TreeCanopyNS":4,"Tree_Status":"Tree","Tree_Age":"Semi-Mature","DBH_in_cm":14,"Locality":"North Newtown","ParkName":"Not applicable","OBJECTID":14692}},{"type":"Feature","id":8432,"geometry":{"type":"Point","coordinates":[151.178269266118,-33.8984017814171]},"properties":{"asset_id":"TS02465","TreeType":"Street Tree","SpeciesName":"Platanus acerifolia","CommonName":"London Plane","TreeHeight":16,"TreeCanopyNS":9,"Tree_Status":"Tree","Tree_Age":"Mature","DBH_in_cm":37,"Locality":"King Street Retail Strip","ParkName":"Not applicable","OBJECTID":8432}},{"type":"Feature","id":18748,"geometry":{"type":"Point","coordinates":[151.182387425894,-33.8934958759495]},"properties":{"asset_id":"TS03426","TreeType":"Street Tree","SpeciesName":"Tristaniopsis laurina","CommonName":"Water Gum","TreeHeight":8,"TreeCanopyNS":9,"Tree_Status":"Tree","Tree_Age":"Mature","DBH_in_cm":45,"Locality":"North Newtown","ParkName":"Not applicable","OBJECTID":18748}},{"type":"Feature","id":39355,"geometry":{"type":"Point","coordinates":[151.184131501461,-33.8971612743276]},"properties":{"asset_id":"TS35351","TreeType":"Street Tree","SpeciesName":"Melaleuca quinquenervia","CommonName":"Broad Leaf Paperbark","TreeHeight":10,"TreeCanopyNS":6,"Tree_Status":"Tree","Tree_Age":"Mature","DBH_in_cm":46,"Locality":"Erskineville Neighbourhood North","ParkName":"Not applicable","OBJECTID":39355}},{"type":"Feature","id":4756,"geometry":{"type":"Point","coordinates":[151.180993156202,-33.8974737616686]},"properties":{"asset_id":"TS07827","TreeType":"Street Tree","SpeciesName":"Platanus acerifolia","CommonName":"London Plane","TreeHeight":12,"TreeCanopyNS":7,"Tree_Status":"Tree","Tree_Age":"Semi-Mature","DBH_in_cm":23,"Locality":"North Newtown","ParkName":"Not applicable","OBJECTID":4756}},{"type":"Feature","id":10541,"geometry":{"type":"Point","coordinates":[151.187773320939,-33.8927543913435]},"properties":{"asset_id":"TS08134","TreeType":"Street Tree","SpeciesName":"Lagerstroemia indica","CommonName":"Crepe Myrtle","TreeHeight":7,"TreeCanopyNS":5,"Tree_Status":"Tree","Tree_Age":"Mature","DBH_in_cm":17,"Locality":"North Newtown","ParkName":"Not applicable","OBJECTID":10541}},{"type":"Feature","id":33902,"geometry":{"type":"Point","coordinates":[151.189234335788,-33.8978042289805]},"properties":{"asset_id":"TP04203","TreeType":"Park Tree","SpeciesName":"Liquidambar styraciflua","CommonName":"Liquidamber or Sweet Gum","TreeHeight":6,"TreeCanopyNS":2,"Tree_Status":"Tree","Tree_Age":"Semi-Mature","DBH_in_cm":14,"Locality":null,"ParkName":"South Sydney Rotary Park #1","OBJECTID":33902}},{"type":"Feature","id":46780,"geometry":{"type":"Point","coordinates":[151.187824710652,-33.8921141935917]},"properties":{"asset_id":"TS42322","TreeType":"Street Tree","SpeciesName":"Ficus rubiginosa","CommonName":"Port Jackson or Rusty Fig","TreeHeight":6,"TreeCanopyNS":8,"Tree_Status":"Tree","Tree_Age":"Semi-Mature","DBH_in_cm":31,"Locality":"University of Sydney and Royal Prince Alfred Hospital","ParkName":"Not applicable","OBJECTID":46780}},{"type":"Feature","id":15476,"geometry":{"type":"Point","coordinates":[151.187358811182,-33.8934668848453]},"properties":{"asset_id":"TS13150","TreeType":"Street Tree","SpeciesName":"Tristaniopsis laurina","CommonName":"Water Gum","TreeHeight":8,"TreeCanopyNS":9,"Tree_Status":"Tree","Tree_Age":"Mature","DBH_in_cm":35,"Locality":"North Newtown","ParkName":"Not applicable","OBJECTID":15476}},{"type":"Feature","id":9402,"geometry":{"type":"Point","coordinates":[151.185628112894,-33.891249372704]},"properties":{"asset_id":"TS23464","TreeType":"Street Tree","SpeciesName":"Jacaranda mimosifolia","CommonName":"Jacaranda","TreeHeight":13,"TreeCanopyNS":13,"Tree_Status":"Tree","Tree_Age":"Mature","DBH_in_cm":51,"Locality":"University of Sydney and Royal Prince Alfred Hospital","ParkName":"Not applicable","OBJECTID":9402}},{"type":"Feature","id":18722,"geometry":{"type":"Point","coordinates":[151.182108355196,-33.8928430492437]},"properties":{"asset_id":"TS03438","TreeType":"Street Tree","SpeciesName":"Tristaniopsis laurina","CommonName":"Water Gum","TreeHeight":7,"TreeCanopyNS":6,"Tree_Status":"Tree","Tree_Age":"Mature","DBH_in_cm":34,"Locality":"North Newtown","ParkName":"Not applicable","OBJECTID":18722}},{"type":"Feature","id":26551,"geometry":{"type":"Point","coordinates":[151.18209287067,-33.8926810494769]},"properties":{"asset_id":"TP05012","TreeType":"Park Tree","SpeciesName":"Tristaniopsis 'Luscious'","CommonName":"Water Gum","TreeHeight":7,"TreeCanopyNS":3,"Tree_Status":"Tree","Tree_Age":"Mature","DBH_in_cm":22,"Locality":"North Newtown","ParkName":"Goddard Reserve","OBJECTID":26551}},{"type":"Feature","id":39378,"geometry":{"type":"Point","coordinates":[151.184440494773,-33.8970772794786]},"properties":{"asset_id":"TS35129","TreeType":"Street Tree","SpeciesName":"Hakea sp.","CommonName":"Hakea","TreeHeight":4,"TreeCanopyNS":3,"Tree_Status":"Tree","Tree_Age":"Mature","DBH_in_cm":18,"Locality":"Erskineville Neighbourhood North","ParkName":"Not applicable","OBJECTID":39378}},{"type":"Feature","id":27808,"geometry":{"type":"Point","coordinates":[151.186249139646,-33.8947807885321]},"properties":{"asset_id":"TP02205","TreeType":"Park Tree","SpeciesName":"Agathis robusta","CommonName":"Queensland Kauri","TreeHeight":15,"TreeCanopyNS":4,"Tree_Status":"Tree","Tree_Age":"Mature","DBH_in_cm":46,"Locality":"North Newtown","ParkName":"Hollis Park","OBJECTID":27808}},{"type":"Feature","id":8243,"geometry":{"type":"Point","coordinates":[151.180696425513,-33.8944910411651]},"properties":{"asset_id":"TS01064","TreeType":"Street Tree","SpeciesName":"Tristaniopsis laurina","CommonName":"Water Gum","TreeHeight":6,"TreeCanopyNS":3,"Tree_Status":"Tree","Tree_Age":"Mature","DBH_in_cm":18,"Locality":"North Newtown","ParkName":"Not applicable","OBJECTID":8243}},{"type":"Feature","id":25054,"geometry":{"type":"Point","coordinates":[151.182524502744,-33.8969370241153]},"properties":{"asset_id":"TS29295","TreeType":"Street Tree","SpeciesName":"Pistacia chinensis","CommonName":"Chinese Pistacia","TreeHeight":6,"TreeCanopyNS":4,"Tree_Status":"Tree","Tree_Age":"Semi-Mature","DBH_in_cm":14,"Locality":"North Newtown","ParkName":"Not applicable","OBJECTID":25054}},{"type":"Feature","id":14812,"geometry":{"type":"Point","coordinates":[151.182297606662,-33.8962047135262]},"properties":{"asset_id":"TS15227","TreeType":"Street Tree","SpeciesName":"Koelreuteria paniculata","CommonName":"Golden Rain Tree","TreeHeight":6,"TreeCanopyNS":7,"Tree_Status":"Tree","Tree_Age":"Mature","DBH_in_cm":27,"Locality":"North Newtown","ParkName":"Not applicable","OBJECTID":14812}},{"type":"Feature","id":16876,"geometry":{"type":"Point","coordinates":[151.18904669922,-33.893044002457]},"properties":{"asset_id":"TS08718","TreeType":"Street Tree","SpeciesName":"Eucalyptus microcorys","CommonName":"Tallow Wood","TreeHeight":13,"TreeCanopyNS":9,"Tree_Status":"Tree","Tree_Age":"Mature","DBH_in_cm":48,"Locality":"Darlington and West Redfern","ParkName":"Not applicable","OBJECTID":16876}},{"type":"Feature","id":7765,"geometry":{"type":"Point","coordinates":[151.183226091736,-33.8925168824466]},"properties":{"asset_id":"TS22192","TreeType":"Street Tree","SpeciesName":"Flindersia australis","CommonName":"Crows Ash","TreeHeight":7,"TreeCanopyNS":5,"Tree_Status":"Tree","Tree_Age":"Mature","DBH_in_cm":33,"Locality":"University of Sydney and Royal Prince Alfred Hospital","ParkName":"Not applicable","OBJECTID":7765}},{"type":"Feature","id":42389,"geometry":{"type":"Point","coordinates":[151.185992706699,-33.8945228127187]},"properties":{"asset_id":"TS44265","TreeType":"Park Tree","SpeciesName":"Tristaniopsis 'Luscious'","CommonName":"Water Gum","TreeHeight":4,"TreeCanopyNS":2,"Tree_Status":"Tree","Tree_Age":"Young","DBH_in_cm":7,"Locality":"North Newtown","ParkName":"Hollis Park","OBJECTID":42389}},{"type":"Feature","id":6560,"geometry":{"type":"Point","coordinates":[151.186275549262,-33.8963982591664]},"properties":{"asset_id":"TS29305","TreeType":"Street Tree","SpeciesName":"Olea europaea subsp europaea","CommonName":"Olive","TreeHeight":7,"TreeCanopyNS":3,"Tree_Status":"Tree","Tree_Age":"Semi-Mature","DBH_in_cm":14,"Locality":"North Newtown","ParkName":"Not applicable","OBJECTID":6560}},{"type":"Feature","id":14786,"geometry":{"type":"Point","coordinates":[151.181576376322,-33.8964123766478]},"properties":{"asset_id":"TS15215","TreeType":"Street Tree","SpeciesName":"Koelreuteria paniculata","CommonName":"Golden Rain Tree","TreeHeight":5,"TreeCanopyNS":2,"Tree_Status":"Tree","Tree_Age":"Semi-Mature","DBH_in_cm":13,"Locality":"North Newtown","ParkName":"Not applicable","OBJECTID":14786}},{"type":"Feature","id":27192,"geometry":{"type":"Point","coordinates":[151.189606689166,-33.8987998086443]},"properties":{"asset_id":"TP01998","TreeType":"Park Tree","SpeciesName":"Corymbia maculata","CommonName":"Spotted Gum","TreeHeight":17,"TreeCanopyNS":5,"Tree_Status":"Tree","Tree_Age":"Mature","DBH_in_cm":28,"Locality":"Erskineville Oval","ParkName":"Solander Park","OBJECTID":27192}},{"type":"Feature","id":38147,"geometry":{"type":"Point","coordinates":[151.189082435511,-33.8988152755326]},"properties":{"asset_id":"TS35497","TreeType":"Street Tree","SpeciesName":"Brachychiton rupestris","CommonName":"QLD Bottle Tree","TreeHeight":4,"TreeCanopyNS":2,"Tree_Status":"Tree","Tree_Age":"Semi-Mature","DBH_in_cm":11,"Locality":"Erskineville Oval","ParkName":"Not applicable","OBJECTID":38147}},{"type":"Feature","id":15851,"geometry":{"type":"Point","coordinates":[151.184123518066,-33.8976958851989]},"properties":{"asset_id":"TS15887","TreeType":"Street Tree","SpeciesName":"Tristaniopsis laurina","CommonName":"Water Gum","TreeHeight":6,"TreeCanopyNS":4,"Tree_Status":"Tree","Tree_Age":"Mature","DBH_in_cm":33,"Locality":"Erskineville Neighbourhood North","ParkName":"Not applicable","OBJECTID":15851}},{"type":"Feature","id":10023,"geometry":{"type":"Point","coordinates":[151.182561664171,-33.8980699703585]},"properties":{"asset_id":"TS04472","TreeType":"Street Tree","SpeciesName":"Tristaniopsis laurina","CommonName":"Water Gum","TreeHeight":8,"TreeCanopyNS":7,"Tree_Status":"Tree","Tree_Age":"Mature","DBH_in_cm":40,"Locality":"Erskineville Neighbourhood North","ParkName":"Not applicable","OBJECTID":10023}},{"type":"Feature","id":10633,"geometry":{"type":"Point","coordinates":[151.185292266053,-33.8934798270539]},"properties":{"asset_id":"TS08584","TreeType":"Street Tree","SpeciesName":"Harpephyllum caffrum","CommonName":"Kaffir Plum","TreeHeight":13,"TreeCanopyNS":12,"Tree_Status":"Tree","Tree_Age":"Mature","DBH_in_cm":59,"Locality":"North Newtown","ParkName":"Not applicable","OBJECTID":10633}},{"type":"Feature","id":13295,"geometry":{"type":"Point","coordinates":[151.184007855419,-33.8967402347894]},"properties":{"asset_id":"TS15053","TreeType":"Street Tree","SpeciesName":"Jacaranda mimosifolia","CommonName":"Jacaranda","TreeHeight":11,"TreeCanopyNS":8,"Tree_Status":"Tree","Tree_Age":"Mature","DBH_in_cm":35,"Locality":"North Newtown","ParkName":"Not applicable","OBJECTID":13295}},{"type":"Feature","id":16166,"geometry":{"type":"Point","coordinates":[151.182419364592,-33.8952213656118]},"properties":{"asset_id":"TS06071","TreeType":"Street Tree","SpeciesName":"Liquidambar formosana","CommonName":"Chinese Liquidambar","TreeHeight":13,"TreeCanopyNS":9,"Tree_Status":"Tree","Tree_Age":"Mature","DBH_in_cm":52,"Locality":"North Newtown","ParkName":"Not applicable","OBJECTID":16166}},{"type":"Feature","id":29107,"geometry":{"type":"Point","coordinates":[151.182100494513,-33.8940642426684]},"properties":{"asset_id":"TP01115","TreeType":"Park Tree","SpeciesName":"Ulmus parvifolia","CommonName":"Chinese Elm","TreeHeight":18,"TreeCanopyNS":12,"Tree_Status":"Tree","Tree_Age":"Mature","DBH_in_cm":62,"Locality":"North Newtown","ParkName":"MJ Hayes Playground","OBJECTID":29107}},{"type":"Feature","id":13510,"geometry":{"type":"Point","coordinates":[151.182898979312,-33.8967482260415]},"properties":{"asset_id":"TS29289","TreeType":"Street Tree","SpeciesName":"Callistemon viminalis","CommonName":"Weeping Bottlebrush","TreeHeight":7,"TreeCanopyNS":5,"Tree_Status":"Tree","Tree_Age":"Mature","DBH_in_cm":31,"Locality":"North Newtown","ParkName":"Not applicable","OBJECTID":13510}},{"type":"Feature","id":37955,"geometry":{"type":"Point","coordinates":[151.18702144254,-33.8989122776164]},"properties":{"asset_id":"TS35000","TreeType":"Street Tree","SpeciesName":"Melaleuca styphelioides","CommonName":"Prickly Paperbark","TreeHeight":6,"TreeCanopyNS":3,"Tree_Status":"Tree","Tree_Age":"Semi-Mature","DBH_in_cm":13,"Locality":"Erskineville Oval","ParkName":"Not applicable","OBJECTID":37955}},{"type":"Feature","id":9408,"geometry":{"type":"Point","coordinates":[151.186508617298,-33.8912280741962]},"properties":{"asset_id":"TS23467","TreeType":"Street Tree","SpeciesName":"Celtis australis","CommonName":"Nettle Tree","TreeHeight":15,"TreeCanopyNS":13,"Tree_Status":"Tree","Tree_Age":"Mature","DBH_in_cm":73,"Locality":"University of Sydney and Royal Prince Alfred Hospital","ParkName":"Not applicable","OBJECTID":9408}},{"type":"Feature","id":26545,"geometry":{"type":"Point","coordinates":[151.182244613231,-33.8926487526448]},"properties":{"asset_id":"TP06871","TreeType":"Park Tree","SpeciesName":"Archontophoenix cunninghamiana","CommonName":"Bangalow Palm","TreeHeight":8,"TreeCanopyNS":3,"Tree_Status":"Tree","Tree_Age":"Semi-Mature","DBH_in_cm":19,"Locality":"North Newtown","ParkName":"Goddard Reserve","OBJECTID":26545}},{"type":"Feature","id":18728,"geometry":{"type":"Point","coordinates":[151.182307834527,-33.8932669231484]},"properties":{"asset_id":"TS03441","TreeType":"Street Tree","SpeciesName":"Celtis occidentalis","CommonName":"American Hackberry","TreeHeight":9,"TreeCanopyNS":6,"Tree_Status":"Tree","Tree_Age":"Mature","DBH_in_cm":22,"Locality":"North Newtown","ParkName":"Not applicable","OBJECTID":18728}},{"type":"Feature","id":13318,"geometry":{"type":"Point","coordinates":[151.184783872133,-33.8978453888474]},"properties":{"asset_id":"TS06576","TreeType":"Street Tree","SpeciesName":"Liquidambar styraciflua","CommonName":"Liquidamber or Sweet Gum","TreeHeight":13,"TreeCanopyNS":16,"Tree_Status":"Tree","Tree_Age":"Mature","DBH_in_cm":65,"Locality":"Erskineville Neighbourhood North","ParkName":"Not applicable","OBJECTID":13318}},{"type":"Feature","id":22466,"geometry":{"type":"Point","coordinates":[151.184610497107,-33.8937912485097]},"properties":{"asset_id":"TS15546","TreeType":"Street Tree","SpeciesName":"Flindersia australis","CommonName":"Crows Ash","TreeHeight":15,"TreeCanopyNS":7,"Tree_Status":"Tree","Tree_Age":"Mature","DBH_in_cm":35,"Locality":"North Newtown","ParkName":"Not applicable","OBJECTID":22466}},{"type":"Feature","id":27802,"geometry":{"type":"Point","coordinates":[151.185641368302,-33.8946461347624]},"properties":{"asset_id":"TP02207","TreeType":"Park Tree","SpeciesName":"Ficus macrophylla","CommonName":"Moreton Bay Fig","TreeHeight":14,"TreeCanopyNS":20,"Tree_Status":"Tree","Tree_Age":"Mature","DBH_in_cm":97,"Locality":"North Newtown","ParkName":"Hollis Park","OBJECTID":27802}},{"type":"Feature","id":25463,"geometry":{"type":"Point","coordinates":[151.181977522558,-33.8956243218025]},"properties":{"asset_id":"TP00005","TreeType":"Park Tree","SpeciesName":"Caesalpinia ferrea","CommonName":"Leopard Tree","TreeHeight":8,"TreeCanopyNS":3,"Tree_Status":"Tree","Tree_Age":"Mature","DBH_in_cm":18,"Locality":"North Newtown","ParkName":"WJ Thurbon Reserve","OBJECTID":25463}},{"type":"Feature","id":36630,"geometry":{"type":"Point","coordinates":[151.180196642048,-33.8874314614074]},"properties":{"asset_id":"TS35577","TreeType":"Street Tree","SpeciesName":"Flindersia australis","CommonName":"Crows Ash","TreeHeight":6,"TreeCanopyNS":3,"Tree_Status":"Tree","Tree_Age":"Semi-Mature","DBH_in_cm":10,"Locality":"University of Sydney and Royal Prince Alfred Hospital","ParkName":"Not applicable","OBJECTID":36630}},{"type":"Feature","id":554,"geometry":{"type":"Point","coordinates":[151.188185701314,-33.8919275247948]},"properties":{"asset_id":"TS17307","TreeType":"Street Tree","SpeciesName":"Populus deltoides","CommonName":"Cottonwood","TreeHeight":14,"TreeCanopyNS":7,"Tree_Status":"Tree","Tree_Age":"Mature","DBH_in_cm":65,"Locality":"University of Sydney and Royal Prince Alfred Hospital","ParkName":"Not applicable","OBJECTID":554}},{"type":"Feature","id":9382,"geometry":{"type":"Point","coordinates":[151.18557811278,-33.8913791172926]},"properties":{"asset_id":"TS23489","TreeType":"Street Tree","SpeciesName":"Jacaranda mimosifolia","CommonName":"Jacaranda","TreeHeight":8,"TreeCanopyNS":9,"Tree_Status":"Tree","Tree_Age":"Mature","DBH_in_cm":40,"Locality":"University of Sydney and Royal Prince Alfred Hospital","ParkName":"Not applicable","OBJECTID":9382}},{"type":"Feature","id":14669,"geometry":{"type":"Point","coordinates":[151.181787862053,-33.8889457991269]},"properties":{"asset_id":"TS22158","TreeType":"Street Tree","SpeciesName":"Ulmus parvifolia","CommonName":"Chinese Elm","TreeHeight":11,"TreeCanopyNS":12,"Tree_Status":"Tree","Tree_Age":"Mature","DBH_in_cm":39,"Locality":"Camperdown","ParkName":"Not applicable","OBJECTID":14669}},{"type":"Feature","id":18038,"geometry":{"type":"Point","coordinates":[151.186074224622,-33.8959479433864]},"properties":{"asset_id":"TS12318","TreeType":"Street Tree","SpeciesName":"Melaleuca quinquenervia","CommonName":"Broad Leaf Paperbark","TreeHeight":10,"TreeCanopyNS":8,"Tree_Status":"Tree","Tree_Age":"Mature","DBH_in_cm":60,"Locality":"North Newtown","ParkName":"Not applicable","OBJECTID":18038}},{"type":"Feature","id":46760,"geometry":{"type":"Point","coordinates":[151.186673879971,-33.8940659249522]},"properties":{"asset_id":"TS42308","TreeType":"Street Tree","SpeciesName":"Murraya paniculata","CommonName":"Murraya","TreeHeight":7,"TreeCanopyNS":4,"Tree_Status":"Tree","Tree_Age":"Semi-Mature","DBH_in_cm":11,"Locality":"North Newtown","ParkName":"Not applicable","OBJECTID":46760}},{"type":"Feature","id":14792,"geometry":{"type":"Point","coordinates":[151.18170631002,-33.8963023898171]},"properties":{"asset_id":"TS15218","TreeType":"Street Tree","SpeciesName":"Koelreuteria paniculata","CommonName":"Golden Rain Tree","TreeHeight":4,"TreeCanopyNS":2,"Tree_Status":"Tree","Tree_Age":"Young","DBH_in_cm":11,"Locality":"North Newtown","ParkName":"Not applicable","OBJECTID":14792}},{"type":"Feature","id":47301,"geometry":{"type":"Point","coordinates":[151.189460432965,-33.8940862699916]},"properties":{"asset_id":"TS40672","TreeType":"Street Tree","SpeciesName":"Koelreuteria paniculata","CommonName":"Golden Rain Tree","TreeHeight":3,"TreeCanopyNS":2,"Tree_Status":"Tree","Tree_Age":"Young","DBH_in_cm":6,"Locality":"Darlington and West Redfern","ParkName":"Not applicable","OBJECTID":47301}},{"type":"Feature","id":47252,"geometry":{"type":"Point","coordinates":[151.188662477479,-33.8942012310813]},"properties":{"asset_id":"TS40661","TreeType":"Street Tree","SpeciesName":"Koelreuteria paniculata","CommonName":"Golden Rain Tree","TreeHeight":3,"TreeCanopyNS":2,"Tree_Status":"Tree","Tree_Age":"Semi-Mature","DBH_in_cm":8,"Locality":"Darlington and West Redfern","ParkName":"Not applicable","OBJECTID":47252}},{"type":"Feature","id":10868,"geometry":{"type":"Point","coordinates":[151.1842663491,-33.898686111706]},"properties":{"asset_id":"TS09788","TreeType":"Street Tree","SpeciesName":"Tristaniopsis laurina","CommonName":"Water Gum","TreeHeight":4,"TreeCanopyNS":2,"Tree_Status":"Tree","Tree_Age":"Semi-Mature","DBH_in_cm":8,"Locality":"Erskineville Neighbourhood North","ParkName":"Not applicable","OBJECTID":10868}},{"type":"Feature","id":40666,"geometry":{"type":"Point","coordinates":[151.18885214877,-33.8910609291623]},"properties":{"asset_id":null,"TreeType":"Street Tree","SpeciesName":"Lophostemon confertus","CommonName":"Brush Box","TreeHeight":5,"TreeCanopyNS":1,"Tree_Status":"Tree","Tree_Age":"Young","DBH_in_cm":6,"Locality":"University of Sydney and Royal Prince Alfred Hospital","ParkName":"Not applicable","OBJECTID":40666}},{"type":"Feature","id":17105,"geometry":{"type":"Point","coordinates":[151.183780239636,-33.8933794492166]},"properties":{"asset_id":"TS02456","TreeType":"Street Tree","SpeciesName":"Platanus acerifolia","CommonName":"London Plane","TreeHeight":16,"TreeCanopyNS":9,"Tree_Status":"Tree","Tree_Age":"Mature","DBH_in_cm":55,"Locality":"North Newtown","ParkName":"Not applicable","OBJECTID":17105}},{"type":"Feature","id":14271,"geometry":{"type":"Point","coordinates":[151.181645492231,-33.8934879903967]},"properties":{"asset_id":"TS01747","TreeType":"Street Tree","SpeciesName":"Tristaniopsis laurina","CommonName":"Water Gum","TreeHeight":10,"TreeCanopyNS":10,"Tree_Status":"Tree","Tree_Age":"Mature","DBH_in_cm":46,"Locality":"North Newtown","ParkName":"Not applicable","OBJECTID":14271}},{"type":"Feature","id":13275,"geometry":{"type":"Point","coordinates":[151.184033053099,-33.8969084191404]},"properties":{"asset_id":"TS15046","TreeType":"Street Tree","SpeciesName":"Jacaranda mimosifolia","CommonName":"Jacaranda","TreeHeight":11,"TreeCanopyNS":7,"Tree_Status":"Tree","Tree_Age":"Mature","DBH_in_cm":38,"Locality":"North Newtown","ParkName":"Not applicable","OBJECTID":13275}},{"type":"Feature","id":291,"geometry":{"type":"Point","coordinates":[151.1806741884,-33.8966883289194]},"properties":{"asset_id":"TS15232","TreeType":"Street Tree","SpeciesName":"Fraxinus pennsylvanica","CommonName":"Green Ash","TreeHeight":5,"TreeCanopyNS":3,"Tree_Status":"Tree","Tree_Age":"Semi-Mature","DBH_in_cm":10,"Locality":"North Newtown","ParkName":"Not applicable","OBJECTID":291}},{"type":"Feature","id":13524,"geometry":{"type":"Point","coordinates":[151.182406606352,-33.8968925420241]},"properties":{"asset_id":"TS29294","TreeType":"Street Tree","SpeciesName":"Melaleuca quinquenervia","CommonName":"Broad Leaf Paperbark","TreeHeight":13,"TreeCanopyNS":11,"Tree_Status":"Tree","Tree_Age":"Mature","DBH_in_cm":77,"Locality":"North Newtown","ParkName":"Not applicable","OBJECTID":13524}},{"type":"Feature","id":12883,"geometry":{"type":"Point","coordinates":[151.185598479332,-33.8986408198533]},"properties":{"asset_id":"TS06148","TreeType":"Street Tree","SpeciesName":"Koelreuteria paniculata","CommonName":"Ash","TreeHeight":11,"TreeCanopyNS":10,"Tree_Status":"Tree","Tree_Age":"Mature","DBH_in_cm":43,"Locality":"Erskineville Neighbourhood North","ParkName":"Not applicable","OBJECTID":12883}},{"type":"Feature","id":18742,"geometry":{"type":"Point","coordinates":[151.181762685598,-33.8922052896519]},"properties":{"asset_id":"TS03450","TreeType":"Street Tree","SpeciesName":"Tristaniopsis laurina","CommonName":"Water Gum","TreeHeight":7,"TreeCanopyNS":5,"Tree_Status":"Tree","Tree_Age":"Semi-Mature","DBH_in_cm":20,"Locality":"North Newtown","ParkName":"Not applicable","OBJECTID":18742}},{"type":"Feature","id":39386,"geometry":{"type":"Point","coordinates":[151.184672449416,-33.8969903448588]},"properties":{"asset_id":"TS35136","TreeType":"Street Tree","SpeciesName":"Eucalyptus sideroxylon Rosea","CommonName":"Red Ironbark","TreeHeight":16,"TreeCanopyNS":8,"Tree_Status":"Tree","Tree_Age":"Mature","DBH_in_cm":52,"Locality":"Erskineville Neighbourhood North","ParkName":"Not applicable","OBJECTID":39386}},{"type":"Feature","id":33896,"geometry":{"type":"Point","coordinates":[151.189492965247,-33.8979899113716]},"properties":{"asset_id":"TP04208","TreeType":"Park Tree","SpeciesName":"Ficus rubiginosa","CommonName":"Port Jackson or Rusty Fig","TreeHeight":4,"TreeCanopyNS":5,"Tree_Status":"Tree","Tree_Age":"Semi-Mature","DBH_in_cm":30,"Locality":"Erskineville Oval","ParkName":"South Sydney Rotary Park #1","OBJECTID":33896}},{"type":"Feature","id":17211,"geometry":{"type":"Point","coordinates":[151.187438609479,-33.89482616322]},"properties":{"asset_id":"TS09449","TreeType":"Street Tree","SpeciesName":"Callistemon viminalis","CommonName":"Weeping Bottlebrush","TreeHeight":5,"TreeCanopyNS":5,"Tree_Status":"Tree","Tree_Age":"Mature","DBH_in_cm":15,"Locality":"North Newtown","ParkName":"Not applicable","OBJECTID":17211}},{"type":"Feature","id":11566,"geometry":{"type":"Point","coordinates":[151.183550194288,-33.8980113335103]},"properties":{"asset_id":"TS04489","TreeType":"Street Tree","SpeciesName":"Tristaniopsis laurina","CommonName":"Water Gum","TreeHeight":7,"TreeCanopyNS":5,"Tree_Status":"Tree","Tree_Age":"Mature","DBH_in_cm":36,"Locality":"Erskineville Neighbourhood North","ParkName":"Not applicable","OBJECTID":11566}},{"type":"Feature","id":23554,"geometry":{"type":"Point","coordinates":[151.186280182005,-33.8960467408734]},"properties":{"asset_id":"TS31481","TreeType":"Street Tree","SpeciesName":"Robinia pseudoacacia 'Frisia'","CommonName":"Golden Robinia","TreeHeight":6,"TreeCanopyNS":5,"Tree_Status":"Tree","Tree_Age":"Semi-Mature","DBH_in_cm":13,"Locality":"North Newtown","ParkName":"Not applicable","OBJECTID":23554}},{"type":"Feature","id":14649,"geometry":{"type":"Point","coordinates":[151.179886503048,-33.8871688023831]},"properties":{"asset_id":"TS22137","TreeType":"Street Tree","SpeciesName":"Flindersia australis","CommonName":"Crows Ash","TreeHeight":10,"TreeCanopyNS":6,"Tree_Status":"Tree","Tree_Age":"Mature","DBH_in_cm":27,"Locality":"Camperdown","ParkName":"Not applicable","OBJECTID":14649}},{"type":"Feature","id":46680,"geometry":{"type":"Point","coordinates":[151.188838495874,-33.8916913125469]},"properties":{"asset_id":"TS01594","TreeType":"Street Tree","SpeciesName":"Liriodendron tulipifera","CommonName":"Tulip Tree","TreeHeight":4,"TreeCanopyNS":2,"Tree_Status":"Tree","Tree_Age":"Young","DBH_in_cm":5,"Locality":"University of Sydney and Royal Prince Alfred Hospital","ParkName":"Not applicable","OBJECTID":46680}},{"type":"Feature","id":9388,"geometry":{"type":"Point","coordinates":[151.186041441911,-33.8913688990608]},"properties":{"asset_id":"TS23492","TreeType":"Street Tree","SpeciesName":"Melaleuca quinquenervia","CommonName":"Broad Leaf Paperbark","TreeHeight":16,"TreeCanopyNS":12,"Tree_Status":"Tree","Tree_Age":"Mature","DBH_in_cm":72,"Locality":"University of Sydney and Royal Prince Alfred Hospital","ParkName":"Not applicable","OBJECTID":9388}},{"type":"Feature","id":26700,"geometry":{"type":"Point","coordinates":[151.18452543123,-33.8942743165389]},"properties":{"asset_id":"TP01565","TreeType":"Park Tree","SpeciesName":"Casuarina cunninghamiana","CommonName":"River She Oak","TreeHeight":21,"TreeCanopyNS":10,"Tree_Status":"Tree","Tree_Age":"Mature","DBH_in_cm":56,"Locality":"North Newtown","ParkName":"Michael Kelly Rest Area","OBJECTID":26700}},{"type":"Feature","id":18044,"geometry":{"type":"Point","coordinates":[151.185839407328,-33.8954504240624]},"properties":{"asset_id":"TS12324","TreeType":"Street Tree","SpeciesName":"Melaleuca quinquenervia","CommonName":"Broad Leaf Paperbark","TreeHeight":8,"TreeCanopyNS":8,"Tree_Status":"Tree","Tree_Age":"Mature","DBH_in_cm":54,"Locality":"North Newtown","ParkName":"Not applicable","OBJECTID":18044}},{"type":"Feature","id":47307,"geometry":{"type":"Point","coordinates":[151.185455506143,-33.895329256325]},"properties":{"asset_id":"TS40658","TreeType":"Street Tree","SpeciesName":"Koelreuteria paniculata","CommonName":"Golden Rain Tree","TreeHeight":3,"TreeCanopyNS":2,"Tree_Status":"Tree","Tree_Age":"Young","DBH_in_cm":8,"Locality":"North Newtown","ParkName":"Not applicable","OBJECTID":47307}},{"type":"Feature","id":28237,"geometry":{"type":"Point","coordinates":[151.182263453147,-33.8978902721225]},"properties":{"asset_id":"TP03896","TreeType":"Park Tree","SpeciesName":"Corymbia maculata","CommonName":"Spotted Gum","TreeHeight":15,"TreeCanopyNS":5,"Tree_Status":"Tree","Tree_Age":"Mature","DBH_in_cm":27,"Locality":"Erskineville Neighbourhood North","ParkName":"Green Ban Park","OBJECTID":28237}},{"type":"Feature","id":12044,"geometry":{"type":"Point","coordinates":[151.18970690275,-33.8981464414653]},"properties":{"asset_id":"TS09407","TreeType":"Street Tree","SpeciesName":"Nerium oleander","CommonName":"Oleander","TreeHeight":6,"TreeCanopyNS":4,"Tree_Status":"Tree","Tree_Age":"Mature","DBH_in_cm":30,"Locality":"Erskineville Oval","ParkName":"Not applicable","OBJECTID":12044}},{"type":"Feature","id":14663,"geometry":{"type":"Point","coordinates":[151.180506193839,-33.8877473133728]},"properties":{"asset_id":"TS22143","TreeType":"Street Tree","SpeciesName":"Flindersia australis","CommonName":"Crows Ash","TreeHeight":10,"TreeCanopyNS":5,"Tree_Status":"Tree","Tree_Age":"Semi-Mature","DBH_in_cm":22,"Locality":"Camperdown","ParkName":"Not applicable","OBJECTID":14663}},{"type":"Feature","id":46823,"geometry":{"type":"Point","coordinates":[151.1851141804,-33.8962147804872]},"properties":{"asset_id":"TS06185","TreeType":"Street Tree","SpeciesName":"Cupaniopsis anacardioides","CommonName":"Tuckeroo","TreeHeight":3,"TreeCanopyNS":2,"Tree_Status":"Tree","Tree_Age":"Young","DBH_in_cm":6,"Locality":"North Newtown","ParkName":"Not applicable","OBJECTID":46823}},{"type":"Feature","id":10527,"geometry":{"type":"Point","coordinates":[151.181024282284,-33.8975102005759]},"properties":{"asset_id":"TS07826","TreeType":"Street Tree","SpeciesName":"Platanus acerifolia","CommonName":"London Plane","TreeHeight":13,"TreeCanopyNS":8,"Tree_Status":"Tree","Tree_Age":"Semi-Mature","DBH_in_cm":36,"Locality":"North Newtown","ParkName":"Not applicable","OBJECTID":10527}},{"type":"Feature","id":11801,"geometry":{"type":"Point","coordinates":[151.188229038381,-33.8989470015153]},"properties":{"asset_id":"TS06653","TreeType":"Street Tree","SpeciesName":"Tristaniopsis laurina","CommonName":"Water Gum","TreeHeight":5,"TreeCanopyNS":2,"Tree_Status":"Tree","Tree_Age":"Semi-Mature","DBH_in_cm":13,"Locality":"Erskineville Oval","ParkName":"Not applicable","OBJECTID":11801}},{"type":"Feature","id":48589,"geometry":{"type":"Point","coordinates":[151.184419479465,-33.893110418188]},"properties":{"asset_id":"TS02457","TreeType":"Street Tree","SpeciesName":"Lophostemon confertus","CommonName":"Brush Box","TreeHeight":6,"TreeCanopyNS":2,"Tree_Status":"Tree","Tree_Age":"Semi-Mature","DBH_in_cm":11,"Locality":"North Newtown","ParkName":"Not applicable","OBJECTID":48589}},{"type":"Feature","id":11168,"geometry":{"type":"Point","coordinates":[151.1797207753,-33.8922511452694]},"properties":{"asset_id":"TS01050","TreeType":"Street Tree","SpeciesName":"Jacaranda mimosifolia","CommonName":"Jacaranda","TreeHeight":12,"TreeCanopyNS":8,"Tree_Status":"Tree","Tree_Age":"Mature","DBH_in_cm":40,"Locality":"North Newtown","ParkName":"Not applicable","OBJECTID":11168}},{"type":"Feature","id":13332,"geometry":{"type":"Point","coordinates":[151.184815991331,-33.8981870786212]},"properties":{"asset_id":"TS06581","TreeType":"Street Tree","SpeciesName":"Fraxinus pennsylvanica","CommonName":"Green Ash","TreeHeight":10,"TreeCanopyNS":11,"Tree_Status":"Tree","Tree_Age":"Mature","DBH_in_cm":33,"Locality":"Erskineville Neighbourhood North","ParkName":"Not applicable","OBJECTID":13332}},{"type":"Feature","id":10627,"geometry":{"type":"Point","coordinates":[151.185418628456,-33.8939514027254]},"properties":{"asset_id":"TS08588","TreeType":"Street Tree","SpeciesName":"Ficus macrophylla","CommonName":"Moreton Bay Fig","TreeHeight":16,"TreeCanopyNS":15,"Tree_Status":"Tree","Tree_Age":"Mature","DBH_in_cm":182,"Locality":"North Newtown","ParkName":"Not applicable","OBJECTID":10627}},{"type":"Feature","id":10178,"geometry":{"type":"Point","coordinates":[151.186854520117,-33.89410393241]},"properties":{"asset_id":"TS05183","TreeType":"Street Tree","SpeciesName":"Cinnamomum camphora","CommonName":"Camphor Laurel","TreeHeight":14,"TreeCanopyNS":14,"Tree_Status":"Tree","Tree_Age":"Mature","DBH_in_cm":96,"Locality":"North Newtown","ParkName":"Not applicable","OBJECTID":10178}},{"type":"Feature","id":22621,"geometry":{"type":"Point","coordinates":[151.182206336746,-33.8948955810115]},"properties":{"asset_id":"TS32105","TreeType":"Street Tree","SpeciesName":"Liriodendron tulipifera","CommonName":"Tulip Tree","TreeHeight":10,"TreeCanopyNS":5,"Tree_Status":"Tree","Tree_Age":"Semi-Mature","DBH_in_cm":29,"Locality":"North Newtown","ParkName":"Not applicable","OBJECTID":22621}},{"type":"Feature","id":348,"geometry":{"type":"Point","coordinates":[151.180890267618,-33.8973896431511]},"properties":{"asset_id":"TS15891","TreeType":"Street Tree","SpeciesName":"Platanus acerifolia","CommonName":"London Plane","TreeHeight":13,"TreeCanopyNS":7,"Tree_Status":"Tree","Tree_Age":"Semi-Mature","DBH_in_cm":21,"Locality":"North Newtown","ParkName":"Not applicable","OBJECTID":348}},{"type":"Feature","id":33933,"geometry":{"type":"Point","coordinates":[151.189791534254,-33.8976878904933]},"properties":{"asset_id":"TP04180","TreeType":"Park Tree","SpeciesName":"Acacia decurrens","CommonName":"Black Wattle","TreeHeight":7,"TreeCanopyNS":5,"Tree_Status":"Tree","Tree_Age":"Over-Mature","DBH_in_cm":33,"Locality":null,"ParkName":"South Sydney Rotary Park #1","OBJECTID":33933}},{"type":"Feature","id":33939,"geometry":{"type":"Point","coordinates":[151.189786826994,-33.8979566286745]},"properties":{"asset_id":"TP04175","TreeType":"Park Tree","SpeciesName":"Ficus rubiginosa","CommonName":"Port Jackson or Rusty Fig","TreeHeight":9,"TreeCanopyNS":11,"Tree_Status":"Tree","Tree_Age":"Mature","DBH_in_cm":61,"Locality":"Erskineville Oval","ParkName":"South Sydney Rotary Park #1","OBJECTID":33939}},{"type":"Feature","id":23162,"geometry":{"type":"Point","coordinates":[151.178491124737,-33.8880359333057]},"properties":{"asset_id":"TS23199","TreeType":"Street Tree","SpeciesName":"Tristaniopsis laurina","CommonName":"Water Gum","TreeHeight":5,"TreeCanopyNS":2,"Tree_Status":"Tree","Tree_Age":"Semi-Mature","DBH_in_cm":17,"Locality":"Camperdown","ParkName":"Not applicable","OBJECTID":23162}},{"type":"Feature","id":9396,"geometry":{"type":"Point","coordinates":[151.187123375212,-33.8913483082222]},"properties":{"asset_id":"TS23483","TreeType":"Street Tree","SpeciesName":"Jacaranda mimosifolia","CommonName":"Jacaranda","TreeHeight":6,"TreeCanopyNS":7,"Tree_Status":"Tree","Tree_Age":"Mature","DBH_in_cm":29,"Locality":"University of Sydney and Royal Prince Alfred Hospital","ParkName":"Not applicable","OBJECTID":9396}},{"type":"Feature","id":46774,"geometry":{"type":"Point","coordinates":[151.186748830515,-33.8958732945242]},"properties":{"asset_id":"TS31486","TreeType":"Street Tree","SpeciesName":"Robinia pseudoacacia 'Frisia'","CommonName":"Golden Robinia","TreeHeight":4,"TreeCanopyNS":2,"Tree_Status":"Tree","Tree_Age":"Young","DBH_in_cm":5,"Locality":"North Newtown","ParkName":"Not applicable","OBJECTID":46774}},{"type":"Feature","id":22229,"geometry":{"type":"Point","coordinates":[151.183076119877,-33.8958860761094]},"properties":{"asset_id":"TS15239","TreeType":"Street Tree","SpeciesName":"Koelreuteria paniculata","CommonName":"Golden Rain Tree","TreeHeight":5,"TreeCanopyNS":2,"Tree_Status":"Tree","Tree_Age":"Semi-Mature","DBH_in_cm":12,"Locality":"North Newtown","ParkName":"Not applicable","OBJECTID":22229}},{"type":"Feature","id":37869,"geometry":{"type":"Point","coordinates":[151.189373529295,-33.8975423374746]},"properties":{"asset_id":"TS34937","TreeType":"Street Tree","SpeciesName":"Platanus acerifolia","CommonName":"London Plane","TreeHeight":4,"TreeCanopyNS":1,"Tree_Status":"Tree","Tree_Age":"Semi-Mature","DBH_in_cm":7,"Locality":null,"ParkName":"Not applicable","OBJECTID":37869}},{"type":"Feature","id":14655,"geometry":{"type":"Point","coordinates":[151.180027818209,-33.8873011911919]},"properties":{"asset_id":"TS22139","TreeType":"Street Tree","SpeciesName":"Flindersia australis","CommonName":"Crows Ash","TreeHeight":15,"TreeCanopyNS":8,"Tree_Status":"Tree","Tree_Age":"Mature","DBH_in_cm":34,"Locality":"Camperdown","ParkName":"Not applicable","OBJECTID":14655}},{"type":"Feature","id":6099,"geometry":{"type":"Point","coordinates":[151.179218976078,-33.8908356698801]},"properties":{"asset_id":"TS23703","TreeType":"Street Tree","SpeciesName":"Fraxinus excelsior Aurea","CommonName":"Golden Ash","TreeHeight":8,"TreeCanopyNS":3,"Tree_Status":"Tree","Tree_Age":"Semi-Mature","DBH_in_cm":17,"Locality":"Camperdown","ParkName":"Not applicable","OBJECTID":6099}},{"type":"Feature","id":12050,"geometry":{"type":"Point","coordinates":[151.182334335569,-33.8970674939412]},"properties":{"asset_id":"TS09412","TreeType":"Street Tree","SpeciesName":"Magnolia grandiflora","CommonName":"Southern Magnolia","TreeHeight":8,"TreeCanopyNS":6,"Tree_Status":"Tree","Tree_Age":"Semi-Mature","DBH_in_cm":28,"Locality":"North Newtown","ParkName":"Not applicable","OBJECTID":12050}},{"type":"Feature","id":28231,"geometry":{"type":"Point","coordinates":[151.182291502323,-33.897995287272]},"properties":{"asset_id":"TP03900","TreeType":"Park Tree","SpeciesName":"Corymbia maculata","CommonName":"Spotted Gum","TreeHeight":19,"TreeCanopyNS":6,"Tree_Status":"Tree","Tree_Age":"Mature","DBH_in_cm":42,"Locality":"Erskineville Neighbourhood North","ParkName":"Green Ban Park","OBJECTID":28231}},{"type":"Feature","id":9368,"geometry":{"type":"Point","coordinates":[151.188186793766,-33.891195962381]},"properties":{"asset_id":"TS23496","TreeType":"Street Tree","SpeciesName":"Liquidambar styraciflua","CommonName":"Liquidamber or Sweet Gum","TreeHeight":12,"TreeCanopyNS":9,"Tree_Status":"Tree","Tree_Age":"Mature","DBH_in_cm":50,"Locality":"University of Sydney and Royal Prince Alfred Hospital","ParkName":"Not applicable","OBJECTID":9368}},{"type":"Feature","id":13020,"geometry":{"type":"Point","coordinates":[151.188277866547,-33.8916291434627]},"properties":{"asset_id":"TS26346","TreeType":"Street Tree","SpeciesName":"Lophostemon confertus","CommonName":"Brush Box","TreeHeight":6,"TreeCanopyNS":2,"Tree_Status":"Tree","Tree_Age":"Semi-Mature","DBH_in_cm":10,"Locality":"University of Sydney and Royal Prince Alfred Hospital","ParkName":"Not applicable","OBJECTID":13020}},{"type":"Feature","id":24759,"geometry":{"type":"Point","coordinates":[151.189083797149,-33.8935345512758]},"properties":{"asset_id":"TS17320","TreeType":"Street Tree","SpeciesName":"Melaleuca quinquenervia","CommonName":"Broad Leaf Paperbark","TreeHeight":10,"TreeCanopyNS":9,"Tree_Status":"Tree","Tree_Age":"Mature","DBH_in_cm":56,"Locality":"Darlington and West Redfern","ParkName":"Not applicable","OBJECTID":24759}},{"type":"Feature","id":45652,"geometry":{"type":"Point","coordinates":[151.184824761698,-33.8969365920959]},"properties":{"asset_id":"TS46244","TreeType":"Street Tree","SpeciesName":"Eucalyptus sp.","CommonName":"Not Applicable","TreeHeight":7,"TreeCanopyNS":2,"Tree_Status":"Tree","Tree_Age":"Semi-Mature","DBH_in_cm":14,"Locality":"Erskineville Neighbourhood North","ParkName":"Not applicable","OBJECTID":45652}},{"type":"Feature","id":13281,"geometry":{"type":"Point","coordinates":[151.184099905069,-33.8967491666149]},"properties":{"asset_id":"TS15048","TreeType":"Street Tree","SpeciesName":"Melaleuca quinquenervia","CommonName":"Broad Leaf Paperbark","TreeHeight":12,"TreeCanopyNS":11,"Tree_Status":"Tree","Tree_Age":"Mature","DBH_in_cm":84,"Locality":"North Newtown","ParkName":"Not applicable","OBJECTID":13281}},{"type":"Feature","id":46577,"geometry":{"type":"Point","coordinates":[151.186908388776,-33.8948743566361]},"properties":{"asset_id":"TS41781","TreeType":"Street Tree","SpeciesName":"Koelreuteria paniculata","CommonName":"Golden Rain Tree","TreeHeight":4,"TreeCanopyNS":2,"Tree_Status":"Tree","Tree_Age":"Young","DBH_in_cm":6,"Locality":"North Newtown","ParkName":"Not applicable","OBJECTID":46577}},{"type":"Feature","id":33913,"geometry":{"type":"Point","coordinates":[151.189346910239,-33.8976812642602]},"properties":{"asset_id":"TP04194","TreeType":"Park Tree","SpeciesName":"Platanus acerifolia","CommonName":"London Plane","TreeHeight":14,"TreeCanopyNS":14,"Tree_Status":"Tree","Tree_Age":"Mature","DBH_in_cm":48,"Locality":null,"ParkName":"South Sydney Rotary Park #1","OBJECTID":33913}},{"type":"Feature","id":6096,"geometry":{"type":"Point","coordinates":[151.179209594824,-33.8908090202044]},"properties":{"asset_id":"TS23702","TreeType":"Street Tree","SpeciesName":"Fraxinus excelsior Aurea","CommonName":"Golden Ash","TreeHeight":9,"TreeCanopyNS":5,"Tree_Status":"Tree","Tree_Age":"Semi-Mature","DBH_in_cm":20,"Locality":"Camperdown","ParkName":"Not applicable","OBJECTID":6096}},{"type":"Feature","id":7756,"geometry":{"type":"Point","coordinates":[151.183046011578,-33.8920602024365]},"properties":{"asset_id":"TS22189","TreeType":"Street Tree","SpeciesName":"Flindersia australis","CommonName":"Crows Ash","TreeHeight":7,"TreeCanopyNS":6,"Tree_Status":"Tree","Tree_Age":"Mature","DBH_in_cm":25,"Locality":"University of Sydney and Royal Prince Alfred Hospital","ParkName":"Not applicable","OBJECTID":7756}},{"type":"Feature","id":46554,"geometry":{"type":"Point","coordinates":[151.184700470752,-33.8981273042132]},"properties":{"asset_id":"TS41661","TreeType":"Street Tree","SpeciesName":"Fraxinus pennsylvanica","CommonName":"Green Ash","TreeHeight":7,"TreeCanopyNS":3,"Tree_Status":"Tree","Tree_Age":"Young","DBH_in_cm":10,"Locality":"Erskineville Neighbourhood North","ParkName":"Not applicable","OBJECTID":46554}},{"type":"Feature","id":39392,"geometry":{"type":"Point","coordinates":[151.184729454874,-33.8969792821986]},"properties":{"asset_id":"TS35139","TreeType":"Street Tree","SpeciesName":"Corymbia citriodora","CommonName":"Lemon Scented Gum","TreeHeight":16,"TreeCanopyNS":15,"Tree_Status":"Tree","Tree_Age":"Mature","DBH_in_cm":60,"Locality":"Erskineville Neighbourhood North","ParkName":"Not applicable","OBJECTID":39392}},{"type":"Feature","id":26703,"geometry":{"type":"Point","coordinates":[151.184666468737,-33.8942523190905]},"properties":{"asset_id":"TP01562","TreeType":"Park Tree","SpeciesName":"Casuarina cunninghamiana","CommonName":"River She Oak","TreeHeight":21,"TreeCanopyNS":13,"Tree_Status":"Tree","Tree_Age":"Mature","DBH_in_cm":65,"Locality":"North Newtown","ParkName":"Michael Kelly Rest Area","OBJECTID":26703}},{"type":"Feature","id":11715,"geometry":{"type":"Point","coordinates":[151.187397056271,-33.8938210182545]},"properties":{"asset_id":"TS05187","TreeType":"Street Tree","SpeciesName":"Cinnamomum camphora","CommonName":"Camphor Laurel","TreeHeight":15,"TreeCanopyNS":12,"Tree_Status":"Tree","Tree_Age":"Mature","DBH_in_cm":93,"Locality":"North Newtown","ParkName":"Not applicable","OBJECTID":11715}},{"type":"Feature","id":12926,"geometry":{"type":"Point","coordinates":[151.185464069489,-33.8975688411671]},"properties":{"asset_id":"TS06169","TreeType":"Street Tree","SpeciesName":"Melaleuca quinquenervia","CommonName":"Broad Leaf Paperbark","TreeHeight":16,"TreeCanopyNS":10,"Tree_Status":"Tree","Tree_Age":"Mature","DBH_in_cm":86,"Locality":"Erskineville Neighbourhood North","ParkName":"Not applicable","OBJECTID":12926}},{"type":"Feature","id":4768,"geometry":{"type":"Point","coordinates":[151.187895154457,-33.8926637559851]},"properties":{"asset_id":"TS08174","TreeType":"Street Tree","SpeciesName":"Lagerstroemia indica","CommonName":"Crepe Myrtle","TreeHeight":5,"TreeCanopyNS":4,"Tree_Status":"Tree","Tree_Age":"Semi-Mature","DBH_in_cm":13,"Locality":"Darlington and West Redfern","ParkName":"Not applicable","OBJECTID":4768}},{"type":"Feature","id":27035,"geometry":{"type":"Point","coordinates":[151.189101928602,-33.893955567869]},"properties":{"asset_id":"TP06557","TreeType":"Park Tree","SpeciesName":"Casuarina glauca","CommonName":"Swamp Oak","TreeHeight":9,"TreeCanopyNS":4,"Tree_Status":"Tree","Tree_Age":"Mature","DBH_in_cm":25,"Locality":"Darlington and West Redfern","ParkName":"Wilson Street Reserve #2","OBJECTID":27035}},{"type":"Feature","id":46339,"geometry":{"type":"Point","coordinates":[151.188644500456,-33.8982723027153]},"properties":{"asset_id":"TS41965","TreeType":"Street Tree","SpeciesName":"Lophostemon confertus","CommonName":"Brush Box","TreeHeight":5,"TreeCanopyNS":2,"Tree_Status":"Tree","Tree_Age":"Semi-Mature","DBH_in_cm":6,"Locality":"Erskineville Oval","ParkName":"Not applicable","OBJECTID":46339}},{"type":"Feature","id":12594,"geometry":{"type":"Point","coordinates":[151.178065646816,-33.8901666610747]},"properties":{"asset_id":"TS25082","TreeType":"Street Tree","SpeciesName":"Lophostemon confertus","CommonName":"Brush Box","TreeHeight":7,"TreeCanopyNS":6,"Tree_Status":"Tree","Tree_Age":"Mature","DBH_in_cm":36,"Locality":"Camperdown","ParkName":"Not applicable","OBJECTID":12594}},{"type":"Feature","id":47859,"geometry":{"type":"Point","coordinates":[151.188733673408,-33.8918366639204]},"properties":{"asset_id":"TS44034","TreeType":"Street Tree","SpeciesName":"Liriodendron tulipifera","CommonName":"Tulip Tree","TreeHeight":4,"TreeCanopyNS":3,"Tree_Status":"Tree","Tree_Age":"Young","DBH_in_cm":5,"Locality":"University of Sydney and Royal Prince Alfred Hospital","ParkName":"Not applicable","OBJECTID":47859}},{"type":"Feature","id":12903,"geometry":{"type":"Point","coordinates":[151.18738800198,-33.8933240286498]},"properties":{"asset_id":"TS13181","TreeType":"Street Tree","SpeciesName":"Tristaniopsis laurina","CommonName":"Water Gum","TreeHeight":11,"TreeCanopyNS":7,"Tree_Status":"Tree","Tree_Age":"Mature","DBH_in_cm":33,"Locality":"North Newtown","ParkName":"Not applicable","OBJECTID":12903}},{"type":"Feature","id":11145,"geometry":{"type":"Point","coordinates":[151.179912056761,-33.8918745222307]},"properties":{"asset_id":"TS00811","TreeType":"Street Tree","SpeciesName":"Tristaniopsis laurina","CommonName":"Water Gum","TreeHeight":8,"TreeCanopyNS":5,"Tree_Status":"Tree","Tree_Age":"Mature","DBH_in_cm":34,"Locality":"North Newtown","ParkName":"Not applicable","OBJECTID":11145}},{"type":"Feature","id":13066,"geometry":{"type":"Point","coordinates":[151.183512461523,-33.8981384625597]},"properties":{"asset_id":"TS14048","TreeType":"Street Tree","SpeciesName":"Callistemon viminalis","CommonName":"Weeping Bottlebrush","TreeHeight":10,"TreeCanopyNS":10,"Tree_Status":"Tree","Tree_Age":"Mature","DBH_in_cm":45,"Locality":"Erskineville Neighbourhood North","ParkName":"Not applicable","OBJECTID":13066}},{"type":"Feature","id":11575,"geometry":{"type":"Point","coordinates":[151.184791444728,-33.8974371048437]},"properties":{"asset_id":"TS04499","TreeType":"Street Tree","SpeciesName":"Tristaniopsis laurina","CommonName":"Water Gum","TreeHeight":7,"TreeCanopyNS":4,"Tree_Status":"Tree","Tree_Age":"Mature","DBH_in_cm":31,"Locality":"Erskineville Neighbourhood North","ParkName":"Not applicable","OBJECTID":11575}},{"type":"Feature","id":15820,"geometry":{"type":"Point","coordinates":[151.183940650054,-33.8956259621952]},"properties":{"asset_id":"TS15243","TreeType":"Street Tree","SpeciesName":"Koelreuteria paniculata","CommonName":"Golden Rain Tree","TreeHeight":6,"TreeCanopyNS":5,"Tree_Status":"Tree","Tree_Age":"Semi-Mature","DBH_in_cm":17,"Locality":"North Newtown","ParkName":"Not applicable","OBJECTID":15820}},{"type":"Feature","id":46694,"geometry":{"type":"Point","coordinates":[151.181843188812,-33.8937971380424]},"properties":{"asset_id":"TS04365","TreeType":"Street Tree","SpeciesName":"Elaeocarpus reticulatus","CommonName":"Blueberry Ash","TreeHeight":4,"TreeCanopyNS":1,"Tree_Status":"Tree","Tree_Age":"Young","DBH_in_cm":4,"Locality":"North Newtown","ParkName":"Not applicable","OBJECTID":46694}},{"type":"Feature","id":28223,"geometry":{"type":"Point","coordinates":[151.182195505156,-33.8981162356905]},"properties":{"asset_id":"TP03905","TreeType":"Park Tree","SpeciesName":"Ficus elastica","CommonName":"Rubber Tree","TreeHeight":17,"TreeCanopyNS":37,"Tree_Status":"Tree","Tree_Age":"Mature","DBH_in_cm":280,"Locality":"Erskineville Road Village Centre","ParkName":"Green Ban Park","OBJECTID":28223}},{"type":"Feature","id":14749,"geometry":{"type":"Point","coordinates":[151.183453407042,-33.8951107392698]},"properties":{"asset_id":"TS15026","TreeType":"Street Tree","SpeciesName":"Melaleuca quinquenervia","CommonName":"Broad Leaf Paperbark","TreeHeight":11,"TreeCanopyNS":5,"Tree_Status":"Tree","Tree_Age":"Mature","DBH_in_cm":41,"Locality":"North Newtown","ParkName":"Not applicable","OBJECTID":14749}},{"type":"Feature","id":27868,"geometry":{"type":"Point","coordinates":[151.18648444194,-33.8945762231571]},"properties":{"asset_id":"TP01625","TreeType":"Park Tree","SpeciesName":"Ficus macrophylla","CommonName":"Moreton Bay Fig","TreeHeight":12,"TreeCanopyNS":9,"Tree_Status":"Tree","Tree_Age":"Over-Mature","DBH_in_cm":70,"Locality":"North Newtown","ParkName":"Hollis Park","OBJECTID":27868}},{"type":"Feature","id":16175,"geometry":{"type":"Point","coordinates":[151.182561899938,-33.8955874992546]},"properties":{"asset_id":"TS06081","TreeType":"Street Tree","SpeciesName":"Liquidambar styraciflua","CommonName":"Liquidamber or Sweet Gum","TreeHeight":10,"TreeCanopyNS":5,"Tree_Status":"Tree","Tree_Age":"Mature","DBH_in_cm":36,"Locality":"North Newtown","ParkName":"Not applicable","OBJECTID":16175}},{"type":"Feature","id":11552,"geometry":{"type":"Point","coordinates":[151.182778107923,-33.8981179804642]},"properties":{"asset_id":"TS04465","TreeType":"Street Tree","SpeciesName":"Tristaniopsis laurina","CommonName":"Water Gum","TreeHeight":6,"TreeCanopyNS":5,"Tree_Status":"Tree","Tree_Age":"Mature","DBH_in_cm":20,"Locality":"Erskineville Neighbourhood North","ParkName":"Not applicable","OBJECTID":11552}},{"type":"Feature","id":10556,"geometry":{"type":"Point","coordinates":[151.188365975918,-33.8939611563899]},"properties":{"asset_id":"TS08149","TreeType":"Street Tree","SpeciesName":"Melaleuca quinquenervia","CommonName":"Broad Leaf Paperbark","TreeHeight":14,"TreeCanopyNS":9,"Tree_Status":"Tree","Tree_Age":"Mature","DBH_in_cm":83,"Locality":"Darlington and West Redfern","ParkName":"Not applicable","OBJECTID":10556}},{"type":"Feature","id":10859,"geometry":{"type":"Point","coordinates":[151.18441529638,-33.8988779423661]},"properties":{"asset_id":"TS09809","TreeType":"Street Tree","SpeciesName":"Tristaniopsis laurina","CommonName":"Water Gum","TreeHeight":8,"TreeCanopyNS":7,"Tree_Status":"Tree","Tree_Age":"Mature","DBH_in_cm":38,"Locality":"Erskineville Neighbourhood North","ParkName":"Not applicable","OBJECTID":10859}},{"type":"Feature","id":17102,"geometry":{"type":"Point","coordinates":[151.183821517367,-33.8933348809805]},"properties":{"asset_id":"TS02455","TreeType":"Street Tree","SpeciesName":"Platanus acerifolia","CommonName":"London Plane","TreeHeight":16,"TreeCanopyNS":10,"Tree_Status":"Tree","Tree_Age":"Mature","DBH_in_cm":55,"Locality":"North Newtown","ParkName":"Not applicable","OBJECTID":17102}},{"type":"Feature","id":12116,"geometry":{"type":"Point","coordinates":[151.181511963886,-33.8914602719601]},"properties":{"asset_id":"TS23451","TreeType":"Street Tree","SpeciesName":"Platanus acerifolia","CommonName":"London Plane","TreeHeight":19,"TreeCanopyNS":21,"Tree_Status":"Tree","Tree_Age":"Mature","DBH_in_cm":58,"Locality":"Camperdown","ParkName":"Not applicable","OBJECTID":12116}},{"type":"Feature","id":29837,"geometry":{"type":"Point","coordinates":[151.183272765106,-33.8913104181176]},"properties":{"asset_id":"TS23509","TreeType":"Street Tree","SpeciesName":"Jacaranda mimosifolia","CommonName":"Jacaranda","TreeHeight":4,"TreeCanopyNS":4,"Tree_Status":"Tree","Tree_Age":"Semi-Mature","DBH_in_cm":16,"Locality":"University of Sydney and Royal Prince Alfred Hospital","ParkName":"Not applicable","OBJECTID":29837}},{"type":"Feature","id":15774,"geometry":{"type":"Point","coordinates":[151.183583770251,-33.8950924631152]},"properties":{"asset_id":"TS14994","TreeType":"Street Tree","SpeciesName":"Melaleuca quinquenervia","CommonName":"Broad Leaf Paperbark","TreeHeight":13,"TreeCanopyNS":9,"Tree_Status":"Tree","Tree_Age":"Mature","DBH_in_cm":55,"Locality":"North Newtown","ParkName":"Not applicable","OBJECTID":15774}},{"type":"Feature","id":10936,"geometry":{"type":"Point","coordinates":[151.181769870336,-33.8970878369348]},"properties":{"asset_id":"TS10440","TreeType":"Street Tree","SpeciesName":"Melaleuca quinquenervia","CommonName":"Broad Leaf Paperbark","TreeHeight":12,"TreeCanopyNS":12,"Tree_Status":"Tree","Tree_Age":"Mature","DBH_in_cm":70,"Locality":"North Newtown","ParkName":"Not applicable","OBJECTID":10936}},{"type":"Feature","id":32748,"geometry":{"type":"Point","coordinates":[151.18918845855,-33.8981072589341]},"properties":{"asset_id":"TS34208","TreeType":"Street Tree","SpeciesName":"Lophostemon confertus","CommonName":"Brush Box","TreeHeight":4,"TreeCanopyNS":1,"Tree_Status":"Tree","Tree_Age":"Semi-Mature","DBH_in_cm":5,"Locality":"Erskineville Oval","ParkName":"Not applicable","OBJECTID":32748}},{"type":"Feature","id":27181,"geometry":{"type":"Point","coordinates":[151.189913345037,-33.8989696944214]},"properties":{"asset_id":"TP02051","TreeType":"Park Tree","SpeciesName":"Eucalyptus microcorys","CommonName":"Tallow Wood","TreeHeight":15,"TreeCanopyNS":8,"Tree_Status":"Tree","Tree_Age":"Mature","DBH_in_cm":53,"Locality":"Erskineville Oval","ParkName":"Solander Park","OBJECTID":27181}},{"type":"Feature","id":21656,"geometry":{"type":"Point","coordinates":[151.179687164722,-33.898716802343]},"properties":{"asset_id":"TS31493","TreeType":"Street Tree","SpeciesName":"Elaeocarpus reticulatus","CommonName":"Blueberry Ash","TreeHeight":4,"TreeCanopyNS":3,"Tree_Status":"Tree","Tree_Age":"Semi-Mature","DBH_in_cm":7,"Locality":"Erskineville Neighbourhood South","ParkName":"Not applicable","OBJECTID":21656}},{"type":"Feature","id":22959,"geometry":{"type":"Point","coordinates":[151.187998942165,-33.8921278483257]},"properties":{"asset_id":"TS15870","TreeType":"Street Tree","SpeciesName":"Ficus benjamina","CommonName":"Weeping Fig","TreeHeight":14,"TreeCanopyNS":16,"Tree_Status":"Tree","Tree_Age":"Mature","DBH_in_cm":71,"Locality":"Darlington and West Redfern","ParkName":"Not applicable","OBJECTID":22959}},{"type":"Feature","id":9846,"geometry":{"type":"Point","coordinates":[151.178347168633,-33.8895481774207]},"properties":{"asset_id":"TS24438","TreeType":"Street Tree","SpeciesName":"Fraxinus excelsior Aurea","CommonName":"Golden Ash","TreeHeight":8,"TreeCanopyNS":8,"Tree_Status":"Tree","Tree_Age":"Mature","DBH_in_cm":31,"Locality":"Camperdown","ParkName":"Not applicable","OBJECTID":9846}},{"type":"Feature","id":11174,"geometry":{"type":"Point","coordinates":[151.180095992839,-33.8931158626011]},"properties":{"asset_id":"TS01044","TreeType":"Street Tree","SpeciesName":"Tristaniopsis laurina","CommonName":"Water Gum","TreeHeight":5,"TreeCanopyNS":3,"Tree_Status":"Tree","Tree_Age":"Semi-Mature","DBH_in_cm":15,"Locality":"North Newtown","ParkName":"Not applicable","OBJECTID":11174}},{"type":"Feature","id":12164,"geometry":{"type":"Point","coordinates":[151.183185461378,-33.8914501617331]},"properties":{"asset_id":"TS23514","TreeType":"Street Tree","SpeciesName":"Jacaranda mimosifolia","CommonName":"Jacaranda","TreeHeight":6,"TreeCanopyNS":5,"Tree_Status":"Tree","Tree_Age":"Semi-Mature","DBH_in_cm":26,"Locality":"North Newtown","ParkName":"Not applicable","OBJECTID":12164}},{"type":"Feature","id":14795,"geometry":{"type":"Point","coordinates":[151.181790399419,-33.8963500705802]},"properties":{"asset_id":"TS15219","TreeType":"Street Tree","SpeciesName":"Koelreuteria paniculata","CommonName":"Golden Rain Tree","TreeHeight":4,"TreeCanopyNS":2,"Tree_Status":"Tree","Tree_Age":"Semi-Mature","DBH_in_cm":17,"Locality":"North Newtown","ParkName":"Not applicable","OBJECTID":14795}},{"type":"Feature","id":27158,"geometry":{"type":"Point","coordinates":[151.189685920195,-33.8987604854045]},"properties":{"asset_id":"TP02080","TreeType":"Park Tree","SpeciesName":"Syagrus romanzoffianum","CommonName":"Cocos Palm","TreeHeight":12,"TreeCanopyNS":5,"Tree_Status":"Tree","Tree_Age":"Mature","DBH_in_cm":30,"Locality":"Erskineville Oval","ParkName":"Solander Park","OBJECTID":27158}},{"type":"Feature","id":12897,"geometry":{"type":"Point","coordinates":[151.187331918296,-33.893189475849]},"properties":{"asset_id":"TS13179","TreeType":"Street Tree","SpeciesName":"Jacaranda mimosifolia","CommonName":"Jacaranda","TreeHeight":9,"TreeCanopyNS":8,"Tree_Status":"Tree","Tree_Age":"Mature","DBH_in_cm":31,"Locality":"North Newtown","ParkName":"Not applicable","OBJECTID":12897}},{"type":"Feature","id":7733,"geometry":{"type":"Point","coordinates":[151.182501963461,-33.8905490732896]},"properties":{"asset_id":"TS22163","TreeType":"Street Tree","SpeciesName":"Flindersia australis","CommonName":"Crows Ash","TreeHeight":7,"TreeCanopyNS":4,"Tree_Status":"Tree","Tree_Age":"Semi-Mature","DBH_in_cm":19,"Locality":"University of Sydney and Royal Prince Alfred Hospital","ParkName":"Not applicable","OBJECTID":7733}},{"type":"Feature","id":12310,"geometry":{"type":"Point","coordinates":[151.179925453635,-33.891259286397]},"properties":{"asset_id":"TS24221","TreeType":"Street Tree","SpeciesName":"Hymenosporum flavum","CommonName":"Australian Frangipani","TreeHeight":5,"TreeCanopyNS":3,"Tree_Status":"Tree","Tree_Age":"Semi-Mature","DBH_in_cm":14,"Locality":"North Newtown","ParkName":"Not applicable","OBJECTID":12310}},{"type":"Feature","id":13072,"geometry":{"type":"Point","coordinates":[151.183544303181,-33.898421625912]},"properties":{"asset_id":"TS14050","TreeType":"Street Tree","SpeciesName":"Auranticarpa rhombifolia","CommonName":"Diamond Pittosporum","TreeHeight":7,"TreeCanopyNS":4,"Tree_Status":"Tree","Tree_Age":"Semi-Mature","DBH_in_cm":16,"Locality":"Erskineville Neighbourhood North","ParkName":"Not applicable","OBJECTID":13072}},{"type":"Feature","id":11569,"geometry":{"type":"Point","coordinates":[151.184392779267,-33.8975988607406]},"properties":{"asset_id":"TS04492","TreeType":"Street Tree","SpeciesName":"Tristaniopsis laurina","CommonName":"Water Gum","TreeHeight":6,"TreeCanopyNS":4,"Tree_Status":"Tree","Tree_Age":"Mature","DBH_in_cm":22,"Locality":"Erskineville Neighbourhood North","ParkName":"Not applicable","OBJECTID":11569}},{"type":"Feature","id":29127,"geometry":{"type":"Point","coordinates":[151.185331453449,-33.8971472198288]},"properties":{"asset_id":"TP00846","TreeType":"Street Tree","SpeciesName":"Casuarina glauca","CommonName":"Swamp Oak","TreeHeight":15,"TreeCanopyNS":11,"Tree_Status":"Tree","Tree_Age":"Mature","DBH_in_cm":60,"Locality":"Erskineville Neighbourhood North","ParkName":"Not applicable","OBJECTID":29127}},{"type":"Feature","id":21061,"geometry":{"type":"Point","coordinates":[151.183065772896,-33.8941921952677]},"properties":{"asset_id":"TS15005","TreeType":"Street Tree","SpeciesName":"Melaleuca quinquenervia","CommonName":"Broad Leaf Paperbark","TreeHeight":12,"TreeCanopyNS":7,"Tree_Status":"Tree","Tree_Age":"Mature","DBH_in_cm":58,"Locality":"North Newtown","ParkName":"Not applicable","OBJECTID":21061}},{"type":"Feature","id":28294,"geometry":{"type":"Point","coordinates":[151.181945165305,-33.8978770074367]},"properties":{"asset_id":"TP03868","TreeType":"Park Tree","SpeciesName":"Elaeocarpus reticulatus","CommonName":"Blueberry Ash","TreeHeight":2,"TreeCanopyNS":2,"Tree_Status":"Tree","Tree_Age":"Semi-Mature","DBH_in_cm":8,"Locality":"Erskineville Neighbourhood North","ParkName":"Green Ban Park","OBJECTID":28294}},{"type":"Feature","id":15482,"geometry":{"type":"Point","coordinates":[151.187718062797,-33.8942775116702]},"properties":{"asset_id":"TS13157","TreeType":"Street Tree","SpeciesName":"Tristaniopsis laurina","CommonName":"Water Gum","TreeHeight":6,"TreeCanopyNS":5,"Tree_Status":"Tree","Tree_Age":"Semi-Mature","DBH_in_cm":16,"Locality":"North Newtown","ParkName":"Not applicable","OBJECTID":15482}},{"type":"Feature","id":47719,"geometry":{"type":"Point","coordinates":[151.17992833349,-33.8987920545694]},"properties":{"asset_id":"TS11782","TreeType":"Street Tree","SpeciesName":"Pyrus calleryana 'Chanticleer'","CommonName":"Callery Pear","TreeHeight":3,"TreeCanopyNS":1,"Tree_Status":"Tree","Tree_Age":"Young","DBH_in_cm":16,"Locality":"Erskineville Neighbourhood South","ParkName":"Not applicable","OBJECTID":47719}},{"type":"Feature","id":42973,"geometry":{"type":"Point","coordinates":[151.182436704393,-33.8908270169695]},"properties":{"asset_id":"TS31719","TreeType":"Street Tree","SpeciesName":"Flindersia australis","CommonName":"Crows Ash","TreeHeight":2,"TreeCanopyNS":1,"Tree_Status":"Tree","Tree_Age":"Young","DBH_in_cm":4,"Locality":"Camperdown","ParkName":"Not applicable","OBJECTID":42973}},{"type":"Feature","id":11792,"geometry":{"type":"Point","coordinates":[151.185075196595,-33.8960490081806]},"properties":{"asset_id":"TS06183","TreeType":"Street Tree","SpeciesName":"Tristaniopsis laurina","CommonName":"Water Gum","TreeHeight":10,"TreeCanopyNS":8,"Tree_Status":"Tree","Tree_Age":"Mature","DBH_in_cm":42,"Locality":"North Newtown","ParkName":"Not applicable","OBJECTID":11792}},{"type":"Feature","id":16169,"geometry":{"type":"Point","coordinates":[151.182484763,-33.8953446961023]},"properties":{"asset_id":"TS06074","TreeType":"Street Tree","SpeciesName":"Liquidambar styraciflua","CommonName":"Liquidamber or Sweet Gum","TreeHeight":12,"TreeCanopyNS":5,"Tree_Status":"Tree","Tree_Age":"Mature","DBH_in_cm":34,"Locality":"North Newtown","ParkName":"Not applicable","OBJECTID":16169}},{"type":"Feature","id":29104,"geometry":{"type":"Point","coordinates":[151.182203460802,-33.8940732468179]},"properties":{"asset_id":"TP01116","TreeType":"Park Tree","SpeciesName":"Ulmus parvifolia","CommonName":"Chinese Elm","TreeHeight":20,"TreeCanopyNS":18,"Tree_Status":"Tree","Tree_Age":"Mature","DBH_in_cm":55,"Locality":"North Newtown","ParkName":"MJ Hayes Playground","OBJECTID":29104}},{"type":"Feature","id":13636,"geometry":{"type":"Point","coordinates":[151.188038876891,-33.8935420871805]},"properties":{"asset_id":"TS08165","TreeType":"Street Tree","SpeciesName":"Callistemon viminalis","CommonName":"Weeping Bottlebrush","TreeHeight":7,"TreeCanopyNS":4,"Tree_Status":"Tree","Tree_Age":"Mature","DBH_in_cm":22,"Locality":"North Newtown","ParkName":"Not applicable","OBJECTID":13636}},{"type":"Feature","id":43405,"geometry":{"type":"Point","coordinates":[151.181747837869,-33.8888753238209]},"properties":{"asset_id":"TS35581","TreeType":"Street Tree","SpeciesName":"Flindersia australis","CommonName":"Crows Ash","TreeHeight":2,"TreeCanopyNS":1,"Tree_Status":"Tree","Tree_Age":"Young","DBH_in_cm":3,"Locality":"University of Sydney and Royal Prince Alfred Hospital","ParkName":"Not applicable","OBJECTID":43405}},{"type":"Feature","id":9362,"geometry":{"type":"Point","coordinates":[151.179557833805,-33.8910601608833]},"properties":{"asset_id":"TS23427","TreeType":"Street Tree","SpeciesName":"Platanus acerifolia","CommonName":"London Plane","TreeHeight":20,"TreeCanopyNS":19,"Tree_Status":"Tree","Tree_Age":"Mature","DBH_in_cm":62,"Locality":"North Newtown","ParkName":"Not applicable","OBJECTID":9362}},{"type":"Feature","id":26674,"geometry":{"type":"Point","coordinates":[151.182681343042,-33.8982292693861]},"properties":{"asset_id":"TP01529","TreeType":"Street Tree","SpeciesName":"Brachychiton populneus","CommonName":"Kurrajong","TreeHeight":6,"TreeCanopyNS":3,"Tree_Status":"Tree","Tree_Age":"Semi-Mature","DBH_in_cm":16,"Locality":"Erskineville Neighbourhood North","ParkName":"Not applicable","OBJECTID":26674}},{"type":"Feature","id":24765,"geometry":{"type":"Point","coordinates":[151.189518023208,-33.8940627697017]},"properties":{"asset_id":"TS17405","TreeType":"Street Tree","SpeciesName":"Platanus acerifolia","CommonName":"London Plane","TreeHeight":11,"TreeCanopyNS":11,"Tree_Status":"Tree","Tree_Age":"Mature","DBH_in_cm":38,"Locality":"Darlington and West Redfern","ParkName":"Not applicable","OBJECTID":24765}},{"type":"Feature","id":46654,"geometry":{"type":"Point","coordinates":[151.188034839424,-33.8943820847951]},"properties":{"asset_id":"TS15286","TreeType":"Street Tree","SpeciesName":"Koelreuteria paniculata","CommonName":"Golden Rain Tree","TreeHeight":3,"TreeCanopyNS":2,"Tree_Status":"Tree","Tree_Age":"Young","DBH_in_cm":5,"Locality":"North Newtown","ParkName":"Not applicable","OBJECTID":46654}},{"type":"Feature","id":33919,"geometry":{"type":"Point","coordinates":[151.188875668462,-33.8980895843039]},"properties":{"asset_id":"TP04191","TreeType":"Park Tree","SpeciesName":"Casuarina glauca","CommonName":"Swamp Oak","TreeHeight":14,"TreeCanopyNS":15,"Tree_Status":"Tree","Tree_Age":"Mature","DBH_in_cm":69,"Locality":null,"ParkName":"South Sydney Rotary Park #1","OBJECTID":33919}},{"type":"Feature","id":12705,"geometry":{"type":"Point","coordinates":[151.178906398431,-33.8909772198387]},"properties":{"asset_id":"TS25477","TreeType":"Street Tree","SpeciesName":"Celtis occidentalis","CommonName":"American Hackberry","TreeHeight":16,"TreeCanopyNS":17,"Tree_Status":"Tree","Tree_Age":"Mature","DBH_in_cm":80,"Locality":"Camperdown","ParkName":"Not applicable","OBJECTID":12705}},{"type":"Feature","id":30029,"geometry":{"type":"Point","coordinates":[151.181940501971,-33.8916424366106]},"properties":{"asset_id":"TP02576","TreeType":"Street Tree","SpeciesName":"Corymbia citriodora","CommonName":"Lemon Scented Gum","TreeHeight":11,"TreeCanopyNS":7,"Tree_Status":"Tree","Tree_Age":"Semi-Mature","DBH_in_cm":25,"Locality":"North Newtown","ParkName":"Not applicable","OBJECTID":30029}},{"type":"Feature","id":27029,"geometry":{"type":"Point","coordinates":[151.184874441464,-33.894980289098]},"properties":{"asset_id":"TP01603","TreeType":"Park Tree","SpeciesName":"Elaeocarpus reticulatus","CommonName":"Blueberry Ash","TreeHeight":3,"TreeCanopyNS":2,"Tree_Status":"Tree","Tree_Age":"Semi-Mature","DBH_in_cm":6,"Locality":"North Newtown","ParkName":"Jack Haynes Rest Area","OBJECTID":27029}},{"type":"Feature","id":23531,"geometry":{"type":"Point","coordinates":[151.186356615809,-33.8960117970521]},"properties":{"asset_id":"TS31482","TreeType":"Street Tree","SpeciesName":"Robinia pseudoacacia 'Frisia'","CommonName":"Golden Robinia","TreeHeight":6,"TreeCanopyNS":5,"Tree_Status":"Tree","Tree_Age":"Semi-Mature","DBH_in_cm":12,"Locality":"North Newtown","ParkName":"Not applicable","OBJECTID":23531}},{"type":"Feature","id":8426,"geometry":{"type":"Point","coordinates":[151.181177586766,-33.8939423186719]},"properties":{"asset_id":"TS02354","TreeType":"Street Tree","SpeciesName":"Callistemon viminalis","CommonName":"Weeping Bottlebrush","TreeHeight":10,"TreeCanopyNS":6,"Tree_Status":"Tree","Tree_Age":"Mature","DBH_in_cm":37,"Locality":"North Newtown","ParkName":"Not applicable","OBJECTID":8426}},{"type":"Feature","id":5094,"geometry":{"type":"Point","coordinates":[151.178012504311,-33.8900471165619]},"properties":{"asset_id":"TS25088","TreeType":"Street Tree","SpeciesName":"Lophostemon confertus","CommonName":"Brush Box","TreeHeight":3,"TreeCanopyNS":2,"Tree_Status":"Tree","Tree_Age":"Semi-Mature","DBH_in_cm":7,"Locality":"Camperdown","ParkName":"Not applicable","OBJECTID":5094}},{"type":"Feature","id":18313,"geometry":{"type":"Point","coordinates":[151.189536945174,-33.8932340818873]},"properties":{"asset_id":"TS00145","TreeType":"Street Tree","SpeciesName":"Nyssa sylvatica","CommonName":"Black Tupelo","TreeHeight":5,"TreeCanopyNS":3,"Tree_Status":"Tree","Tree_Age":"Semi-Mature","DBH_in_cm":14,"Locality":"Darlington and West Redfern","ParkName":"Not applicable","OBJECTID":18313}},{"type":"Feature","id":7739,"geometry":{"type":"Point","coordinates":[151.182583470375,-33.890809975708]},"properties":{"asset_id":"TS22166","TreeType":"Street Tree","SpeciesName":"Flindersia australis","CommonName":"Crows Ash","TreeHeight":10,"TreeCanopyNS":7,"Tree_Status":"Tree","Tree_Age":"Mature","DBH_in_cm":31,"Locality":"University of Sydney and Royal Prince Alfred Hospital","ParkName":"Not applicable","OBJECTID":7739}},{"type":"Feature","id":13312,"geometry":{"type":"Point","coordinates":[151.184650117889,-33.8976714565691]},"properties":{"asset_id":"TS06574","TreeType":"Street Tree","SpeciesName":"Liquidambar styraciflua","CommonName":"Liquidamber or Sweet Gum","TreeHeight":14,"TreeCanopyNS":18,"Tree_Status":"Tree","Tree_Age":"Mature","DBH_in_cm":86,"Locality":"Erskineville Neighbourhood North","ParkName":"Not applicable","OBJECTID":13312}},{"type":"Feature","id":39375,"geometry":{"type":"Point","coordinates":[151.184400469881,-33.8970932813528]},"properties":{"asset_id":"TS35127","TreeType":"Street Tree","SpeciesName":"Populus nigra Italica","CommonName":"Lombardy Poplar","TreeHeight":13,"TreeCanopyNS":7,"Tree_Status":"Tree","Tree_Age":"Mature","DBH_in_cm":52,"Locality":"Erskineville Neighbourhood North","ParkName":"Not applicable","OBJECTID":39375}},{"type":"Feature","id":46940,"geometry":{"type":"Point","coordinates":[151.183296445903,-33.8958272869494]},"properties":{"asset_id":"TS40657","TreeType":"Street Tree","SpeciesName":"Koelreuteria paniculata","CommonName":"Golden Rain Tree","TreeHeight":3,"TreeCanopyNS":2,"Tree_Status":"Tree","Tree_Age":"Young","DBH_in_cm":4,"Locality":"North Newtown","ParkName":"Not applicable","OBJECTID":46940}},{"type":"Feature","id":28300,"geometry":{"type":"Point","coordinates":[151.181930434391,-33.8979392801456]},"properties":{"asset_id":"TP03866","TreeType":"Park Tree","SpeciesName":"Corymbia maculata","CommonName":"Spotted Gum","TreeHeight":19,"TreeCanopyNS":9,"Tree_Status":"Tree","Tree_Age":"Mature","DBH_in_cm":57,"Locality":"Erskineville Neighbourhood North","ParkName":"Green Ban Park","OBJECTID":28300}},{"type":"Feature","id":33953,"geometry":{"type":"Point","coordinates":[151.188861484016,-33.8980393293958]},"properties":{"asset_id":"TP04165","TreeType":"Park Tree","SpeciesName":"Ficus rubiginosa","CommonName":"Port Jackson or Rusty Fig","TreeHeight":10,"TreeCanopyNS":11,"Tree_Status":"Tree","Tree_Age":"Semi-Mature","DBH_in_cm":49,"Locality":null,"ParkName":"South Sydney Rotary Park #1","OBJECTID":33953}},{"type":"Feature","id":37949,"geometry":{"type":"Point","coordinates":[151.188112458666,-33.8984822454289]},"properties":{"asset_id":"TS34947","TreeType":"Street Tree","SpeciesName":"Melaleuca styphelioides","CommonName":"Prickly Paperbark","TreeHeight":6,"TreeCanopyNS":3,"Tree_Status":"Tree","Tree_Age":"Semi-Mature","DBH_in_cm":15,"Locality":"Erskineville Oval","ParkName":"Not applicable","OBJECTID":37949}},{"type":"Feature","id":15313,"geometry":{"type":"Point","coordinates":[151.189313720194,-33.8989901862736]},"properties":{"asset_id":"TS12153","TreeType":"Street Tree","SpeciesName":"Eucalyptus pilularis","CommonName":"Blackbutt","TreeHeight":17,"TreeCanopyNS":10,"Tree_Status":"Tree","Tree_Age":"Mature","DBH_in_cm":48,"Locality":"Erskineville Oval","ParkName":"Not applicable","OBJECTID":15313}},{"type":"Feature","id":9376,"geometry":{"type":"Point","coordinates":[151.18339624693,-33.8914328014117]},"properties":{"asset_id":"TS23486","TreeType":"Street Tree","SpeciesName":"Jacaranda mimosifolia","CommonName":"Jacaranda","TreeHeight":6,"TreeCanopyNS":5,"Tree_Status":"Tree","Tree_Age":"Semi-Mature","DBH_in_cm":24,"Locality":"University of Sydney and Royal Prince Alfred Hospital","ParkName":"Not applicable","OBJECTID":9376}},{"type":"Feature","id":44639,"geometry":{"type":"Point","coordinates":[151.181809110178,-33.8914801686169]},"properties":{"asset_id":"TS23448","TreeType":"Street Tree","SpeciesName":"Celtis australis","CommonName":"Chinese Hackberry","TreeHeight":2,"TreeCanopyNS":1,"Tree_Status":"Tree","Tree_Age":"Young","DBH_in_cm":2,"Locality":"Camperdown","ParkName":"Not applicable","OBJECTID":44639}},{"type":"Feature","id":18708,"geometry":{"type":"Point","coordinates":[151.181826783281,-33.8921707075251]},"properties":{"asset_id":"TS03431","TreeType":"Street Tree","SpeciesName":"Pistacia chinensis","CommonName":"Chinese Pistacia","TreeHeight":9,"TreeCanopyNS":7,"Tree_Status":"Tree","Tree_Age":"Mature","DBH_in_cm":32,"Locality":"North Newtown","ParkName":"Not applicable","OBJECTID":18708}},{"type":"Feature","id":10347,"geometry":{"type":"Point","coordinates":[151.185055346275,-33.8963682904973]},"properties":{"asset_id":"TS06198","TreeType":"Street Tree","SpeciesName":"Cupaniopsis anacardioides","CommonName":"Tuckeroo","TreeHeight":8,"TreeCanopyNS":8,"Tree_Status":"Tree","Tree_Age":"Mature","DBH_in_cm":43,"Locality":"North Newtown","ParkName":"Not applicable","OBJECTID":10347}},{"type":"Feature","id":29983,"geometry":{"type":"Point","coordinates":[151.182120503019,-33.8984452534551]},"properties":{"asset_id":"TP03913","TreeType":"Park Tree","SpeciesName":"Liriodendron tulipifera","CommonName":"Tulip Tree","TreeHeight":7,"TreeCanopyNS":5,"Tree_Status":"Tree","Tree_Age":"Semi-Mature","DBH_in_cm":17,"Locality":"Erskineville Road Village Centre","ParkName":"Green Bans Park","OBJECTID":29983}},{"type":"Feature","id":17096,"geometry":{"type":"Point","coordinates":[151.184283403951,-33.8931381694718]},"properties":{"asset_id":"TS02453","TreeType":"Street Tree","SpeciesName":"Platanus acerifolia","CommonName":"London Plane","TreeHeight":8,"TreeCanopyNS":6,"Tree_Status":"Tree","Tree_Age":"Mature","DBH_in_cm":28,"Locality":"North Newtown","ParkName":"Not applicable","OBJECTID":17096}},{"type":"Feature","id":15768,"geometry":{"type":"Point","coordinates":[151.183759621469,-33.8955195030399]},"properties":{"asset_id":"TS14988","TreeType":"Street Tree","SpeciesName":"Jacaranda mimosifolia","CommonName":"Jacaranda","TreeHeight":9,"TreeCanopyNS":6,"Tree_Status":"Tree","Tree_Age":"Mature","DBH_in_cm":32,"Locality":"North Newtown","ParkName":"Not applicable","OBJECTID":15768}},{"type":"Feature","id":15519,"geometry":{"type":"Point","coordinates":[151.18658915847,-33.8950184430898]},"properties":{"asset_id":"TS13394","TreeType":"Street Tree","SpeciesName":"Cinnamomum camphora","CommonName":"Camphor Laurel","TreeHeight":14,"TreeCanopyNS":16,"Tree_Status":"Tree","Tree_Age":"Mature","DBH_in_cm":86,"Locality":"North Newtown","ParkName":"Not applicable","OBJECTID":15519}},{"type":"Feature","id":10942,"geometry":{"type":"Point","coordinates":[151.181164975506,-33.8973621397697]},"properties":{"asset_id":"TS10435","TreeType":"Street Tree","SpeciesName":"Melaleuca quinquenervia","CommonName":"Broad Leaf Paperbark","TreeHeight":12,"TreeCanopyNS":8,"Tree_Status":"Tree","Tree_Age":"Mature","DBH_in_cm":62,"Locality":"North Newtown","ParkName":"Not applicable","OBJECTID":10942}},{"type":"Feature","id":11784,"geometry":{"type":"Point","coordinates":[151.183183354039,-33.8973200632452]},"properties":{"asset_id":"TS06091","TreeType":"Street Tree","SpeciesName":"Fraxinus griffithii","CommonName":"Evergreen Ash","TreeHeight":4,"TreeCanopyNS":2,"Tree_Status":"Tree","Tree_Age":"Mature","DBH_in_cm":12,"Locality":"North Newtown","ParkName":"Not applicable","OBJECTID":11784}},{"type":"Feature","id":38244,"geometry":{"type":"Point","coordinates":[151.180652055672,-33.887864258806]},"properties":{"asset_id":"TS35579","TreeType":"Street Tree","SpeciesName":"Flindersia australis","CommonName":"Crows Ash","TreeHeight":5,"TreeCanopyNS":4,"Tree_Status":"Tree","Tree_Age":"Semi-Mature","DBH_in_cm":15,"Locality":"Camperdown","ParkName":"Not applicable","OBJECTID":38244}},{"type":"Feature","id":43153,"geometry":{"type":"Point","coordinates":[151.178897193656,-33.8878599675784]},"properties":{"asset_id":"TS44794","TreeType":"Street Tree","SpeciesName":"Caesalpinia ferrea","CommonName":"Leopard Tree","TreeHeight":3,"TreeCanopyNS":2,"Tree_Status":"Tree","Tree_Age":"Young","DBH_in_cm":6,"Locality":"Camperdown","ParkName":"Not applicable","OBJECTID":43153}},{"type":"Feature","id":43159,"geometry":{"type":"Point","coordinates":[151.178187512344,-33.8880715702459]},"properties":{"asset_id":"TS44796","TreeType":"Street Tree","SpeciesName":"Caesalpinia ferrea","CommonName":"Leopard Tree","TreeHeight":2,"TreeCanopyNS":1,"Tree_Status":"Tree","Tree_Age":"Young","DBH_in_cm":3,"Locality":"Camperdown","ParkName":"Not applicable","OBJECTID":43159}},{"type":"Feature","id":19449,"geometry":{"type":"Point","coordinates":[151.189767447361,-33.8915266958863]},"properties":{"asset_id":"TS01567","TreeType":"Street Tree","SpeciesName":"Populus deltoides","CommonName":"Cottonwood","TreeHeight":13,"TreeCanopyNS":9,"Tree_Status":"Tree","Tree_Age":"Mature","DBH_in_cm":57,"Locality":"University of Sydney and Royal Prince Alfred Hospital","ParkName":"Not applicable","OBJECTID":19449}},{"type":"Feature","id":12170,"geometry":{"type":"Point","coordinates":[151.186917793591,-33.8912220148518]},"properties":{"asset_id":"TS23511","TreeType":"Street Tree","SpeciesName":"Jacaranda mimosifolia","CommonName":"Jacaranda","TreeHeight":9,"TreeCanopyNS":11,"Tree_Status":"Tree","Tree_Age":"Mature","DBH_in_cm":37,"Locality":"University of Sydney and Royal Prince Alfred Hospital","ParkName":"Not applicable","OBJECTID":12170}},{"type":"Feature","id":24957,"geometry":{"type":"Point","coordinates":[151.186449105516,-33.8913628190097]},"properties":{"asset_id":"TS23506","TreeType":"Street Tree","SpeciesName":"Jacaranda mimosifolia","CommonName":"Jacaranda","TreeHeight":5,"TreeCanopyNS":4,"Tree_Status":"Tree","Tree_Age":"Semi-Mature","DBH_in_cm":17,"Locality":"University of Sydney and Royal Prince Alfred Hospital","ParkName":"Not applicable","OBJECTID":24957}},{"type":"Feature","id":40259,"geometry":{"type":"Point","coordinates":[151.182412261474,-33.8907457706324]},"properties":{"asset_id":"TS31718","TreeType":"Street Tree","SpeciesName":"Flindersia australis","CommonName":"Crows Ash","TreeHeight":2,"TreeCanopyNS":1,"Tree_Status":"Tree","Tree_Age":"Young","DBH_in_cm":3,"Locality":"Camperdown","ParkName":"Not applicable","OBJECTID":40259}},{"type":"Feature","id":18963,"geometry":{"type":"Point","coordinates":[151.181257035459,-33.8927010820712]},"properties":{"asset_id":"TS00897","TreeType":"Street Tree","SpeciesName":"Tristaniopsis laurina","CommonName":"Water Gum","TreeHeight":6,"TreeCanopyNS":4,"Tree_Status":"Tree","Tree_Age":"Mature","DBH_in_cm":34,"Locality":"North Newtown","ParkName":"Not applicable","OBJECTID":18963}},{"type":"Feature","id":13504,"geometry":{"type":"Point","coordinates":[151.182263253696,-33.8969367754502]},"properties":{"asset_id":"TS29287","TreeType":"Street Tree","SpeciesName":"Melaleuca quinquenervia","CommonName":"Broad Leaf Paperbark","TreeHeight":13,"TreeCanopyNS":11,"Tree_Status":"Tree","Tree_Age":"Mature","DBH_in_cm":82,"Locality":"North Newtown","ParkName":"Not applicable","OBJECTID":13504}},{"type":"Feature","id":4645,"geometry":{"type":"Point","coordinates":[151.183246037299,-33.8973676076006]},"properties":{"asset_id":"TS06098","TreeType":"Street Tree","SpeciesName":"Tristaniopsis laurina","CommonName":"Water Gum","TreeHeight":5,"TreeCanopyNS":5,"Tree_Status":"Tree","Tree_Age":"Mature","DBH_in_cm":20,"Locality":"Erskineville Neighbourhood North","ParkName":"Not applicable","OBJECTID":4645}},{"type":"Feature","id":41779,"geometry":{"type":"Point","coordinates":[151.178599829885,-33.889493571715]},"properties":{"asset_id":"TS40673","TreeType":"Street Tree","SpeciesName":"Corymbia maculata","CommonName":"Spotted Gum","TreeHeight":11,"TreeCanopyNS":3,"Tree_Status":"Tree","Tree_Age":"Young","DBH_in_cm":15,"Locality":"Camperdown","ParkName":"Not applicable","OBJECTID":41779}},{"type":"Feature","id":39369,"geometry":{"type":"Point","coordinates":[151.18431652541,-33.8971202681026]},"properties":{"asset_id":"TS35124","TreeType":"Street Tree","SpeciesName":"Callistemon viminalis","CommonName":"Weeping Bottlebrush","TreeHeight":7,"TreeCanopyNS":3,"Tree_Status":"Tree","Tree_Age":"Mature","DBH_in_cm":17,"Locality":"Erskineville Neighbourhood North","ParkName":"Not applicable","OBJECTID":39369}},{"type":"Feature","id":11978,"geometry":{"type":"Point","coordinates":[151.185199795436,-33.8936695422503]},"properties":{"asset_id":"TS08599","TreeType":"Street Tree","SpeciesName":"Ficus rubiginosa","CommonName":"Port Jackson or Rusty Fig","TreeHeight":12,"TreeCanopyNS":11,"Tree_Status":"Tree","Tree_Age":"Mature","DBH_in_cm":100,"Locality":"North Newtown","ParkName":"Not applicable","OBJECTID":11978}},{"type":"Feature","id":17486,"geometry":{"type":"Point","coordinates":[151.186297387092,-33.895964485479]},"properties":{"asset_id":"TS10380","TreeType":"Street Tree","SpeciesName":"Melaleuca quinquenervia","CommonName":"Broad Leaf Paperbark","TreeHeight":11,"TreeCanopyNS":7,"Tree_Status":"Tree","Tree_Age":"Mature","DBH_in_cm":65,"Locality":"North Newtown","ParkName":"Not applicable","OBJECTID":17486}},{"type":"Feature","id":45372,"geometry":{"type":"Point","coordinates":[151.183040978597,-33.8943109486527]},"properties":{"asset_id":"TS15015","TreeType":"Street Tree","SpeciesName":"Caesalpinia ferrea","CommonName":"Leopard Tree","TreeHeight":3,"TreeCanopyNS":1,"Tree_Status":"Tree","Tree_Age":"Young","DBH_in_cm":8,"Locality":"North Newtown","ParkName":"Not applicable","OBJECTID":45372}},{"type":"Feature","id":4499,"geometry":{"type":"Point","coordinates":[151.180697247481,-33.8941418116138]},"properties":{"asset_id":"TS04354","TreeType":"Street Tree","SpeciesName":"Elaeocarpus reticulatus","CommonName":"Blueberry Ash","TreeHeight":10,"TreeCanopyNS":2,"Tree_Status":"Tree","Tree_Age":"Mature","DBH_in_cm":16,"Locality":"North Newtown","ParkName":"Not applicable","OBJECTID":4499}},{"type":"Feature","id":8240,"geometry":{"type":"Point","coordinates":[151.180450678645,-33.893954846585]},"properties":{"asset_id":"TS01060","TreeType":"Street Tree","SpeciesName":"Tristaniopsis laurina","CommonName":"Water Gum","TreeHeight":7,"TreeCanopyNS":5,"Tree_Status":"Tree","Tree_Age":"Mature","DBH_in_cm":23,"Locality":"North Newtown","ParkName":"Not applicable","OBJECTID":8240}},{"type":"Feature","id":33959,"geometry":{"type":"Point","coordinates":[151.188771323025,-33.8978949882273]},"properties":{"asset_id":"TP04162","TreeType":"Park Tree","SpeciesName":"Ficus rubiginosa","CommonName":"Port Jackson or Rusty Fig","TreeHeight":11,"TreeCanopyNS":15,"Tree_Status":"Tree","Tree_Age":"Mature","DBH_in_cm":69,"Locality":null,"ParkName":"South Sydney Rotary Park #1","OBJECTID":33959}},{"type":"Feature","id":15319,"geometry":{"type":"Point","coordinates":[151.189245161956,-33.898749767547]},"properties":{"asset_id":"TS12159","TreeType":"Street Tree","SpeciesName":"Syagrus romanzoffianum","CommonName":"Cocos Palm","TreeHeight":12,"TreeCanopyNS":5,"Tree_Status":"Tree","Tree_Age":"Mature","DBH_in_cm":35,"Locality":"Erskineville Oval","ParkName":"Not applicable","OBJECTID":15319}},{"type":"Feature","id":37895,"geometry":{"type":"Point","coordinates":[151.183305984751,-33.8931089678347]},"properties":{"asset_id":"TS32337","TreeType":"Street Tree","SpeciesName":"Flindersia australis","CommonName":"Crows Ash","TreeHeight":4,"TreeCanopyNS":2,"Tree_Status":"Tree","Tree_Age":"Semi-Mature","DBH_in_cm":9,"Locality":"North Newtown","ParkName":"Not applicable","OBJECTID":37895}},{"type":"Feature","id":12124,"geometry":{"type":"Point","coordinates":[151.181208172728,-33.8914019527368]},"properties":{"asset_id":"TS23455","TreeType":"Street Tree","SpeciesName":"Platanus acerifolia","CommonName":"London Plane","TreeHeight":15,"TreeCanopyNS":12,"Tree_Status":"Tree","Tree_Age":"Mature","DBH_in_cm":38,"Locality":"Camperdown","ParkName":"Not applicable","OBJECTID":12124}},{"type":"Feature","id":27862,"geometry":{"type":"Point","coordinates":[151.186443454873,-33.894469214859]},"properties":{"asset_id":"TP01627","TreeType":"Park Tree","SpeciesName":"Ficus macrophylla","CommonName":"Moreton Bay Fig","TreeHeight":8,"TreeCanopyNS":7,"Tree_Status":"Tree","Tree_Age":"Over-Mature","DBH_in_cm":52,"Locality":"North Newtown","ParkName":"Hollis Park","OBJECTID":27862}},{"type":"Feature","id":47043,"geometry":{"type":"Point","coordinates":[151.181125771089,-33.8983730357033]},"properties":{"asset_id":"TS04595","TreeType":"Street Tree","SpeciesName":"Tristaniopsis 'Luscious'","CommonName":"Water Gum","TreeHeight":4,"TreeCanopyNS":2,"Tree_Status":"Tree","Tree_Age":"Semi-Mature","DBH_in_cm":11,"Locality":"Erskineville Neighbourhood South","ParkName":"Not applicable","OBJECTID":47043}},{"type":"Feature","id":14878,"geometry":{"type":"Point","coordinates":[151.189571372399,-33.8938920437234]},"properties":{"asset_id":"TS17389","TreeType":"Street Tree","SpeciesName":"Koelreuteria paniculata","CommonName":"Golden Rain Tree","TreeHeight":4,"TreeCanopyNS":2,"Tree_Status":"Tree","Tree_Age":"Semi-Mature","DBH_in_cm":9,"Locality":"Darlington and West Redfern","ParkName":"Not applicable","OBJECTID":14878}},{"type":"Feature","id":10550,"geometry":{"type":"Point","coordinates":[151.188171690853,-33.8934589171751]},"properties":{"asset_id":"TS08143","TreeType":"Street Tree","SpeciesName":"Melaleuca quinquenervia","CommonName":"Broad Leaf Paperbark","TreeHeight":9,"TreeCanopyNS":8,"Tree_Status":"Tree","Tree_Age":"Mature","DBH_in_cm":44,"Locality":"Darlington and West Redfern","ParkName":"Not applicable","OBJECTID":10550}},{"type":"Feature","id":21370,"geometry":{"type":"Point","coordinates":[151.187762462147,-33.8943613050035]},"properties":{"asset_id":"TS13191","TreeType":"Street Tree","SpeciesName":"Grevillea sp.","CommonName":"Grevillea","TreeHeight":3,"TreeCanopyNS":3,"Tree_Status":"Tree","Tree_Age":"Mature","DBH_in_cm":8,"Locality":"North Newtown","ParkName":"Not applicable","OBJECTID":21370}},{"type":"Feature","id":47682,"geometry":{"type":"Point","coordinates":[151.187786213414,-33.8942199918116]},"properties":{"asset_id":"TS13188","TreeType":"Street Tree","SpeciesName":"Tristaniopsis laurina","CommonName":"Water Gum","TreeHeight":4,"TreeCanopyNS":2,"Tree_Status":"Tree","Tree_Age":"Young","DBH_in_cm":4,"Locality":"North Newtown","ParkName":"Not applicable","OBJECTID":47682}},{"type":"Feature","id":28755,"geometry":{"type":"Point","coordinates":[151.185101409865,-33.8933422955708]},"properties":{"asset_id":"TS33173","TreeType":"Street Tree","SpeciesName":"Lophostemon confertus","CommonName":"Brush Box","TreeHeight":13,"TreeCanopyNS":11,"Tree_Status":"Tree","Tree_Age":"Mature","DBH_in_cm":45,"Locality":"North Newtown","ParkName":"Not applicable","OBJECTID":28755}},{"type":"Feature","id":37672,"geometry":{"type":"Point","coordinates":[151.184018557927,-33.8914159181828]},"properties":{"asset_id":"TS34138","TreeType":"Street Tree","SpeciesName":"Jacaranda mimosifolia","CommonName":"Jacaranda","TreeHeight":5,"TreeCanopyNS":3,"Tree_Status":"Tree","Tree_Age":"Semi-Mature","DBH_in_cm":15,"Locality":"University of Sydney and Royal Prince Alfred Hospital","ParkName":"Not applicable","OBJECTID":37672}},{"type":"Feature","id":9356,"geometry":{"type":"Point","coordinates":[151.179941964657,-33.8911641268661]},"properties":{"asset_id":"TS23437","TreeType":"Street Tree","SpeciesName":"Platanus acerifolia","CommonName":"London Plane","TreeHeight":20,"TreeCanopyNS":20,"Tree_Status":"Tree","Tree_Age":"Mature","DBH_in_cm":60,"Locality":"North Newtown","ParkName":"Not applicable","OBJECTID":9356}},{"type":"Feature","id":28257,"geometry":{"type":"Point","coordinates":[151.182024535373,-33.8978872866007]},"properties":{"asset_id":"TP03882","TreeType":"Park Tree","SpeciesName":"Corymbia maculata","CommonName":"Spotted Gum","TreeHeight":13,"TreeCanopyNS":3,"Tree_Status":"Tree","Tree_Age":"Mature","DBH_in_cm":16,"Locality":"Erskineville Neighbourhood North","ParkName":"Green Ban Park","OBJECTID":28257}},{"type":"Feature","id":9854,"geometry":{"type":"Point","coordinates":[151.178054236151,-33.8896355510865]},"properties":{"asset_id":"TS24442","TreeType":"Street Tree","SpeciesName":"Waterhousea floribunda","CommonName":"Weeping Lilly Pilly","TreeHeight":9,"TreeCanopyNS":13,"Tree_Status":"Tree","Tree_Age":"Mature","DBH_in_cm":47,"Locality":"Camperdown","ParkName":"Not applicable","OBJECTID":9854}},{"type":"Feature","id":16873,"geometry":{"type":"Point","coordinates":[151.18893825966,-33.8932171644112]},"properties":{"asset_id":"TS08715","TreeType":"Street Tree","SpeciesName":"Fraxinus oxycarpa Raywoodii","CommonName":"Claret Ash","TreeHeight":6,"TreeCanopyNS":4,"Tree_Status":"Tree","Tree_Age":"Semi-Mature","DBH_in_cm":16,"Locality":"Darlington and West Redfern","ParkName":"Not applicable","OBJECTID":16873}},{"type":"Feature","id":27023,"geometry":{"type":"Point","coordinates":[151.184978917645,-33.8950711907405]},"properties":{"asset_id":"TP01995","TreeType":"Park Tree","SpeciesName":"Jacaranda mimosifolia","CommonName":"Jacaranda","TreeHeight":14,"TreeCanopyNS":10,"Tree_Status":"Tree","Tree_Age":"Mature","DBH_in_cm":52,"Locality":"North Newtown","ParkName":"Jack Haynes Rest Area","OBJECTID":27023}},{"type":"Feature","id":42392,"geometry":{"type":"Point","coordinates":[151.185896307905,-33.894479371999]},"properties":{"asset_id":"TS44266","TreeType":"Park Tree","SpeciesName":"Tristaniopsis 'Luscious'","CommonName":"Water Gum","TreeHeight":4,"TreeCanopyNS":2,"Tree_Status":"Tree","Tree_Age":"Young","DBH_in_cm":6,"Locality":"North Newtown","ParkName":"Hollis Park","OBJECTID":42392}},{"type":"Feature","id":47845,"geometry":{"type":"Point","coordinates":[151.181882782299,-33.8940306405621]},"properties":{"asset_id":"TS01741","TreeType":"Street Tree","SpeciesName":"Lagerstroemia indica","CommonName":"Crepe Myrtle","TreeHeight":3,"TreeCanopyNS":2,"Tree_Status":"Tree","Tree_Age":"Young","DBH_in_cm":5,"Locality":"North Newtown","ParkName":"Not applicable","OBJECTID":47845}},{"type":"Feature","id":23537,"geometry":{"type":"Point","coordinates":[151.187534341716,-33.8955909813211]},"properties":{"asset_id":"TS31774","TreeType":"Street Tree","SpeciesName":"Robinia pseudoacacia 'Frisia'","CommonName":"Golden Robinia","TreeHeight":8,"TreeCanopyNS":5,"Tree_Status":"Tree","Tree_Age":"Semi-Mature","DBH_in_cm":18,"Locality":"North Newtown","ParkName":"Not applicable","OBJECTID":23537}},{"type":"Feature","id":15473,"geometry":{"type":"Point","coordinates":[151.187188652894,-33.8930767242974]},"properties":{"asset_id":"TS13147","TreeType":"Street Tree","SpeciesName":"Tristaniopsis laurina","CommonName":"Water Gum","TreeHeight":7,"TreeCanopyNS":8,"Tree_Status":"Tree","Tree_Age":"Mature","DBH_in_cm":25,"Locality":"North Newtown","ParkName":"Not applicable","OBJECTID":15473}},{"type":"Feature","id":12153,"geometry":{"type":"Point","coordinates":[151.184217451953,-33.8912862052421]},"properties":{"asset_id":"TS23474","TreeType":"Street Tree","SpeciesName":"Jacaranda mimosifolia","CommonName":"Jacaranda","TreeHeight":14,"TreeCanopyNS":14,"Tree_Status":"Tree","Tree_Age":"Mature","DBH_in_cm":43,"Locality":"University of Sydney and Royal Prince Alfred Hospital","ParkName":"Not applicable","OBJECTID":12153}},{"type":"Feature","id":9734,"geometry":{"type":"Point","coordinates":[151.179882683805,-33.8911450358173]},"properties":{"asset_id":"TS24215","TreeType":"Street Tree","SpeciesName":"Platanus acerifolia","CommonName":"London Plane","TreeHeight":21,"TreeCanopyNS":20,"Tree_Status":"Tree","Tree_Age":"Mature","DBH_in_cm":64,"Locality":"North Newtown","ParkName":"Not applicable","OBJECTID":9734}},{"type":"Feature","id":11563,"geometry":{"type":"Point","coordinates":[151.183640031136,-33.8978697335974]},"properties":{"asset_id":"TS04486","TreeType":"Street Tree","SpeciesName":"Tristaniopsis laurina","CommonName":"Water Gum","TreeHeight":11,"TreeCanopyNS":8,"Tree_Status":"Tree","Tree_Age":"Mature","DBH_in_cm":53,"Locality":"Erskineville Neighbourhood North","ParkName":"Not applicable","OBJECTID":11563}},{"type":"Feature","id":27805,"geometry":{"type":"Point","coordinates":[151.186202304492,-33.8946844246881]},"properties":{"asset_id":"TP02206","TreeType":"Park Tree","SpeciesName":"Agathis robusta","CommonName":"Queensland Kauri","TreeHeight":14,"TreeCanopyNS":5,"Tree_Status":"Tree","Tree_Age":"Mature","DBH_in_cm":45,"Locality":"North Newtown","ParkName":"Hollis Park","OBJECTID":27805}},{"type":"Feature","id":8097,"geometry":{"type":"Point","coordinates":[151.189741269378,-33.8930212095487]},"properties":{"asset_id":"TS00158","TreeType":"Street Tree","SpeciesName":"Liquidambar styraciflua","CommonName":"Liquidamber or Sweet Gum","TreeHeight":11,"TreeCanopyNS":6,"Tree_Status":"Tree","Tree_Age":"Semi-Mature","DBH_in_cm":30,"Locality":"Darlington and West Redfern","ParkName":"Not applicable","OBJECTID":8097}},{"type":"Feature","id":11798,"geometry":{"type":"Point","coordinates":[151.188103765891,-33.8987602126545]},"properties":{"asset_id":"TS06650","TreeType":"Street Tree","SpeciesName":"Tristaniopsis laurina","CommonName":"Water Gum","TreeHeight":9,"TreeCanopyNS":7,"Tree_Status":"Tree","Tree_Age":"Mature","DBH_in_cm":31,"Locality":"Erskineville Oval","ParkName":"Not applicable","OBJECTID":11798}},{"type":"Feature","id":27856,"geometry":{"type":"Point","coordinates":[151.186385072229,-33.8943717793078]},"properties":{"asset_id":"TP01629","TreeType":"Park Tree","SpeciesName":"Ficus macrophylla","CommonName":"Moreton Bay Fig","TreeHeight":18,"TreeCanopyNS":22,"Tree_Status":"Tree","Tree_Age":"Mature","DBH_in_cm":160,"Locality":"North Newtown","ParkName":"Hollis Park","OBJECTID":27856}},{"type":"Feature","id":16163,"geometry":{"type":"Point","coordinates":[151.182620643708,-33.8953467012555]},"properties":{"asset_id":"TS06067","TreeType":"Street Tree","SpeciesName":"Jacaranda mimosifolia","CommonName":"Jacaranda","TreeHeight":7,"TreeCanopyNS":6,"Tree_Status":"Tree","Tree_Age":"Semi-Mature","DBH_in_cm":25,"Locality":"North Newtown","ParkName":"Not applicable","OBJECTID":16163}},{"type":"Feature","id":29110,"geometry":{"type":"Point","coordinates":[151.181966168327,-33.8941266437721]},"properties":{"asset_id":"TP01114","TreeType":"Park Tree","SpeciesName":"Ulmus parvifolia","CommonName":"Chinese Elm","TreeHeight":20,"TreeCanopyNS":19,"Tree_Status":"Tree","Tree_Age":"Mature","DBH_in_cm":55,"Locality":"North Newtown","ParkName":"MJ Hayes Playground","OBJECTID":29110}},{"type":"Feature","id":13507,"geometry":{"type":"Point","coordinates":[151.18215594071,-33.8969795568519]},"properties":{"asset_id":"TS29288","TreeType":"Street Tree","SpeciesName":"Melaleuca quinquenervia","CommonName":"Broad Leaf Paperbark","TreeHeight":14,"TreeCanopyNS":13,"Tree_Status":"Tree","Tree_Age":"Mature","DBH_in_cm":82,"Locality":"North Newtown","ParkName":"Not applicable","OBJECTID":13507}},{"type":"Feature","id":10544,"geometry":{"type":"Point","coordinates":[151.187958837666,-33.8928633453385]},"properties":{"asset_id":"TS08137","TreeType":"Street Tree","SpeciesName":"Lophostemon confertus","CommonName":"Brush Box","TreeHeight":13,"TreeCanopyNS":10,"Tree_Status":"Tree","Tree_Age":"Mature","DBH_in_cm":69,"Locality":"Darlington and West Redfern","ParkName":"Not applicable","OBJECTID":10544}},{"type":"Feature","id":17208,"geometry":{"type":"Point","coordinates":[151.187680517081,-33.8953160290829]},"properties":{"asset_id":"TS09457","TreeType":"Street Tree","SpeciesName":"Callistemon viminalis","CommonName":"Weeping Bottlebrush","TreeHeight":6,"TreeCanopyNS":3,"Tree_Status":"Tree","Tree_Age":"Semi-Mature","DBH_in_cm":13,"Locality":"North Newtown","ParkName":"Not applicable","OBJECTID":17208}},{"type":"Feature","id":6039,"geometry":{"type":"Point","coordinates":[151.178323514457,-33.8891452933003]},"properties":{"asset_id":"TS23677","TreeType":"Street Tree","SpeciesName":"Elaeocarpus reticulatus","CommonName":"Blueberry Ash","TreeHeight":6,"TreeCanopyNS":2,"Tree_Status":"Tree","Tree_Age":"Semi-Mature","DBH_in_cm":16,"Locality":"Camperdown","ParkName":"Not applicable","OBJECTID":6039}},{"type":"Feature","id":25100,"geometry":{"type":"Point","coordinates":[151.178337536899,-33.8889333225504]},"properties":{"asset_id":"TS33852","TreeType":"Street Tree","SpeciesName":"Corymbia maculata","CommonName":"Spotted Gum","TreeHeight":10,"TreeCanopyNS":4,"Tree_Status":"Tree","Tree_Age":"Semi-Mature","DBH_in_cm":17,"Locality":"Camperdown","ParkName":"Not applicable","OBJECTID":25100}},{"type":"Feature","id":12602,"geometry":{"type":"Point","coordinates":[151.178303981142,-33.8907248431061]},"properties":{"asset_id":"TS25094","TreeType":"Street Tree","SpeciesName":"Lophostemon confertus","CommonName":"Brush Box","TreeHeight":11,"TreeCanopyNS":9,"Tree_Status":"Tree","Tree_Age":"Mature","DBH_in_cm":34,"Locality":"Camperdown","ParkName":"Not applicable","OBJECTID":12602}},{"type":"Feature","id":12110,"geometry":{"type":"Point","coordinates":[151.181938905602,-33.8914782071221]},"properties":{"asset_id":"TS23446","TreeType":"Street Tree","SpeciesName":"Platanus acerifolia","CommonName":"London Plane","TreeHeight":13,"TreeCanopyNS":8,"Tree_Status":"Tree","Tree_Age":"Semi-Mature","DBH_in_cm":26,"Locality":"Camperdown","ParkName":"Not applicable","OBJECTID":12110}},{"type":"Feature","id":10853,"geometry":{"type":"Point","coordinates":[151.184335555577,-33.8982373468921]},"properties":{"asset_id":"TS09803","TreeType":"Street Tree","SpeciesName":"Harpephyllum caffrum","CommonName":"Kaffir Plum","TreeHeight":8,"TreeCanopyNS":9,"Tree_Status":"Tree","Tree_Age":"Mature","DBH_in_cm":73,"Locality":"Erskineville Neighbourhood North","ParkName":"Not applicable","OBJECTID":10853}},{"type":"Feature","id":13272,"geometry":{"type":"Point","coordinates":[151.184124154807,-33.896824368135]},"properties":{"asset_id":"TS15045","TreeType":"Street Tree","SpeciesName":"Melaleuca quinquenervia","CommonName":"Broad Leaf Paperbark","TreeHeight":10,"TreeCanopyNS":10,"Tree_Status":"Tree","Tree_Age":"Mature","DBH_in_cm":84,"Locality":"North Newtown","ParkName":"Not applicable","OBJECTID":13272}},{"type":"Feature","id":14689,"geometry":{"type":"Point","coordinates":[151.181950586819,-33.893765449415]},"properties":{"asset_id":"TS04368","TreeType":"Street Tree","SpeciesName":"Elaeocarpus reticulatus","CommonName":"Blueberry Ash","TreeHeight":5,"TreeCanopyNS":2,"Tree_Status":"Tree","Tree_Age":"Semi-Mature","DBH_in_cm":11,"Locality":"North Newtown","ParkName":"Not applicable","OBJECTID":14689}},{"type":"Feature","id":46591,"geometry":{"type":"Point","coordinates":[151.188765392317,-33.891717289631]},"properties":{"asset_id":"TS41638","TreeType":"Street Tree","SpeciesName":"Liriodendron tulipifera","CommonName":"Tulip Tree","TreeHeight":6,"TreeCanopyNS":2,"Tree_Status":"Tree","Tree_Age":"Young","DBH_in_cm":7,"Locality":"University of Sydney and Royal Prince Alfred Hospital","ParkName":"Not applicable","OBJECTID":46591}},{"type":"Feature","id":46585,"geometry":{"type":"Point","coordinates":[151.187776178278,-33.8923944604259]},"properties":{"asset_id":"TS41680","TreeType":"Street Tree","SpeciesName":"Lophostemon confertus","CommonName":"Brush Box","TreeHeight":5,"TreeCanopyNS":2,"Tree_Status":"Tree","Tree_Age":"Young","DBH_in_cm":5,"Locality":"Darlington and West Redfern","ParkName":"Not applicable","OBJECTID":46585}},{"type":"Feature","id":14672,"geometry":{"type":"Point","coordinates":[151.182504391369,-33.8910512853956]},"properties":{"asset_id":"TS22161","TreeType":"Street Tree","SpeciesName":"Celtis australis","CommonName":"Nettle Tree","TreeHeight":10,"TreeCanopyNS":11,"Tree_Status":"Tree","Tree_Age":"Mature","DBH_in_cm":44,"Locality":"Camperdown","ParkName":"Not applicable","OBJECTID":14672}},{"type":"Feature","id":12133,"geometry":{"type":"Point","coordinates":[151.180082090125,-33.891057628582]},"properties":{"asset_id":"TS23460","TreeType":"Street Tree","SpeciesName":"Platanus acerifolia","CommonName":"London Plane","TreeHeight":13,"TreeCanopyNS":16,"Tree_Status":"Tree","Tree_Age":"Mature","DBH_in_cm":46,"Locality":"Camperdown","ParkName":"Not applicable","OBJECTID":12133}},{"type":"Feature","id":23279,"geometry":{"type":"Point","coordinates":[151.179970447928,-33.8914011629097]},"properties":{"asset_id":"TS24220","TreeType":"Street Tree","SpeciesName":"Hymenosporum flavum","CommonName":"Australian Frangipani","TreeHeight":11,"TreeCanopyNS":3,"Tree_Status":"Tree","Tree_Age":"Mature","DBH_in_cm":14,"Locality":"North Newtown","ParkName":"Not applicable","OBJECTID":23279}},{"type":"Feature","id":9336,"geometry":{"type":"Point","coordinates":[151.181395959717,-33.8915765962631]},"properties":{"asset_id":"TS23422","TreeType":"Street Tree","SpeciesName":"Platanus acerifolia","CommonName":"London Plane","TreeHeight":16,"TreeCanopyNS":11,"Tree_Status":"Tree","Tree_Age":"Mature","DBH_in_cm":38,"Locality":"North Newtown","ParkName":"Not applicable","OBJECTID":9336}},{"type":"Feature","id":47255,"geometry":{"type":"Point","coordinates":[151.185637452505,-33.8966532491466]},"properties":{"asset_id":"TS40368","TreeType":"Street Tree","SpeciesName":"Pyrus calleryana","CommonName":"Callery Pear","TreeHeight":5,"TreeCanopyNS":1,"Tree_Status":"Tree","Tree_Age":"Young","DBH_in_cm":8,"Locality":"North Newtown","ParkName":"Not applicable","OBJECTID":47255}},{"type":"Feature","id":29986,"geometry":{"type":"Point","coordinates":[151.182113877484,-33.8983294631802]},"properties":{"asset_id":"TP03727","TreeType":"Park Tree","SpeciesName":"Lophostemon confertus","CommonName":"Brush Box","TreeHeight":12,"TreeCanopyNS":14,"Tree_Status":"Tree","Tree_Age":"Mature","DBH_in_cm":59,"Locality":"Erskineville Road Village Centre","ParkName":"Green Bans Park","OBJECTID":29986}},{"type":"Feature","id":14789,"geometry":{"type":"Point","coordinates":[151.181701501467,-33.8963760806838]},"properties":{"asset_id":"TS15217","TreeType":"Street Tree","SpeciesName":"Koelreuteria paniculata","CommonName":"Golden Rain Tree","TreeHeight":4,"TreeCanopyNS":2,"Tree_Status":"Tree","Tree_Age":"Semi-Mature","DBH_in_cm":14,"Locality":"North Newtown","ParkName":"Not applicable","OBJECTID":14789}},{"type":"Feature","id":14666,"geometry":{"type":"Point","coordinates":[151.180685131001,-33.8877323726233]},"properties":{"asset_id":"TS22148","TreeType":"Street Tree","SpeciesName":"Flindersia australis","CommonName":"Crows Ash","TreeHeight":6,"TreeCanopyNS":2,"Tree_Status":"Tree","Tree_Age":"Semi-Mature","DBH_in_cm":11,"Locality":"University of Sydney and Royal Prince Alfred Hospital","ParkName":"Not applicable","OBJECTID":14666}},{"type":"Feature","id":26548,"geometry":{"type":"Point","coordinates":[151.182279219188,-33.8926485419896]},"properties":{"asset_id":"TP06868","TreeType":"Park Tree","SpeciesName":"Archontophoenix cunninghamiana","CommonName":"Bangalow Palm","TreeHeight":8,"TreeCanopyNS":3,"Tree_Status":"Tree","Tree_Age":"Semi-Mature","DBH_in_cm":17,"Locality":"North Newtown","ParkName":"Goddard Reserve","OBJECTID":26548}},{"type":"Feature","id":13315,"geometry":{"type":"Point","coordinates":[151.184761529008,-33.8976648929514]},"properties":{"asset_id":"TS06575","TreeType":"Street Tree","SpeciesName":"Liquidambar styraciflua","CommonName":"Liquidamber or Sweet Gum","TreeHeight":13,"TreeCanopyNS":15,"Tree_Status":"Tree","Tree_Age":"Mature","DBH_in_cm":69,"Locality":"Erskineville Neighbourhood North","ParkName":"Not applicable","OBJECTID":13315}},{"type":"Feature","id":29130,"geometry":{"type":"Point","coordinates":[151.185213433021,-33.8971952565583]},"properties":{"asset_id":"TP00844","TreeType":"Street Tree","SpeciesName":"Casuarina glauca","CommonName":"Swamp Oak","TreeHeight":15,"TreeCanopyNS":8,"Tree_Status":"Tree","Tree_Age":"Mature","DBH_in_cm":40,"Locality":"Erskineville Neighbourhood North","ParkName":"Not applicable","OBJECTID":29130}},{"type":"Feature","id":15479,"geometry":{"type":"Point","coordinates":[151.1875789516,-33.8939683334807]},"properties":{"asset_id":"TS13154","TreeType":"Street Tree","SpeciesName":"Tristaniopsis laurina","CommonName":"Water Gum","TreeHeight":9,"TreeCanopyNS":10,"Tree_Status":"Tree","Tree_Age":"Mature","DBH_in_cm":60,"Locality":"North Newtown","ParkName":"Not applicable","OBJECTID":15479}},{"type":"Feature","id":11177,"geometry":{"type":"Point","coordinates":[151.179738850707,-33.8923011881439]},"properties":{"asset_id":"TS01054","TreeType":"Street Tree","SpeciesName":"Celtis australis","CommonName":"Nettle Tree","TreeHeight":12,"TreeCanopyNS":19,"Tree_Status":"Tree","Tree_Age":"Mature","DBH_in_cm":57,"Locality":"North Newtown","ParkName":"Not applicable","OBJECTID":11177}},{"type":"Feature","id":18702,"geometry":{"type":"Point","coordinates":[151.181713791307,-33.8919311618538]},"properties":{"asset_id":"TS03428","TreeType":"Street Tree","SpeciesName":"Tristaniopsis laurina","CommonName":"Water Gum","TreeHeight":8,"TreeCanopyNS":11,"Tree_Status":"Tree","Tree_Age":"Mature","DBH_in_cm":41,"Locality":"North Newtown","ParkName":"Not applicable","OBJECTID":18702}},{"type":"Feature","id":42727,"geometry":{"type":"Point","coordinates":[151.182315226839,-33.8927504283923]},"properties":{"asset_id":"TP05015","TreeType":"Park Tree","SpeciesName":"Tabebuia palmeri","CommonName":"Pink Trumpet Tree","TreeHeight":2,"TreeCanopyNS":1,"Tree_Status":"Tree","Tree_Age":"Young","DBH_in_cm":8,"Locality":"North Newtown","ParkName":"Goddard Reserve","OBJECTID":42727}},{"type":"Feature","id":39973,"geometry":{"type":"Point","coordinates":[151.187439948902,-33.8934190245231]},"properties":{"asset_id":"TS13182","TreeType":"Street Tree","SpeciesName":"Tristaniopsis 'Luscious'","CommonName":"Water Gum","TreeHeight":4,"TreeCanopyNS":2,"Tree_Status":"Tree","Tree_Age":"Semi-Mature","DBH_in_cm":10,"Locality":"North Newtown","ParkName":"Not applicable","OBJECTID":39973}},{"type":"Feature","id":46073,"geometry":{"type":"Point","coordinates":[151.189621169792,-33.8914336508879]},"properties":{"asset_id":"TS01573","TreeType":"Street Tree","SpeciesName":"Liriodendron tulipifera","CommonName":"Tulip Tree","TreeHeight":3,"TreeCanopyNS":2,"Tree_Status":"Tree","Tree_Age":"Young","DBH_in_cm":4,"Locality":"University of Sydney and Royal Prince Alfred Hospital","ParkName":"Not applicable","OBJECTID":46073}},{"type":"Feature","id":15777,"geometry":{"type":"Point","coordinates":[151.183475754857,-33.8948575010755]},"properties":{"asset_id":"TS14997","TreeType":"Street Tree","SpeciesName":"Jacaranda mimosifolia","CommonName":"Jacaranda","TreeHeight":12,"TreeCanopyNS":12,"Tree_Status":"Tree","Tree_Age":"Mature","DBH_in_cm":50,"Locality":"North Newtown","ParkName":"Not applicable","OBJECTID":15777}},{"type":"Feature","id":15848,"geometry":{"type":"Point","coordinates":[151.184736471909,-33.8938319700569]},"properties":{"asset_id":"TS15539","TreeType":"Street Tree","SpeciesName":"Cinnamomum camphora","CommonName":"Camphor Laurel","TreeHeight":17,"TreeCanopyNS":28,"Tree_Status":"Tree","Tree_Age":"Mature","DBH_in_cm":128,"Locality":"North Newtown","ParkName":"Not applicable","OBJECTID":15848}},{"type":"Feature","id":10524,"geometry":{"type":"Point","coordinates":[151.180791760058,-33.8972876447592]},"properties":{"asset_id":"TS07823","TreeType":"Street Tree","SpeciesName":"Platanus acerifolia","CommonName":"London Plane","TreeHeight":12,"TreeCanopyNS":6,"Tree_Status":"Tree","Tree_Age":"Mature","DBH_in_cm":28,"Locality":"North Newtown","ParkName":"Not applicable","OBJECTID":10524}},{"type":"Feature","id":46571,"geometry":{"type":"Point","coordinates":[151.180605400706,-33.8966482676696]},"properties":{"asset_id":"TS41772","TreeType":"Street Tree","SpeciesName":"Koelreuteria paniculata","CommonName":"Golden Rain Tree","TreeHeight":3,"TreeCanopyNS":1,"Tree_Status":"Tree","Tree_Age":"Young","DBH_in_cm":4,"Locality":"North Newtown","ParkName":"Not applicable","OBJECTID":46571}},{"type":"Feature","id":10026,"geometry":{"type":"Point","coordinates":[151.183046499965,-33.897975408605]},"properties":{"asset_id":"TS04475","TreeType":"Street Tree","SpeciesName":"Tristaniopsis laurina","CommonName":"Water Gum","TreeHeight":7,"TreeCanopyNS":4,"Tree_Status":"Tree","Tree_Age":"Mature","DBH_in_cm":25,"Locality":"Erskineville Neighbourhood North","ParkName":"Not applicable","OBJECTID":10026}},{"type":"Feature","id":16879,"geometry":{"type":"Point","coordinates":[151.188819482433,-33.89287690611]},"properties":{"asset_id":"TS08722","TreeType":"Street Tree","SpeciesName":"Fraxinus pennsylvanica","CommonName":"Green Ash","TreeHeight":9,"TreeCanopyNS":5,"Tree_Status":"Tree","Tree_Age":"Mature","DBH_in_cm":23,"Locality":"Darlington and West Redfern","ParkName":"Not applicable","OBJECTID":16879}},{"type":"Feature","id":6090,"geometry":{"type":"Point","coordinates":[151.179163157761,-33.8907503521933]},"properties":{"asset_id":"TS23700","TreeType":"Street Tree","SpeciesName":"Celtis australis","CommonName":"Nettle Tree","TreeHeight":11,"TreeCanopyNS":13,"Tree_Status":"Tree","Tree_Age":"Mature","DBH_in_cm":38,"Locality":"Camperdown","ParkName":"Not applicable","OBJECTID":6090}},{"type":"Feature","id":7762,"geometry":{"type":"Point","coordinates":[151.183107179605,-33.8921841014335]},"properties":{"asset_id":"TS22191","TreeType":"Street Tree","SpeciesName":"Flindersia australis","CommonName":"Crows Ash","TreeHeight":6,"TreeCanopyNS":5,"Tree_Status":"Tree","Tree_Age":"Semi-Mature","DBH_in_cm":22,"Locality":"University of Sydney and Royal Prince Alfred Hospital","ParkName":"Not applicable","OBJECTID":7762}},{"type":"Feature","id":18041,"geometry":{"type":"Point","coordinates":[151.18596557328,-33.8957017925376]},"properties":{"asset_id":"TS12321","TreeType":"Street Tree","SpeciesName":"Melaleuca quinquenervia","CommonName":"Broad Leaf Paperbark","TreeHeight":8,"TreeCanopyNS":8,"Tree_Status":"Tree","Tree_Age":"Mature","DBH_in_cm":47,"Locality":"North Newtown","ParkName":"Not applicable","OBJECTID":18041}},{"type":"Feature","id":42386,"geometry":{"type":"Point","coordinates":[151.185939729176,-33.8944407860749]},"properties":{"asset_id":"TS44264","TreeType":"Park Tree","SpeciesName":"Agathis robusta","CommonName":"Kauri Pine","TreeHeight":4,"TreeCanopyNS":2,"Tree_Status":"Tree","Tree_Age":"Young","DBH_in_cm":9,"Locality":"North Newtown","ParkName":"Hollis Park","OBJECTID":42386}},{"type":"Feature","id":11555,"geometry":{"type":"Point","coordinates":[151.182198035355,-33.8982160949988]},"properties":{"asset_id":"TS04468","TreeType":"Street Tree","SpeciesName":"Tristaniopsis laurina","CommonName":"Water Gum","TreeHeight":6,"TreeCanopyNS":6,"Tree_Status":"Tree","Tree_Age":"Mature","DBH_in_cm":29,"Locality":"Erskineville Road Village Centre","ParkName":"Not applicable","OBJECTID":11555}},{"type":"Feature","id":12053,"geometry":{"type":"Point","coordinates":[151.182480615587,-33.8973897684387]},"properties":{"asset_id":"TS09415","TreeType":"Street Tree","SpeciesName":"Cinnamomum camphora","CommonName":"Camphor Laurel","TreeHeight":16,"TreeCanopyNS":16,"Tree_Status":"Tree","Tree_Age":"Mature","DBH_in_cm":98,"Locality":"North Newtown","ParkName":"Not applicable","OBJECTID":12053}},{"type":"Feature","id":12041,"geometry":{"type":"Point","coordinates":[151.189760196221,-33.8981421751048]},"properties":{"asset_id":"TS09404","TreeType":"Street Tree","SpeciesName":"Melaleuca quinquenervia","CommonName":"Broad Leaf Paperbark","TreeHeight":8,"TreeCanopyNS":6,"Tree_Status":"Tree","Tree_Age":"Mature","DBH_in_cm":91,"Locality":"Erskineville Oval","ParkName":"Not applicable","OBJECTID":12041}},{"type":"Feature","id":12894,"geometry":{"type":"Point","coordinates":[151.187312908574,-33.8931578156707]},"properties":{"asset_id":"TS13178","TreeType":"Street Tree","SpeciesName":"Jacaranda mimosifolia","CommonName":"Jacaranda","TreeHeight":7,"TreeCanopyNS":3,"Tree_Status":"Tree","Tree_Age":"Semi-Mature","DBH_in_cm":13,"Locality":"North Newtown","ParkName":"Not applicable","OBJECTID":12894}},{"type":"Feature","id":13321,"geometry":{"type":"Point","coordinates":[151.184672460779,-33.8978519524776]},"properties":{"asset_id":"TS06577","TreeType":"Street Tree","SpeciesName":"Liquidambar styraciflua","CommonName":"Liquidamber or Sweet Gum","TreeHeight":16,"TreeCanopyNS":12,"Tree_Status":"Tree","Tree_Age":"Mature","DBH_in_cm":56,"Locality":"Erskineville Neighbourhood North","ParkName":"Not applicable","OBJECTID":13321}},{"type":"Feature","id":35957,"geometry":{"type":"Point","coordinates":[151.18983477078,-33.8978115227259]},"properties":{"asset_id":"TS39212","TreeType":"Park Tree","SpeciesName":"Afrocarpus falcatus","CommonName":"Outeniqua Yellowood","TreeHeight":3,"TreeCanopyNS":2,"Tree_Status":"Tree","Tree_Age":"Young","DBH_in_cm":7,"Locality":null,"ParkName":"South Sydney Rotary Park #1","OBJECTID":35957}},{"type":"Feature","id":14652,"geometry":{"type":"Point","coordinates":[151.179995214313,-33.8872683371573]},"properties":{"asset_id":"TS22138","TreeType":"Street Tree","SpeciesName":"Stenocarpus sinuatus","CommonName":"Firewheel Tree","TreeHeight":5,"TreeCanopyNS":1,"Tree_Status":"Tree","Tree_Age":"Semi-Mature","DBH_in_cm":16,"Locality":"Camperdown","ParkName":"Not applicable","OBJECTID":14652}},{"type":"Feature","id":40975,"geometry":{"type":"Point","coordinates":[151.188148404172,-33.89894527421]},"properties":{"asset_id":"TS34171","TreeType":"Street Tree","SpeciesName":"Robinia pseudoacacia 'Frisia'","CommonName":"Golden Robinia","TreeHeight":7,"TreeCanopyNS":4,"Tree_Status":"Tree","Tree_Age":"Semi-Mature","DBH_in_cm":12,"Locality":"Erskineville Oval","ParkName":"Not applicable","OBJECTID":40975}},{"type":"Feature","id":16716,"geometry":{"type":"Point","coordinates":[151.187780110476,-33.892259708765]},"properties":{"asset_id":"TS08151","TreeType":"Street Tree","SpeciesName":"Eucalyptus scoparia","CommonName":"Willow Gum","TreeHeight":14,"TreeCanopyNS":9,"Tree_Status":"Tree","Tree_Age":"Mature","DBH_in_cm":50,"Locality":"Darlington and West Redfern","ParkName":"Not applicable","OBJECTID":16716}},{"type":"Feature","id":42008,"geometry":{"type":"Point","coordinates":[151.182461967127,-33.8909052996734]},"properties":{"asset_id":"TS31720","TreeType":"Street Tree","SpeciesName":"Flindersia australis","CommonName":"Crows Ash","TreeHeight":3,"TreeCanopyNS":1,"Tree_Status":"Tree","Tree_Age":"Semi-Mature","DBH_in_cm":5,"Locality":"Camperdown","ParkName":"Not applicable","OBJECTID":42008}},{"type":"Feature","id":10630,"geometry":{"type":"Point","coordinates":[151.185470094288,-33.8941711022836]},"properties":{"asset_id":"TS08591","TreeType":"Street Tree","SpeciesName":"Ficus macrophylla","CommonName":"Moreton Bay Fig","TreeHeight":9,"TreeCanopyNS":8,"Tree_Status":"Tree","Tree_Age":"Mature","DBH_in_cm":40,"Locality":"North Newtown","ParkName":"Not applicable","OBJECTID":10630}},{"type":"Feature","id":46963,"geometry":{"type":"Point","coordinates":[151.183115342821,-33.8980486531568]},"properties":{"asset_id":"TS04460","TreeType":"Street Tree","SpeciesName":"Tristaniopsis laurina","CommonName":"Water Gum","TreeHeight":3,"TreeCanopyNS":1,"Tree_Status":"Tree","Tree_Age":"Young","DBH_in_cm":5,"Locality":"Erskineville Neighbourhood North","ParkName":"Not applicable","OBJECTID":46963}},{"type":"Feature","id":10679,"geometry":{"type":"Point","coordinates":[151.181725292112,-33.8987494352862]},"properties":{"asset_id":"TS08743","TreeType":"Street Tree","SpeciesName":"Pistacia chinensis","CommonName":"Chinese Pistacia","TreeHeight":5,"TreeCanopyNS":4,"Tree_Status":"Tree","Tree_Age":"Semi-Mature","DBH_in_cm":14,"Locality":"Erskineville Neighbourhood South","ParkName":"Not applicable","OBJECTID":10679}},{"type":"Feature","id":978,"geometry":{"type":"Point","coordinates":[151.178531424599,-33.8880221015056]},"properties":{"asset_id":"TS23203","TreeType":"Street Tree","SpeciesName":"Tristaniopsis laurina","CommonName":"Water Gum","TreeHeight":4,"TreeCanopyNS":2,"Tree_Status":"Tree","Tree_Age":"Semi-Mature","DBH_in_cm":12,"Locality":"Camperdown","ParkName":"Not applicable","OBJECTID":978}},{"type":"Feature","id":10865,"geometry":{"type":"Point","coordinates":[151.184296495681,-33.8989014394734]},"properties":{"asset_id":"TS09785","TreeType":"Street Tree","SpeciesName":"Tristaniopsis laurina","CommonName":"Water Gum","TreeHeight":9,"TreeCanopyNS":9,"Tree_Status":"Tree","Tree_Age":"Mature","DBH_in_cm":41,"Locality":"Erskineville Neighbourhood North","ParkName":"Not applicable","OBJECTID":10865}},{"type":"Feature","id":14268,"geometry":{"type":"Point","coordinates":[151.181679779549,-33.8935690214983]},"properties":{"asset_id":"TS01746","TreeType":"Street Tree","SpeciesName":"Tristaniopsis laurina","CommonName":"Water Gum","TreeHeight":9,"TreeCanopyNS":7,"Tree_Status":"Tree","Tree_Age":"Mature","DBH_in_cm":35,"Locality":"North Newtown","ParkName":"Not applicable","OBJECTID":14268}},{"type":"Feature","id":12104,"geometry":{"type":"Point","coordinates":[151.182156825598,-33.8914609542404]},"properties":{"asset_id":"TS23443","TreeType":"Street Tree","SpeciesName":"Platanus acerifolia","CommonName":"London Plane","TreeHeight":16,"TreeCanopyNS":15,"Tree_Status":"Tree","Tree_Age":"Mature","DBH_in_cm":46,"Locality":"Camperdown","ParkName":"Not applicable","OBJECTID":12104}},{"type":"Feature","id":16183,"geometry":{"type":"Point","coordinates":[151.185291421518,-33.8966328214647]},"properties":{"asset_id":"TS06187","TreeType":"Street Tree","SpeciesName":"Tristaniopsis laurina","CommonName":"Water Gum","TreeHeight":9,"TreeCanopyNS":9,"Tree_Status":"Tree","Tree_Age":"Mature","DBH_in_cm":40,"Locality":"North Newtown","ParkName":"Not applicable","OBJECTID":16183}},{"type":"Feature","id":13278,"geometry":{"type":"Point","coordinates":[151.184115776624,-33.8967860110568]},"properties":{"asset_id":"TS15047","TreeType":"Street Tree","SpeciesName":"Jacaranda mimosifolia","CommonName":"Jacaranda","TreeHeight":9,"TreeCanopyNS":5,"Tree_Status":"Tree","Tree_Age":"Mature","DBH_in_cm":24,"Locality":"North Newtown","ParkName":"Not applicable","OBJECTID":13278}},{"type":"Feature","id":13527,"geometry":{"type":"Point","coordinates":[151.186188935915,-33.8961939128683]},"properties":{"asset_id":"TS29300","TreeType":"Street Tree","SpeciesName":"Melaleuca quinquenervia","CommonName":"Broad Leaf Paperbark","TreeHeight":8,"TreeCanopyNS":8,"Tree_Status":"Tree","Tree_Age":"Mature","DBH_in_cm":61,"Locality":"North Newtown","ParkName":"Not applicable","OBJECTID":13527}},{"type":"Feature","id":294,"geometry":{"type":"Point","coordinates":[151.187771511342,-33.8946031033005]},"properties":{"asset_id":"TS15282","TreeType":"Street Tree","SpeciesName":"Koelreuteria paniculata","CommonName":"Golden Rain Tree","TreeHeight":6,"TreeCanopyNS":5,"Tree_Status":"Tree","Tree_Age":"Semi-Mature","DBH_in_cm":16,"Locality":"North Newtown","ParkName":"Not applicable","OBJECTID":294}},{"type":"Feature","id":9834,"geometry":{"type":"Point","coordinates":[151.178333323491,-33.8896806177948]},"properties":{"asset_id":"TS24445","TreeType":"Street Tree","SpeciesName":"Waterhousea floribunda","CommonName":"Weeping Lilly Pilly","TreeHeight":12,"TreeCanopyNS":12,"Tree_Status":"Tree","Tree_Age":"Mature","DBH_in_cm":57,"Locality":"Camperdown","ParkName":"Not applicable","OBJECTID":9834}},{"type":"Feature","id":9342,"geometry":{"type":"Point","coordinates":[151.180845014004,-33.8914457340441]},"properties":{"asset_id":"TS23430","TreeType":"Street Tree","SpeciesName":"Platanus acerifolia","CommonName":"London Plane","TreeHeight":15,"TreeCanopyNS":14,"Tree_Status":"Tree","Tree_Age":"Mature","DBH_in_cm":50,"Locality":"North Newtown","ParkName":"Not applicable","OBJECTID":9342}},{"type":"Feature","id":9348,"geometry":{"type":"Point","coordinates":[151.180338847347,-33.8912888396088]},"properties":{"asset_id":"TS23433","TreeType":"Street Tree","SpeciesName":"Platanus acerifolia","CommonName":"London Plane","TreeHeight":11,"TreeCanopyNS":9,"Tree_Status":"Tree","Tree_Age":"Mature","DBH_in_cm":29,"Locality":"North Newtown","ParkName":"Not applicable","OBJECTID":9348}},{"type":"Feature","id":15840,"geometry":{"type":"Point","coordinates":[151.184011463251,-33.8940252547195]},"properties":{"asset_id":"TS15531","TreeType":"Street Tree","SpeciesName":"Eucalyptus microcorys","CommonName":"Tallow Wood","TreeHeight":16,"TreeCanopyNS":13,"Tree_Status":"Tree","Tree_Age":"Mature","DBH_in_cm":68,"Locality":"North Newtown","ParkName":"Not applicable","OBJECTID":15840}},{"type":"Feature","id":14801,"geometry":{"type":"Point","coordinates":[151.181889249277,-33.8963187969194]},"properties":{"asset_id":"TS15221","TreeType":"Street Tree","SpeciesName":"Koelreuteria paniculata","CommonName":"Golden Rain Tree","TreeHeight":8,"TreeCanopyNS":8,"Tree_Status":"Tree","Tree_Age":"Mature","DBH_in_cm":30,"Locality":"North Newtown","ParkName":"Not applicable","OBJECTID":14801}},{"type":"Feature","id":15299,"geometry":{"type":"Point","coordinates":[151.189139278127,-33.8989858179377]},"properties":{"asset_id":"TS12130","TreeType":"Street Tree","SpeciesName":"Lophostemon confertus","CommonName":"Brush Box","TreeHeight":12,"TreeCanopyNS":13,"Tree_Status":"Tree","Tree_Age":"Mature","DBH_in_cm":58,"Locality":"Erskineville Oval","ParkName":"Not applicable","OBJECTID":15299}},{"type":"Feature","id":9840,"geometry":{"type":"Point","coordinates":[151.178019707363,-33.8897745386401]},"properties":{"asset_id":"TS24448","TreeType":"Street Tree","SpeciesName":"Waterhousea floribunda","CommonName":"Weeping Lilly Pilly","TreeHeight":10,"TreeCanopyNS":7,"Tree_Status":"Tree","Tree_Age":"Mature","DBH_in_cm":55,"Locality":"Camperdown","ParkName":"Not applicable","OBJECTID":9840}},{"type":"Feature","id":12147,"geometry":{"type":"Point","coordinates":[151.183872817362,-33.8912927564234]},"properties":{"asset_id":"TS23471","TreeType":"Street Tree","SpeciesName":"Jacaranda mimosifolia","CommonName":"Jacaranda","TreeHeight":14,"TreeCanopyNS":15,"Tree_Status":"Tree","Tree_Age":"Mature","DBH_in_cm":64,"Locality":"University of Sydney and Royal Prince Alfred Hospital","ParkName":"Not applicable","OBJECTID":12147}},{"type":"Feature","id":41459,"geometry":{"type":"Point","coordinates":[151.180496943006,-33.8913391474735]},"properties":{"asset_id":"TS35320","TreeType":"Street Tree","SpeciesName":"Platanus acerifolia","CommonName":"London Plane","TreeHeight":3,"TreeCanopyNS":1,"Tree_Status":"Tree","Tree_Age":"Semi-Mature","DBH_in_cm":4,"Locality":"North Newtown","ParkName":"Not applicable","OBJECTID":41459}},{"type":"Feature","id":12886,"geometry":{"type":"Point","coordinates":[151.185707051548,-33.8986151869753]},"properties":{"asset_id":"TS06149","TreeType":"Street Tree","SpeciesName":"Melaleuca quinquenervia","CommonName":"Broad Leaf Paperbark","TreeHeight":10,"TreeCanopyNS":9,"Tree_Status":"Tree","Tree_Age":"Mature","DBH_in_cm":52,"Locality":"Erskineville Neighbourhood North","ParkName":"Not applicable","OBJECTID":12886}},{"type":"Feature","id":39346,"geometry":{"type":"Point","coordinates":[151.187928403422,-33.8916083123575]},"properties":{"asset_id":"TS35327","TreeType":"Street Tree","SpeciesName":"Lophostemon confertus","CommonName":"Brush Box","TreeHeight":8,"TreeCanopyNS":3,"Tree_Status":"Tree","Tree_Age":"Semi-Mature","DBH_in_cm":16,"Locality":"North Newtown","ParkName":"Not applicable","OBJECTID":39346}},{"type":"Feature","id":345,"geometry":{"type":"Point","coordinates":[151.188068607129,-33.8919628636058]},"properties":{"asset_id":"TS15869","TreeType":"Street Tree","SpeciesName":"Lophostemon confertus","CommonName":"Brush Box","TreeHeight":6,"TreeCanopyNS":3,"Tree_Status":"Tree","Tree_Age":"Semi-Mature","DBH_in_cm":11,"Locality":"University of Sydney and Royal Prince Alfred Hospital","ParkName":"Not applicable","OBJECTID":345}},{"type":"Feature","id":10624,"geometry":{"type":"Point","coordinates":[151.185347167135,-33.8935883933244]},"properties":{"asset_id":"TS08585","TreeType":"Street Tree","SpeciesName":"Lophostemon confertus","CommonName":"Brush Box","TreeHeight":11,"TreeCanopyNS":3,"Tree_Status":"Tree","Tree_Age":"Mature","DBH_in_cm":23,"Locality":"North Newtown","ParkName":"Not applicable","OBJECTID":10624}},{"type":"Feature","id":22624,"geometry":{"type":"Point","coordinates":[151.18325508218,-33.8929904504202]},"properties":{"asset_id":"TS32336","TreeType":"Street Tree","SpeciesName":"Flindersia australis","CommonName":"Crows Ash","TreeHeight":6,"TreeCanopyNS":2,"Tree_Status":"Tree","Tree_Age":"Semi-Mature","DBH_in_cm":15,"Locality":"North Newtown","ParkName":"Not applicable","OBJECTID":22624}},{"type":"Feature","id":39395,"geometry":{"type":"Point","coordinates":[151.184749476269,-33.8969683056158]},"properties":{"asset_id":"TS35140","TreeType":"Street Tree","SpeciesName":"Callistemon salignus","CommonName":"Willow Bottlebrush","TreeHeight":6,"TreeCanopyNS":4,"Tree_Status":"Tree","Tree_Age":"Semi-Mature","DBH_in_cm":28,"Locality":"Erskineville Neighbourhood North","ParkName":"Not applicable","OBJECTID":39395}},{"type":"Feature","id":17214,"geometry":{"type":"Point","coordinates":[151.187580556134,-33.8950933623972]},"properties":{"asset_id":"TS09453","TreeType":"Street Tree","SpeciesName":"Melaleuca quinquenervia","CommonName":"Broad Leaf Paperbark","TreeHeight":7,"TreeCanopyNS":3,"Tree_Status":"Tree","Tree_Age":"Mature","DBH_in_cm":23,"Locality":"North Newtown","ParkName":"Not applicable","OBJECTID":17214}},{"type":"Feature","id":23165,"geometry":{"type":"Point","coordinates":[151.178355568948,-33.8880751378813]},"properties":{"asset_id":"TS23200","TreeType":"Street Tree","SpeciesName":"Tristaniopsis laurina","CommonName":"Water Gum","TreeHeight":5,"TreeCanopyNS":2,"Tree_Status":"Tree","Tree_Age":"Mature","DBH_in_cm":14,"Locality":"Camperdown","ParkName":"Not applicable","OBJECTID":23165}},{"type":"Feature","id":12380,"geometry":{"type":"Point","coordinates":[151.179806256344,-33.8986847475354]},"properties":{"asset_id":"TS11772","TreeType":"Street Tree","SpeciesName":"Pistacia chinensis","CommonName":"Chinese Pistacia","TreeHeight":7,"TreeCanopyNS":4,"Tree_Status":"Tree","Tree_Age":"Semi-Mature","DBH_in_cm":19,"Locality":"Erskineville Neighbourhood South","ParkName":"Not applicable","OBJECTID":12380}},{"type":"Feature","id":9463,"geometry":{"type":"Point","coordinates":[151.189442876525,-33.8904714022415]},"properties":{"asset_id":"TS23725","TreeType":"Street Tree","SpeciesName":"Lophostemon confertus","CommonName":"Brush Box","TreeHeight":14,"TreeCanopyNS":9,"Tree_Status":"Tree","Tree_Age":"Mature","DBH_in_cm":36,"Locality":"University of Sydney and Royal Prince Alfred Hospital","ParkName":"Not applicable","OBJECTID":9463}},{"type":"Feature","id":13376,"geometry":{"type":"Point","coordinates":[151.185987965511,-33.8951653194144]},"properties":{"asset_id":"TS15270","TreeType":"Street Tree","SpeciesName":"Lophostemon confertus","CommonName":"Brush Box","TreeHeight":10,"TreeCanopyNS":6,"Tree_Status":"Tree","Tree_Age":"Mature","DBH_in_cm":54,"Locality":"North Newtown","ParkName":"Not applicable","OBJECTID":13376}},{"type":"Feature","id":11716,"geometry":{"type":"Point","coordinates":[151.187116402817,-33.8939052576332]},"properties":{"asset_id":"TS05189","TreeType":"Street Tree","SpeciesName":"Cinnamomum camphora","CommonName":"Camphor Laurel","TreeHeight":16,"TreeCanopyNS":19,"Tree_Status":"Tree","Tree_Age":"Mature","DBH_in_cm":134,"Locality":"North Newtown","ParkName":"Not applicable","OBJECTID":11716}},{"type":"Feature","id":8538,"geometry":{"type":"Point","coordinates":[151.18152199599,-33.8945274900674]},"properties":{"asset_id":"TS02987","TreeType":"Street Tree","SpeciesName":"Lophostemon confertus","CommonName":"Brush Box","TreeHeight":7,"TreeCanopyNS":6,"Tree_Status":"Tree","Tree_Age":"Mature","DBH_in_cm":45,"Locality":"North Newtown","ParkName":"Not applicable","OBJECTID":8538}},{"type":"Feature","id":11787,"geometry":{"type":"Point","coordinates":[151.183091589171,-33.8971243857387]},"properties":{"asset_id":"TS06094","TreeType":"Street Tree","SpeciesName":"Fraxinus griffithii","CommonName":"Evergreen Ash","TreeHeight":6,"TreeCanopyNS":6,"Tree_Status":"Tree","Tree_Age":"Mature","DBH_in_cm":25,"Locality":"North Newtown","ParkName":"Not applicable","OBJECTID":11787}},{"type":"Feature","id":33937,"geometry":{"type":"Point","coordinates":[151.18992736473,-33.8979380445412]},"properties":{"asset_id":"TP04176","TreeType":"Park Tree","SpeciesName":"Ficus rubiginosa","CommonName":"Port Jackson or Rusty Fig","TreeHeight":8,"TreeCanopyNS":7,"Tree_Status":"Tree","Tree_Age":"Mature","DBH_in_cm":46,"Locality":"Erskineville Oval","ParkName":"South Sydney Rotary Park #1","OBJECTID":33937}},{"type":"Feature","id":4245,"geometry":{"type":"Point","coordinates":[151.189874392873,-33.8931074784379]},"properties":{"asset_id":"TS00167","TreeType":"Street Tree","SpeciesName":"Lophostemon confertus","CommonName":"Brush Box","TreeHeight":6,"TreeCanopyNS":4,"Tree_Status":"Tree","Tree_Age":"Semi-Mature","DBH_in_cm":22,"Locality":"Darlington and West Redfern","ParkName":"Not applicable","OBJECTID":4245}},{"type":"Feature","id":14727,"geometry":{"type":"Point","coordinates":[151.183666259817,-33.8955725008075]},"properties":{"asset_id":"TS15018","TreeType":"Street Tree","SpeciesName":"Corymbia maculata","CommonName":"Spotted Gum","TreeHeight":12,"TreeCanopyNS":6,"Tree_Status":"Tree","Tree_Age":"Mature","DBH_in_cm":26,"Locality":"North Newtown","ParkName":"Not applicable","OBJECTID":14727}},{"type":"Feature","id":13731,"geometry":{"type":"Point","coordinates":[151.185559770522,-33.8951392638862]},"properties":{"asset_id":"TS15880","TreeType":"Street Tree","SpeciesName":"Koelreuteria paniculata","CommonName":"Golden Rain Tree","TreeHeight":4,"TreeCanopyNS":2,"Tree_Status":"Tree","Tree_Age":"Semi-Mature","DBH_in_cm":11,"Locality":"North Newtown","ParkName":"Not applicable","OBJECTID":13731}},{"type":"Feature","id":14063,"geometry":{"type":"Point","coordinates":[151.189644711526,-33.8940135936773]},"properties":{"asset_id":"TS17324","TreeType":"Street Tree","SpeciesName":"Lophostemon confertus","CommonName":"Brush Box","TreeHeight":11,"TreeCanopyNS":9,"Tree_Status":"Tree","Tree_Age":"Mature","DBH_in_cm":56,"Locality":"Darlington and West Redfern","ParkName":"Not applicable","OBJECTID":14063}},{"type":"Feature","id":10768,"geometry":{"type":"Point","coordinates":[151.187537619093,-33.895420781901]},"properties":{"asset_id":"TS09465","TreeType":"Street Tree","SpeciesName":"Callistemon citrinus","CommonName":"Crimson Bottlebrush","TreeHeight":5,"TreeCanopyNS":5,"Tree_Status":"Tree","Tree_Age":"Mature","DBH_in_cm":21,"Locality":"North Newtown","ParkName":"Not applicable","OBJECTID":10768}},{"type":"Feature","id":29809,"geometry":{"type":"Point","coordinates":[151.183438079743,-33.8987902210552]},"properties":{"asset_id":"TP01298","TreeType":"Park Tree","SpeciesName":"Corymbia ficifolia","CommonName":"Flowering Gum","TreeHeight":7,"TreeCanopyNS":9,"Tree_Status":"Tree","Tree_Age":"Mature","DBH_in_cm":35,"Locality":"Erskineville Neighbourhood North","ParkName":"Pinkstone Playground","OBJECTID":29809}},{"type":"Feature","id":11169,"geometry":{"type":"Point","coordinates":[151.17981634246,-33.8924504883251]},"properties":{"asset_id":"TS01052","TreeType":"Street Tree","SpeciesName":"Tristaniopsis laurina","CommonName":"Water Gum","TreeHeight":9,"TreeCanopyNS":8,"Tree_Status":"Tree","Tree_Age":"Mature","DBH_in_cm":43,"Locality":"North Newtown","ParkName":"Not applicable","OBJECTID":11169}},{"type":"Feature","id":27817,"geometry":{"type":"Point","coordinates":[151.186446312546,-33.8948194007728]},"properties":{"asset_id":"TP02202","TreeType":"Park Tree","SpeciesName":"Ficus rubiginosa","CommonName":"Port Jackson or Rusty Fig","TreeHeight":7,"TreeCanopyNS":11,"Tree_Status":"Tree","Tree_Age":"Mature","DBH_in_cm":54,"Locality":"North Newtown","ParkName":"Hollis Park","OBJECTID":27817}},{"type":"Feature","id":28481,"geometry":{"type":"Point","coordinates":[151.182033489383,-33.8960493237796]},"properties":{"asset_id":"TS33600","TreeType":"Street Tree","SpeciesName":"Callistemon viminalis","CommonName":"Weeping Bottlebrush","TreeHeight":6,"TreeCanopyNS":4,"Tree_Status":"Tree","Tree_Age":"Mature","DBH_in_cm":19,"Locality":"North Newtown","ParkName":"Not applicable","OBJECTID":28481}},{"type":"Feature","id":32563,"geometry":{"type":"Point","coordinates":[151.181151288027,-33.8965453272842]},"properties":{"asset_id":"TS15210","TreeType":"Street Tree","SpeciesName":"Koelreuteria paniculata","CommonName":"Golden Rain Tree","TreeHeight":3,"TreeCanopyNS":1,"Tree_Status":"Tree","Tree_Age":"Semi-Mature","DBH_in_cm":4,"Locality":"North Newtown","ParkName":"Not applicable","OBJECTID":32563}},{"type":"Feature","id":10173,"geometry":{"type":"Point","coordinates":[151.187536451348,-33.8939276709944]},"properties":{"asset_id":"TS05177","TreeType":"Street Tree","SpeciesName":"Jacaranda mimosifolia","CommonName":"Jacaranda","TreeHeight":10,"TreeCanopyNS":9,"Tree_Status":"Tree","Tree_Age":"Mature","DBH_in_cm":36,"Locality":"North Newtown","ParkName":"Not applicable","OBJECTID":10173}},{"type":"Feature","id":16888,"geometry":{"type":"Point","coordinates":[151.188663034271,-33.8919915352738]},"properties":{"asset_id":"TS08736","TreeType":"Street Tree","SpeciesName":"Eucalyptus microcorys","CommonName":"Tallow Wood","TreeHeight":17,"TreeCanopyNS":14,"Tree_Status":"Tree","Tree_Age":"Mature","DBH_in_cm":81,"Locality":"University of Sydney and Royal Prince Alfred Hospital","ParkName":"Not applicable","OBJECTID":16888}},{"type":"Feature","id":11146,"geometry":{"type":"Point","coordinates":[151.179806761352,-33.8918989361405]},"properties":{"asset_id":"TS00812","TreeType":"Street Tree","SpeciesName":"Tristaniopsis laurina","CommonName":"Water Gum","TreeHeight":10,"TreeCanopyNS":7,"Tree_Status":"Tree","Tree_Age":"Mature","DBH_in_cm":35,"Locality":"North Newtown","ParkName":"Not applicable","OBJECTID":11146}},{"type":"Feature","id":15769,"geometry":{"type":"Point","coordinates":[151.183733113068,-33.8954590565867]},"properties":{"asset_id":"TS14989","TreeType":"Street Tree","SpeciesName":"Melaleuca quinquenervia","CommonName":"Broad Leaf Paperbark","TreeHeight":14,"TreeCanopyNS":10,"Tree_Status":"Tree","Tree_Age":"Mature","DBH_in_cm":100,"Locality":"North Newtown","ParkName":"Not applicable","OBJECTID":15769}},{"type":"Feature","id":32417,"geometry":{"type":"Point","coordinates":[151.182120448336,-33.8956102904654]},"properties":{"asset_id":"TP00018","TreeType":"Park Tree","SpeciesName":"Jacaranda mimosifolia","CommonName":"Jacaranda","TreeHeight":9,"TreeCanopyNS":2,"Tree_Status":"Tree","Tree_Age":"Semi-Mature","DBH_in_cm":18,"Locality":"North Newtown","ParkName":"WJ Thurbon Reserve","OBJECTID":32417}},{"type":"Feature","id":12875,"geometry":{"type":"Point","coordinates":[151.187117976899,-33.8927018244036]},"properties":{"asset_id":"TS13172","TreeType":"Street Tree","SpeciesName":"Tristaniopsis laurina","CommonName":"Water Gum","TreeHeight":7,"TreeCanopyNS":3,"Tree_Status":"Tree","Tree_Age":"Semi-Mature","DBH_in_cm":15,"Locality":"North Newtown","ParkName":"Not applicable","OBJECTID":12875}},{"type":"Feature","id":13539,"geometry":{"type":"Point","coordinates":[151.187672850134,-33.895683463639]},"properties":{"asset_id":"TS29308","TreeType":"Street Tree","SpeciesName":"Jacaranda mimosifolia","CommonName":"Jacaranda","TreeHeight":7,"TreeCanopyNS":5,"Tree_Status":"Tree","Tree_Age":"Semi-Mature","DBH_in_cm":20,"Locality":"North Newtown","ParkName":"Not applicable","OBJECTID":13539}},{"type":"Feature","id":15846,"geometry":{"type":"Point","coordinates":[151.184727460255,-33.8939153379091]},"properties":{"asset_id":"TS15537","TreeType":"Street Tree","SpeciesName":"Eucalyptus microcorys","CommonName":"Tallow Wood","TreeHeight":17,"TreeCanopyNS":12,"Tree_Status":"Tree","Tree_Age":"Mature","DBH_in_cm":66,"Locality":"North Newtown","ParkName":"Not applicable","OBJECTID":15846}},{"type":"Feature","id":29174,"geometry":{"type":"Point","coordinates":[151.181266463722,-33.8944162301499]},"properties":{"asset_id":"TP01141","TreeType":"Park Tree","SpeciesName":"Tristaniopsis laurina","CommonName":"Water Gum","TreeHeight":8,"TreeCanopyNS":6,"Tree_Status":"Tree","Tree_Age":"Mature","DBH_in_cm":30,"Locality":"North Newtown","ParkName":"Ernest Wright Playground","OBJECTID":29174}},{"type":"Feature","id":28510,"geometry":{"type":"Point","coordinates":[151.181078425215,-33.8964832939751]},"properties":{"asset_id":"TS32912","TreeType":"Street Tree","SpeciesName":"Melaleuca linariifolia","CommonName":"Snow in Summer","TreeHeight":7,"TreeCanopyNS":4,"Tree_Status":"Tree","Tree_Age":"Semi-Mature","DBH_in_cm":16,"Locality":"North Newtown","ParkName":"Not applicable","OBJECTID":28510}},{"type":"Feature","id":13516,"geometry":{"type":"Point","coordinates":[151.182674986736,-33.8968166088879]},"properties":{"asset_id":"TS29291","TreeType":"Street Tree","SpeciesName":"Melaleuca quinquenervia","CommonName":"Broad Leaf Paperbark","TreeHeight":13,"TreeCanopyNS":14,"Tree_Status":"Tree","Tree_Age":"Mature","DBH_in_cm":74,"Locality":"North Newtown","ParkName":"Not applicable","OBJECTID":13516}},{"type":"Feature","id":13639,"geometry":{"type":"Point","coordinates":[151.188076490761,-33.8936092788166]},"properties":{"asset_id":"TS08166","TreeType":"Street Tree","SpeciesName":"Lophostemon confertus","CommonName":"Brush Box","TreeHeight":13,"TreeCanopyNS":11,"Tree_Status":"Tree","Tree_Age":"Mature","DBH_in_cm":73,"Locality":"North Newtown","ParkName":"Not applicable","OBJECTID":13639}},{"type":"Feature","id":15483,"geometry":{"type":"Point","coordinates":[151.187829965565,-33.8943241548247]},"properties":{"asset_id":"TS13158","TreeType":"Street Tree","SpeciesName":"Tristaniopsis laurina","CommonName":"Water Gum","TreeHeight":9,"TreeCanopyNS":11,"Tree_Status":"Tree","Tree_Age":"Mature","DBH_in_cm":46,"Locality":"North Newtown","ParkName":"Not applicable","OBJECTID":15483}},{"type":"Feature","id":11175,"geometry":{"type":"Point","coordinates":[151.180136885822,-33.8931963605004]},"properties":{"asset_id":"TS01045","TreeType":"Street Tree","SpeciesName":"Tristaniopsis laurina","CommonName":"Water Gum","TreeHeight":9,"TreeCanopyNS":8,"Tree_Status":"Tree","Tree_Age":"Mature","DBH_in_cm":45,"Locality":"North Newtown","ParkName":"Not applicable","OBJECTID":11175}},{"type":"Feature","id":46881,"geometry":{"type":"Point","coordinates":[151.184198838956,-33.8980654444541]},"properties":{"asset_id":"TS09796","TreeType":"Street Tree","SpeciesName":"Liriodendron tulipifera","CommonName":"Tulip Tree","TreeHeight":5,"TreeCanopyNS":1,"Tree_Status":"Tree","Tree_Age":"Semi-Mature","DBH_in_cm":8,"Locality":"Erskineville Neighbourhood North","ParkName":"Not applicable","OBJECTID":46881}},{"type":"Feature","id":27823,"geometry":{"type":"Point","coordinates":[151.186158316862,-33.8949080384396]},"properties":{"asset_id":"TP02200","TreeType":"Park Tree","SpeciesName":"Ficus rubiginosa","CommonName":"Port Jackson or Rusty Fig","TreeHeight":7,"TreeCanopyNS":19,"Tree_Status":"Tree","Tree_Age":"Mature","DBH_in_cm":54,"Locality":"North Newtown","ParkName":"Hollis Park","OBJECTID":27823}},{"type":"Feature","id":15823,"geometry":{"type":"Point","coordinates":[151.187058352794,-33.8948138034131]},"properties":{"asset_id":"TS15277","TreeType":"Street Tree","SpeciesName":"Lophostemon confertus","CommonName":"Brush Box","TreeHeight":15,"TreeCanopyNS":9,"Tree_Status":"Tree","Tree_Age":"Mature","DBH_in_cm":82,"Locality":"North Newtown","ParkName":"Not applicable","OBJECTID":15823}},{"type":"Feature","id":12921,"geometry":{"type":"Point","coordinates":[151.186754779834,-33.8956740084493]},"properties":{"asset_id":"TS13388","TreeType":"Street Tree","SpeciesName":"Liquidambar styraciflua","CommonName":"Liquidamber or Sweet Gum","TreeHeight":15,"TreeCanopyNS":20,"Tree_Status":"Tree","Tree_Age":"Mature","DBH_in_cm":100,"Locality":"North Newtown","ParkName":"Not applicable","OBJECTID":12921}},{"type":"Feature","id":42381,"geometry":{"type":"Point","coordinates":[151.185400379921,-33.8976963098076]},"properties":{"asset_id":"TS44261","TreeType":"Park Tree","SpeciesName":"Washingtonia robusta","CommonName":"Mexican or Washington Palm","TreeHeight":3,"TreeCanopyNS":4,"Tree_Status":"Tree","Tree_Age":"Semi-Mature","DBH_in_cm":29,"Locality":"Erskineville Neighbourhood North","ParkName":"Burren Street Reserve Playground","OBJECTID":42381}},{"type":"Feature","id":28487,"geometry":{"type":"Point","coordinates":[151.18210241591,-33.8961592706973]},"properties":{"asset_id":"TS33596","TreeType":"Street Tree","SpeciesName":"Grevillea robusta","CommonName":"Silky Oak","TreeHeight":16,"TreeCanopyNS":8,"Tree_Status":"Tree","Tree_Age":"Mature","DBH_in_cm":53,"Locality":"North Newtown","ParkName":"Not applicable","OBJECTID":28487}},{"type":"Feature","id":10342,"geometry":{"type":"Point","coordinates":[151.183023453146,-33.8965132670276]},"properties":{"asset_id":"TS06088","TreeType":"Street Tree","SpeciesName":"Jacaranda mimosifolia","CommonName":"Jacaranda","TreeHeight":10,"TreeCanopyNS":8,"Tree_Status":"Tree","Tree_Age":"Mature","DBH_in_cm":30,"Locality":"North Newtown","ParkName":"Not applicable","OBJECTID":10342}},{"type":"Feature","id":45653,"geometry":{"type":"Point","coordinates":[151.185751826264,-33.8989977312086]},"properties":{"asset_id":"TS46228","TreeType":"Street Tree","SpeciesName":"Acacia sp.","CommonName":"Wattle","TreeHeight":7,"TreeCanopyNS":3,"Tree_Status":"Tree","Tree_Age":"Semi-Mature","DBH_in_cm":27,"Locality":"Erskineville Neighbourhood North","ParkName":"Not applicable","OBJECTID":45653}},{"type":"Feature","id":24259,"geometry":{"type":"Point","coordinates":[151.188185547271,-33.8920472730731]},"properties":{"asset_id":"TS17303","TreeType":"Street Tree","SpeciesName":"Liriodendron tulipifera","CommonName":"Tulip Tree","TreeHeight":5,"TreeCanopyNS":2,"Tree_Status":"Tree","Tree_Age":"Semi-Mature","DBH_in_cm":9,"Locality":"Darlington and West Redfern","ParkName":"Not applicable","OBJECTID":24259}},{"type":"Feature","id":19095,"geometry":{"type":"Point","coordinates":[151.180260442287,-33.8934881838603]},"properties":{"asset_id":"TS01057","TreeType":"Street Tree","SpeciesName":"Elaeocarpus reticulatus","CommonName":"Blueberry Ash","TreeHeight":7,"TreeCanopyNS":4,"Tree_Status":"Tree","Tree_Age":"Semi-Mature","DBH_in_cm":13,"Locality":"North Newtown","ParkName":"Not applicable","OBJECTID":19095}},{"type":"Feature","id":11570,"geometry":{"type":"Point","coordinates":[151.184351950484,-33.8976935721684]},"properties":{"asset_id":"TS04493","TreeType":"Street Tree","SpeciesName":"Tristaniopsis laurina","CommonName":"Water Gum","TreeHeight":8,"TreeCanopyNS":5,"Tree_Status":"Tree","Tree_Age":"Mature","DBH_in_cm":38,"Locality":"Erskineville Neighbourhood North","ParkName":"Not applicable","OBJECTID":11570}},{"type":"Feature","id":10931,"geometry":{"type":"Point","coordinates":[151.18633838632,-33.8960964720544]},"properties":{"asset_id":"TS10375","TreeType":"Street Tree","SpeciesName":"Jacaranda mimosifolia","CommonName":"Jacaranda","TreeHeight":6,"TreeCanopyNS":4,"Tree_Status":"Tree","Tree_Age":"Semi-Mature","DBH_in_cm":22,"Locality":"North Newtown","ParkName":"Not applicable","OBJECTID":10931}},{"type":"Feature","id":27800,"geometry":{"type":"Point","coordinates":[151.185598536553,-33.8945292701138]},"properties":{"asset_id":"TP02208","TreeType":"Park Tree","SpeciesName":"Ficus macrophylla","CommonName":"Moreton Bay Fig","TreeHeight":15,"TreeCanopyNS":24,"Tree_Status":"Tree","Tree_Age":"Mature","DBH_in_cm":91,"Locality":"North Newtown","ParkName":"Hollis Park","OBJECTID":27800}},{"type":"Feature","id":12898,"geometry":{"type":"Point","coordinates":[151.18565309661,-33.8980738923282]},"properties":{"asset_id":"TS06159","TreeType":"Street Tree","SpeciesName":"Melaleuca quinquenervia","CommonName":"Broad Leaf Paperbark","TreeHeight":15,"TreeCanopyNS":12,"Tree_Status":"Tree","Tree_Age":"Mature","DBH_in_cm":100,"Locality":"Erskineville Neighbourhood North","ParkName":"Not applicable","OBJECTID":12898}},{"type":"Feature","id":28464,"geometry":{"type":"Point","coordinates":[151.182032460686,-33.8961741987975]},"properties":{"asset_id":"TS33608","TreeType":"Street Tree","SpeciesName":"Eucalyptus microcorys","CommonName":"Tallow Wood","TreeHeight":19,"TreeCanopyNS":20,"Tree_Status":"Tree","Tree_Age":"Mature","DBH_in_cm":114,"Locality":"North Newtown","ParkName":"Not applicable","OBJECTID":28464}},{"type":"Feature","id":28218,"geometry":{"type":"Point","coordinates":[151.182276463715,-33.897868281493]},"properties":{"asset_id":"TP03907","TreeType":"Park Tree","SpeciesName":"Corymbia maculata","CommonName":"Spotted Gum","TreeHeight":5,"TreeCanopyNS":1,"Tree_Status":"Tree","Tree_Age":"Semi-Mature","DBH_in_cm":7,"Locality":"Erskineville Neighbourhood North","ParkName":"Green Ban Park","OBJECTID":28218}},{"type":"Feature","id":12374,"geometry":{"type":"Point","coordinates":[151.179448516648,-33.8985738667278]},"properties":{"asset_id":"TS11768","TreeType":"Street Tree","SpeciesName":"Pistacia chinensis","CommonName":"Chinese Pistacia","TreeHeight":3,"TreeCanopyNS":2,"Tree_Status":"Tree","Tree_Age":"Semi-Mature","DBH_in_cm":7,"Locality":"Erskineville Neighbourhood South","ParkName":"Not applicable","OBJECTID":12374}},{"type":"Feature","id":41840,"geometry":{"type":"Point","coordinates":[151.181973961671,-33.8892812864117]},"properties":{"asset_id":"TS35580","TreeType":"Street Tree","SpeciesName":"Flindersia australis","CommonName":"Crows Ash","TreeHeight":5,"TreeCanopyNS":2,"Tree_Status":"Tree","Tree_Age":"Semi-Mature","DBH_in_cm":10,"Locality":"University of Sydney and Royal Prince Alfred Hospital","ParkName":"Not applicable","OBJECTID":41840}},{"type":"Feature","id":12125,"geometry":{"type":"Point","coordinates":[151.181066374716,-33.8913581084307]},"properties":{"asset_id":"TS23456","TreeType":"Street Tree","SpeciesName":"Platanus acerifolia","CommonName":"London Plane","TreeHeight":15,"TreeCanopyNS":14,"Tree_Status":"Tree","Tree_Age":"Mature","DBH_in_cm":44,"Locality":"Camperdown","ParkName":"Not applicable","OBJECTID":12125}},{"type":"Feature","id":27030,"geometry":{"type":"Point","coordinates":[151.185012905966,-33.8952838698663]},"properties":{"asset_id":"TP01602","TreeType":"Park Tree","SpeciesName":"Lagerstroemia indica","CommonName":"Crepe Myrtle","TreeHeight":10,"TreeCanopyNS":14,"Tree_Status":"Tree","Tree_Age":"Mature","DBH_in_cm":46,"Locality":"North Newtown","ParkName":"Jack Haynes Rest Area","OBJECTID":27030}},{"type":"Feature","id":12706,"geometry":{"type":"Point","coordinates":[151.185826889031,-33.8957504272824]},"properties":{"asset_id":"TS12329","TreeType":"Street Tree","SpeciesName":"Lagerstroemia indica","CommonName":"Crepe Myrtle","TreeHeight":7,"TreeCanopyNS":7,"Tree_Status":"Tree","Tree_Age":"Mature","DBH_in_cm":25,"Locality":"North Newtown","ParkName":"Not applicable","OBJECTID":12706}},{"type":"Feature","id":15955,"geometry":{"type":"Point","coordinates":[151.182855408568,-33.8968446999752]},"properties":{"asset_id":"TS29297","TreeType":"Street Tree","SpeciesName":"Pistacia chinensis","CommonName":"Chinese Pistacia","TreeHeight":8,"TreeCanopyNS":6,"Tree_Status":"Tree","Tree_Age":"Mature","DBH_in_cm":23,"Locality":"North Newtown","ParkName":"Not applicable","OBJECTID":15955}},{"type":"Feature","id":27184,"geometry":{"type":"Point","coordinates":[151.189971953145,-33.89879074976]},"properties":{"asset_id":"TP02008","TreeType":"Park Tree","SpeciesName":"Melaleuca quinquenervia","CommonName":"Broad Leaf Paperbark","TreeHeight":13,"TreeCanopyNS":8,"Tree_Status":"Tree","Tree_Age":"Mature","DBH_in_cm":68,"Locality":"Erskineville Oval","ParkName":"Solander Park","OBJECTID":27184}},{"type":"Feature","id":48564,"geometry":{"type":"Point","coordinates":[151.18928052772,-33.8915377535908]},"properties":{"asset_id":"TS01570","TreeType":"Street Tree","SpeciesName":"Liriodendron tulipifera","CommonName":"Tulip Tree","TreeHeight":5,"TreeCanopyNS":3,"Tree_Status":"Tree","Tree_Age":"Semi-Mature","DBH_in_cm":11,"Locality":"University of Sydney and Royal Prince Alfred Hospital","ParkName":"Not applicable","OBJECTID":48564}},{"type":"Feature","id":26543,"geometry":{"type":"Point","coordinates":[151.182190309947,-33.8926650841505]},"properties":{"asset_id":"TP06873","TreeType":"Park Tree","SpeciesName":"Archontophoenix cunninghamiana","CommonName":"Bangalow Palm","TreeHeight":8,"TreeCanopyNS":4,"Tree_Status":"Tree","Tree_Age":"Semi-Mature","DBH_in_cm":16,"Locality":"North Newtown","ParkName":"Goddard Reserve","OBJECTID":26543}},{"type":"Feature","id":38236,"geometry":{"type":"Point","coordinates":[151.183260477735,-33.8925933157462]},"properties":{"asset_id":"TS35310","TreeType":"Street Tree","SpeciesName":"Flindersia australis","CommonName":"Crows Ash","TreeHeight":5,"TreeCanopyNS":4,"Tree_Status":"Tree","Tree_Age":"Semi-Mature","DBH_in_cm":12,"Locality":"University of Sydney and Royal Prince Alfred Hospital","ParkName":"Not applicable","OBJECTID":38236}},{"type":"Feature","id":14733,"geometry":{"type":"Point","coordinates":[151.183619209114,-33.8954762230306]},"properties":{"asset_id":"TS15020","TreeType":"Street Tree","SpeciesName":"Jacaranda mimosifolia","CommonName":"Jacaranda","TreeHeight":10,"TreeCanopyNS":9,"Tree_Status":"Tree","Tree_Age":"Mature","DBH_in_cm":43,"Locality":"North Newtown","ParkName":"Not applicable","OBJECTID":14733}},{"type":"Feature","id":27871,"geometry":{"type":"Point","coordinates":[151.186519417415,-33.8946403104957]},"properties":{"asset_id":"TP01624","TreeType":"Park Tree","SpeciesName":"Ficus macrophylla","CommonName":"Moreton Bay Fig","TreeHeight":16,"TreeCanopyNS":15,"Tree_Status":"Tree","Tree_Age":"Mature","DBH_in_cm":96,"Locality":"North Newtown","ParkName":"Hollis Park","OBJECTID":27871}},{"type":"Feature","id":27754,"geometry":{"type":"Point","coordinates":[151.189507446835,-33.8980312434008]},"properties":{"asset_id":"TS33587","TreeType":"Street Tree","SpeciesName":"Melaleuca styphelioides","CommonName":"Prickly Paperbark","TreeHeight":5,"TreeCanopyNS":1,"Tree_Status":"Tree","Tree_Age":"Semi-Mature","DBH_in_cm":7,"Locality":"Erskineville Oval","ParkName":"Not applicable","OBJECTID":27754}},{"type":"Feature","id":13608,"geometry":{"type":"Point","coordinates":[151.187591798695,-33.8956453899463]},"properties":{"asset_id":"TS29404","TreeType":"Street Tree","SpeciesName":"Jacaranda mimosifolia","CommonName":"Jacaranda","TreeHeight":7,"TreeCanopyNS":5,"Tree_Status":"Tree","Tree_Age":"Mature","DBH_in_cm":50,"Locality":"North Newtown","ParkName":"Not applicable","OBJECTID":13608}},{"type":"Feature","id":7751,"geometry":{"type":"Point","coordinates":[151.182910885882,-33.8916660444154]},"properties":{"asset_id":"TS22186","TreeType":"Street Tree","SpeciesName":"Lophostemon confertus","CommonName":"Brush Box","TreeHeight":14,"TreeCanopyNS":15,"Tree_Status":"Tree","Tree_Age":"Mature","DBH_in_cm":65,"Locality":"North Newtown","ParkName":"Not applicable","OBJECTID":7751}},{"type":"Feature","id":29984,"geometry":{"type":"Point","coordinates":[151.182358867483,-33.8982807786336]},"properties":{"asset_id":"TP03729","TreeType":"Park Tree","SpeciesName":"Eucalyptus microcorys","CommonName":"Tallow Wood","TreeHeight":16,"TreeCanopyNS":9,"Tree_Status":"Tree","Tree_Age":"Mature","DBH_in_cm":51,"Locality":"Erskineville Road Village Centre","ParkName":"Green Bans Park","OBJECTID":29984}},{"type":"Feature","id":5095,"geometry":{"type":"Point","coordinates":[151.178464115732,-33.8874297484908]},"properties":{"asset_id":"TS25113","TreeType":"Street Tree","SpeciesName":"Lophostemon confertus","CommonName":"Brush Box","TreeHeight":14,"TreeCanopyNS":6,"Tree_Status":"Tree","Tree_Age":"Mature","DBH_in_cm":45,"Locality":"Camperdown","ParkName":"Not applicable","OBJECTID":5095}},{"type":"Feature","id":8095,"geometry":{"type":"Point","coordinates":[151.189969545008,-33.8929438590999]},"properties":{"asset_id":"TS00156","TreeType":"Street Tree","SpeciesName":"Liquidambar styraciflua","CommonName":"Liquidamber or Sweet Gum","TreeHeight":10,"TreeCanopyNS":5,"Tree_Status":"Tree","Tree_Age":"Semi-Mature","DBH_in_cm":33,"Locality":"University of Sydney and Royal Prince Alfred Hospital","ParkName":"Not applicable","OBJECTID":8095}},{"type":"Feature","id":13359,"geometry":{"type":"Point","coordinates":[151.18492475148,-33.8989229640171]},"properties":{"asset_id":"TS06590","TreeType":"Street Tree","SpeciesName":"Liquidambar styraciflua","CommonName":"Liquidamber or Sweet Gum","TreeHeight":16,"TreeCanopyNS":17,"Tree_Status":"Tree","Tree_Age":"Mature","DBH_in_cm":63,"Locality":"Erskineville Neighbourhood North","ParkName":"Not applicable","OBJECTID":13359}},{"type":"Feature","id":37950,"geometry":{"type":"Point","coordinates":[151.187903483972,-33.8985512194101]},"properties":{"asset_id":"TS34978","TreeType":"Street Tree","SpeciesName":"Lophostemon confertus","CommonName":"Brush Box","TreeHeight":7,"TreeCanopyNS":3,"Tree_Status":"Tree","Tree_Age":"Semi-Mature","DBH_in_cm":16,"Locality":"Erskineville Oval","ParkName":"Not applicable","OBJECTID":37950}},{"type":"Feature","id":14687,"geometry":{"type":"Point","coordinates":[151.182826827426,-33.8919687791481]},"properties":{"asset_id":"TS22197","TreeType":"Street Tree","SpeciesName":"Flindersia australis","CommonName":"Crows Ash","TreeHeight":9,"TreeCanopyNS":4,"Tree_Status":"Tree","Tree_Age":"Semi-Mature","DBH_in_cm":19,"Locality":"North Newtown","ParkName":"Not applicable","OBJECTID":14687}},{"type":"Feature","id":13347,"geometry":{"type":"Point","coordinates":[151.185100079051,-33.8952881302058]},"properties":{"asset_id":"TS15255","TreeType":"Street Tree","SpeciesName":"Koelreuteria paniculata","CommonName":"Golden Rain Tree","TreeHeight":5,"TreeCanopyNS":3,"Tree_Status":"Tree","Tree_Age":"Semi-Mature","DBH_in_cm":20,"Locality":"North Newtown","ParkName":"Not applicable","OBJECTID":13347}},{"type":"Feature","id":10937,"geometry":{"type":"Point","coordinates":[151.181656079497,-33.897125021678]},"properties":{"asset_id":"TS10441","TreeType":"Street Tree","SpeciesName":"Melaleuca quinquenervia","CommonName":"Broad Leaf Paperbark","TreeHeight":16,"TreeCanopyNS":9,"Tree_Status":"Tree","Tree_Age":"Mature","DBH_in_cm":100,"Locality":"North Newtown","ParkName":"Not applicable","OBJECTID":10937}},{"type":"Feature","id":28249,"geometry":{"type":"Point","coordinates":[151.182289694313,-33.8978359241669]},"properties":{"asset_id":"TP03888","TreeType":"Park Tree","SpeciesName":"Livistona australis","CommonName":"Cabbage Tree Palm","TreeHeight":4,"TreeCanopyNS":3,"Tree_Status":"Tree","Tree_Age":"Mature","DBH_in_cm":37,"Locality":"Erskineville Neighbourhood North","ParkName":"Green Ban Park","OBJECTID":28249}},{"type":"Feature","id":26675,"geometry":{"type":"Point","coordinates":[151.182797195146,-33.8982835499794]},"properties":{"asset_id":"TP01528","TreeType":"Street Tree","SpeciesName":"Brachychiton populneus","CommonName":"Kurrajong","TreeHeight":5,"TreeCanopyNS":3,"Tree_Status":"Tree","Tree_Age":"Semi-Mature","DBH_in_cm":17,"Locality":"Erskineville Neighbourhood North","ParkName":"Not applicable","OBJECTID":26675}},{"type":"Feature","id":15314,"geometry":{"type":"Point","coordinates":[151.189304511709,-33.8989602936197]},"properties":{"asset_id":"TS12154","TreeType":"Street Tree","SpeciesName":"Fraxinus griffithii","CommonName":"Evergreen Ash","TreeHeight":10,"TreeCanopyNS":6,"Tree_Status":"Tree","Tree_Age":"Mature","DBH_in_cm":40,"Locality":"Erskineville Oval","ParkName":"Not applicable","OBJECTID":15314}},{"type":"Feature","id":48418,"geometry":{"type":"Point","coordinates":[151.183434296117,-33.8984078299227]},"properties":{"asset_id":"TS14041","TreeType":"Street Tree","SpeciesName":"Backhousia citriodora","CommonName":"Lemon Scented Myrtle","TreeHeight":5,"TreeCanopyNS":2,"Tree_Status":"Tree","Tree_Age":"Semi-Mature","DBH_in_cm":9,"Locality":"Erskineville Neighbourhood North","ParkName":"Not applicable","OBJECTID":48418}},{"type":"Feature","id":21371,"geometry":{"type":"Point","coordinates":[151.185286757103,-33.8952147745157]},"properties":{"asset_id":"TS15252","TreeType":"Street Tree","SpeciesName":"Koelreuteria paniculata","CommonName":"Golden Rain Tree","TreeHeight":5,"TreeCanopyNS":4,"Tree_Status":"Tree","Tree_Age":"Semi-Mature","DBH_in_cm":13,"Locality":"North Newtown","ParkName":"Not applicable","OBJECTID":21371}},{"type":"Feature","id":10545,"geometry":{"type":"Point","coordinates":[151.188008533622,-33.8929932050455]},"properties":{"asset_id":"TS08138","TreeType":"Street Tree","SpeciesName":"Eucalyptus botryoides","CommonName":"Swamp Mahogany","TreeHeight":15,"TreeCanopyNS":9,"Tree_Status":"Tree","Tree_Age":"Mature","DBH_in_cm":45,"Locality":"Darlington and West Redfern","ParkName":"Not applicable","OBJECTID":10545}},{"type":"Feature","id":13545,"geometry":{"type":"Point","coordinates":[151.187723644654,-33.8958329974272]},"properties":{"asset_id":"TS29310","TreeType":"Street Tree","SpeciesName":"Melia azedarach","CommonName":"White Cedar","TreeHeight":12,"TreeCanopyNS":16,"Tree_Status":"Tree","Tree_Age":"Mature","DBH_in_cm":57,"Locality":"North Newtown","ParkName":"Not applicable","OBJECTID":13545}},{"type":"Feature","id":9217,"geometry":{"type":"Point","coordinates":[151.178158431631,-33.888132367901]},"properties":{"asset_id":"TS23197","TreeType":"Street Tree","SpeciesName":"Tristaniopsis laurina","CommonName":"Water Gum","TreeHeight":6,"TreeCanopyNS":4,"Tree_Status":"Tree","Tree_Age":"Mature","DBH_in_cm":30,"Locality":"Camperdown","ParkName":"Not applicable","OBJECTID":9217}},{"type":"Feature","id":45275,"geometry":{"type":"Point","coordinates":[151.189206327905,-33.8933751224168]},"properties":{"asset_id":"TS44902","TreeType":"Street Tree","SpeciesName":"Fraxinus pennsylvanica","CommonName":"Green Ash","TreeHeight":3,"TreeCanopyNS":1,"Tree_Status":"Tree","Tree_Age":"Young","DBH_in_cm":4,"Locality":"Darlington and West Redfern","ParkName":"Not applicable","OBJECTID":45275}},{"type":"Feature","id":6815,"geometry":{"type":"Point","coordinates":[151.185838625519,-33.8919749441465]},"properties":{"asset_id":"TS00893","TreeType":"Street Tree","SpeciesName":"Jacaranda mimosifolia","CommonName":"Jacaranda","TreeHeight":8,"TreeCanopyNS":7,"Tree_Status":"Tree","Tree_Age":"Mature","DBH_in_cm":28,"Locality":"North Newtown","ParkName":"Not applicable","OBJECTID":6815}},{"type":"Feature","id":9317,"geometry":{"type":"Point","coordinates":[151.179594211732,-33.8909205690041]},"properties":{"asset_id":"TS23414","TreeType":"Street Tree","SpeciesName":"Platanus acerifolia","CommonName":"London Plane","TreeHeight":15,"TreeCanopyNS":13,"Tree_Status":"Tree","Tree_Age":"Mature","DBH_in_cm":48,"Locality":"Camperdown","ParkName":"Not applicable","OBJECTID":9317}},{"type":"Feature","id":9323,"geometry":{"type":"Point","coordinates":[151.182294526595,-33.891575613207]},"properties":{"asset_id":"TS23416","TreeType":"Street Tree","SpeciesName":"Platanus acerifolia","CommonName":"London Plane","TreeHeight":14,"TreeCanopyNS":13,"Tree_Status":"Tree","Tree_Age":"Mature","DBH_in_cm":58,"Locality":"North Newtown","ParkName":"Not applicable","OBJECTID":9323}},{"type":"Feature","id":11979,"geometry":{"type":"Point","coordinates":[151.18521845685,-33.8937176091898]},"properties":{"asset_id":"TS08600","TreeType":"Street Tree","SpeciesName":"Harpephyllum caffrum","CommonName":"Kaffir Plum","TreeHeight":7,"TreeCanopyNS":8,"Tree_Status":"Tree","Tree_Age":"Mature","DBH_in_cm":50,"Locality":"North Newtown","ParkName":"Not applicable","OBJECTID":11979}},{"type":"Feature","id":12858,"geometry":{"type":"Point","coordinates":[151.185659471625,-33.8983905853067]},"properties":{"asset_id":"TS06153","TreeType":"Street Tree","SpeciesName":"Melaleuca quinquenervia","CommonName":"Broad Leaf Paperbark","TreeHeight":14,"TreeCanopyNS":11,"Tree_Status":"Tree","Tree_Age":"Mature","DBH_in_cm":85,"Locality":"Erskineville Neighbourhood North","ParkName":"Not applicable","OBJECTID":12858}},{"type":"Feature","id":13645,"geometry":{"type":"Point","coordinates":[151.188127027616,-33.8937863116248]},"properties":{"asset_id":"TS08168","TreeType":"Street Tree","SpeciesName":"Melaleuca quinquenervia","CommonName":"Broad Leaf Paperbark","TreeHeight":10,"TreeCanopyNS":13,"Tree_Status":"Tree","Tree_Age":"Mature","DBH_in_cm":75,"Locality":"North Newtown","ParkName":"Not applicable","OBJECTID":13645}},{"type":"Feature","id":5089,"geometry":{"type":"Point","coordinates":[151.178448105925,-33.8910659365969]},"properties":{"asset_id":"TS25090","TreeType":"Street Tree","SpeciesName":"Lophostemon confertus","CommonName":"Brush Box","TreeHeight":14,"TreeCanopyNS":11,"Tree_Status":"Tree","Tree_Age":"Mature","DBH_in_cm":47,"Locality":"Camperdown","ParkName":"Not applicable","OBJECTID":5089}},{"type":"Feature","id":14827,"geometry":{"type":"Point","coordinates":[151.184225263437,-33.8956052707521]},"properties":{"asset_id":"TS15246","TreeType":"Street Tree","SpeciesName":"Koelreuteria paniculata","CommonName":"Golden Rain Tree","TreeHeight":5,"TreeCanopyNS":2,"Tree_Status":"Tree","Tree_Age":"Semi-Mature","DBH_in_cm":13,"Locality":"North Newtown","ParkName":"Not applicable","OBJECTID":14827}},{"type":"Feature","id":27811,"geometry":{"type":"Point","coordinates":[151.186111655808,-33.8947064446219]},"properties":{"asset_id":"TP02204","TreeType":"Park Tree","SpeciesName":"Agathis robusta","CommonName":"Queensland Kauri","TreeHeight":15,"TreeCanopyNS":4,"Tree_Status":"Tree","Tree_Age":"Mature","DBH_in_cm":38,"Locality":"North Newtown","ParkName":"Hollis Park","OBJECTID":27811}},{"type":"Feature","id":45221,"geometry":{"type":"Point","coordinates":[151.181558892249,-33.8971543358632]},"properties":{"asset_id":"TS10442","TreeType":"Street Tree","SpeciesName":"Pistacia chinensis","CommonName":"Chinese Pistacia","TreeHeight":3,"TreeCanopyNS":1,"Tree_Status":"Tree","Tree_Age":"Young","DBH_in_cm":5,"Locality":"North Newtown","ParkName":"Not applicable","OBJECTID":45221}},{"type":"Feature","id":15076,"geometry":{"type":"Point","coordinates":[151.182009302418,-33.8970970524688]},"properties":{"asset_id":"TS10448","TreeType":"Street Tree","SpeciesName":"Melaleuca quinquenervia","CommonName":"Broad Leaf Paperbark","TreeHeight":13,"TreeCanopyNS":11,"Tree_Status":"Tree","Tree_Age":"Mature","DBH_in_cm":70,"Locality":"North Newtown","ParkName":"Not applicable","OBJECTID":15076}},{"type":"Feature","id":12912,"geometry":{"type":"Point","coordinates":[151.187600196345,-33.893761517425]},"properties":{"asset_id":"TS13185","TreeType":"Street Tree","SpeciesName":"Tristaniopsis laurina","CommonName":"Water Gum","TreeHeight":9,"TreeCanopyNS":8,"Tree_Status":"Tree","Tree_Age":"Mature","DBH_in_cm":41,"Locality":"North Newtown","ParkName":"Not applicable","OBJECTID":12912}},{"type":"Feature","id":15322,"geometry":{"type":"Point","coordinates":[151.189189864837,-33.8985981843504]},"properties":{"asset_id":"TS12137","TreeType":"Street Tree","SpeciesName":"Lophostemon confertus","CommonName":"Brush Box","TreeHeight":15,"TreeCanopyNS":10,"Tree_Status":"Tree","Tree_Age":"Mature","DBH_in_cm":67,"Locality":"Erskineville Oval","ParkName":"Not applicable","OBJECTID":15322}},{"type":"Feature","id":29091,"geometry":{"type":"Point","coordinates":[151.1899444363,-33.8914507557766]},"properties":{"asset_id":"TS01568","TreeType":"Street Tree","SpeciesName":"Liriodendron tulipifera","CommonName":"Tulip Tree","TreeHeight":5,"TreeCanopyNS":4,"Tree_Status":"Tree","Tree_Age":"Semi-Mature","DBH_in_cm":13,"Locality":"University of Sydney and Royal Prince Alfred Hospital","ParkName":"Not applicable","OBJECTID":29091}},{"type":"Feature","id":13353,"geometry":{"type":"Point","coordinates":[151.184891124063,-33.8988105631546]},"properties":{"asset_id":"TS06588","TreeType":"Street Tree","SpeciesName":"Liquidambar styraciflua","CommonName":"Liquidamber or Sweet Gum","TreeHeight":19,"TreeCanopyNS":18,"Tree_Status":"Tree","Tree_Age":"Mature","DBH_in_cm":98,"Locality":"Erskineville Neighbourhood North","ParkName":"Not applicable","OBJECTID":13353}},{"type":"Feature","id":41780,"geometry":{"type":"Point","coordinates":[151.178650463806,-33.8896141609789]},"properties":{"asset_id":"TS40674","TreeType":"Street Tree","SpeciesName":"Corymbia maculata","CommonName":"Spotted Gum","TreeHeight":10,"TreeCanopyNS":3,"Tree_Status":"Tree","Tree_Age":"Young","DBH_in_cm":18,"Locality":"Camperdown","ParkName":"Not applicable","OBJECTID":41780}},{"type":"Feature","id":6074,"geometry":{"type":"Point","coordinates":[151.178985643248,-33.8902453715401]},"properties":{"asset_id":"TS23694","TreeType":"Street Tree","SpeciesName":"Platanus acerifolia","CommonName":"London Plane","TreeHeight":16,"TreeCanopyNS":13,"Tree_Status":"Tree","Tree_Age":"Mature","DBH_in_cm":45,"Locality":"Camperdown","ParkName":"Not applicable","OBJECTID":6074}},{"type":"Feature","id":14681,"geometry":{"type":"Point","coordinates":[151.182767061099,-33.8918145122288]},"properties":{"asset_id":"TS22195","TreeType":"Street Tree","SpeciesName":"Flindersia australis","CommonName":"Crows Ash","TreeHeight":9,"TreeCanopyNS":6,"Tree_Status":"Tree","Tree_Age":"Mature","DBH_in_cm":26,"Locality":"North Newtown","ParkName":"Not applicable","OBJECTID":14681}},{"type":"Feature","id":4648,"geometry":{"type":"Point","coordinates":[151.185670896817,-33.8982851604886]},"properties":{"asset_id":"TS06177","TreeType":"Street Tree","SpeciesName":"Pistacia chinensis","CommonName":"Chinese Pistacia","TreeHeight":9,"TreeCanopyNS":6,"Tree_Status":"Tree","Tree_Age":"Mature","DBH_in_cm":16,"Locality":"Erskineville Neighbourhood North","ParkName":"Not applicable","OBJECTID":4648}},{"type":"Feature","id":28255,"geometry":{"type":"Point","coordinates":[151.18205549388,-33.8978603308758]},"properties":{"asset_id":"TP03885","TreeType":"Park Tree","SpeciesName":"Elaeocarpus reticulatus","CommonName":"Blueberry Ash","TreeHeight":5,"TreeCanopyNS":3,"Tree_Status":"Tree","Tree_Age":"Mature","DBH_in_cm":21,"Locality":"Erskineville Neighbourhood North","ParkName":"Green Ban Park","OBJECTID":28255}},{"type":"Feature","id":10943,"geometry":{"type":"Point","coordinates":[151.181247863066,-33.8973340575045]},"properties":{"asset_id":"TS10436","TreeType":"Street Tree","SpeciesName":"Melaleuca quinquenervia","CommonName":"Broad Leaf Paperbark","TreeHeight":11,"TreeCanopyNS":6,"Tree_Status":"Tree","Tree_Age":"Mature","DBH_in_cm":36,"Locality":"North Newtown","ParkName":"Not applicable","OBJECTID":10943}},{"type":"Feature","id":35829,"geometry":{"type":"Point","coordinates":[151.189862403761,-33.8987142956049]},"properties":{"asset_id":"TS38861","TreeType":"Park Tree","SpeciesName":"Murraya paniculata","CommonName":"Orange Jessamine","TreeHeight":6,"TreeCanopyNS":4,"Tree_Status":"Tree","Tree_Age":"Mature","DBH_in_cm":15,"Locality":"Erskineville Oval","ParkName":"Solander Park","OBJECTID":35829}},{"type":"Feature","id":11799,"geometry":{"type":"Point","coordinates":[151.188193404531,-33.8987963383908]},"properties":{"asset_id":"TS06651","TreeType":"Street Tree","SpeciesName":"Eucalyptus microcorys","CommonName":"Tallow Wood","TreeHeight":14,"TreeCanopyNS":8,"Tree_Status":"Tree","Tree_Age":"Mature","DBH_in_cm":48,"Locality":"Erskineville Oval","ParkName":"Not applicable","OBJECTID":11799}},{"type":"Feature","id":16874,"geometry":{"type":"Point","coordinates":[151.188919187018,-33.8931117415393]},"properties":{"asset_id":"TS08716","TreeType":"Street Tree","SpeciesName":"Lophostemon confertus","CommonName":"Brush Box","TreeHeight":10,"TreeCanopyNS":5,"Tree_Status":"Tree","Tree_Age":"Semi-Mature","DBH_in_cm":28,"Locality":"Darlington and West Redfern","ParkName":"Not applicable","OBJECTID":16874}},{"type":"Feature","id":9380,"geometry":{"type":"Point","coordinates":[151.185373940082,-33.8913854874422]},"properties":{"asset_id":"TS23488","TreeType":"Street Tree","SpeciesName":"Jacaranda mimosifolia","CommonName":"Jacaranda","TreeHeight":10,"TreeCanopyNS":7,"Tree_Status":"Tree","Tree_Age":"Mature","DBH_in_cm":39,"Locality":"University of Sydney and Royal Prince Alfred Hospital","ParkName":"Not applicable","OBJECTID":9380}},{"type":"Feature","id":44763,"geometry":{"type":"Point","coordinates":[151.184199584301,-33.8914149801589]},"properties":{"asset_id":"TS34806","TreeType":"Street Tree","SpeciesName":"Jacaranda mimosifolia","CommonName":"Jacaranda","TreeHeight":4,"TreeCanopyNS":3,"Tree_Status":"Tree","Tree_Age":"Young","DBH_in_cm":11,"Locality":"University of Sydney and Royal Prince Alfred Hospital","ParkName":"Not applicable","OBJECTID":44763}},{"type":"Feature","id":10874,"geometry":{"type":"Point","coordinates":[151.184221240828,-33.8982278164259]},"properties":{"asset_id":"TS09794","TreeType":"Street Tree","SpeciesName":"Tristaniopsis laurina","CommonName":"Water Gum","TreeHeight":7,"TreeCanopyNS":6,"Tree_Status":"Tree","Tree_Age":"Mature","DBH_in_cm":33,"Locality":"Erskineville Neighbourhood North","ParkName":"Not applicable","OBJECTID":10874}},{"type":"Feature","id":13293,"geometry":{"type":"Point","coordinates":[151.184044666086,-33.8965035311831]},"properties":{"asset_id":"TS15052","TreeType":"Street Tree","SpeciesName":"Melaleuca quinquenervia","CommonName":"Broad Leaf Paperbark","TreeHeight":11,"TreeCanopyNS":9,"Tree_Status":"Tree","Tree_Age":"Mature","DBH_in_cm":62,"Locality":"North Newtown","ParkName":"Not applicable","OBJECTID":13293}},{"type":"Feature","id":27024,"geometry":{"type":"Point","coordinates":[151.18495743895,-33.8949672648552]},"properties":{"asset_id":"TP01993","TreeType":"Park Tree","SpeciesName":"Celtis australis","CommonName":"Hackberry","TreeHeight":15,"TreeCanopyNS":19,"Tree_Status":"Tree","Tree_Age":"Mature","DBH_in_cm":111,"Locality":"North Newtown","ParkName":"Jack Haynes Rest Area","OBJECTID":27024}},{"type":"Feature","id":46921,"geometry":{"type":"Point","coordinates":[151.188144595827,-33.8943461872743]},"properties":{"asset_id":"TS15285","TreeType":"Street Tree","SpeciesName":"Koelreuteria paniculata","CommonName":"Golden Rain Tree","TreeHeight":3,"TreeCanopyNS":1,"Tree_Status":"Tree","Tree_Age":"Young","DBH_in_cm":5,"Locality":"North Newtown","ParkName":"Not applicable","OBJECTID":46921}},{"type":"Feature","id":27190,"geometry":{"type":"Point","coordinates":[151.189654180774,-33.8987835541419]},"properties":{"asset_id":"TP02000","TreeType":"Park Tree","SpeciesName":"Corymbia maculata","CommonName":"Spotted Gum","TreeHeight":18,"TreeCanopyNS":9,"Tree_Status":"Tree","Tree_Age":"Mature","DBH_in_cm":42,"Locality":"Erskineville Oval","ParkName":"Solander Park","OBJECTID":27190}},{"type":"Feature","id":26549,"geometry":{"type":"Point","coordinates":[151.182228759585,-33.8926977533856]},"properties":{"asset_id":"TP06867","TreeType":"Park Tree","SpeciesName":"Archontophoenix cunninghamiana","CommonName":"Bangalow Palm","TreeHeight":10,"TreeCanopyNS":4,"Tree_Status":"Tree","Tree_Age":"Mature","DBH_in_cm":24,"Locality":"North Newtown","ParkName":"Goddard Reserve","OBJECTID":26549}},{"type":"Feature","id":46566,"geometry":{"type":"Point","coordinates":[151.183663390604,-33.8957842759698]},"properties":{"asset_id":"TS41775","TreeType":"Street Tree","SpeciesName":"Pyrus calleryana 'Chanticleer'","CommonName":"Callery Pear","TreeHeight":3,"TreeCanopyNS":1,"Tree_Status":"Tree","Tree_Age":"Not Applicable","DBH_in_cm":4,"Locality":"North Newtown","ParkName":"Not applicable","OBJECTID":46566}},{"type":"Feature","id":46400,"geometry":{"type":"Point","coordinates":[151.185603879338,-33.8976764941239]},"properties":{"asset_id":"TS06168","TreeType":"Street Tree","SpeciesName":"Pistacia chinensis","CommonName":"Chinese Pistacia","TreeHeight":4,"TreeCanopyNS":2,"Tree_Status":"Tree","Tree_Age":"Young","DBH_in_cm":5,"Locality":"Erskineville Neighbourhood North","ParkName":"Not applicable","OBJECTID":46400}},{"type":"Feature","id":12889,"geometry":{"type":"Point","coordinates":[151.18569605273,-33.8985167358619]},"properties":{"asset_id":"TS06151","TreeType":"Street Tree","SpeciesName":"Koelreuteria paniculata","CommonName":"Golden Rain Tree","TreeHeight":12,"TreeCanopyNS":14,"Tree_Status":"Tree","Tree_Age":"Mature","DBH_in_cm":56,"Locality":"Erskineville Neighbourhood North","ParkName":"Not applicable","OBJECTID":12889}},{"type":"Feature","id":8241,"geometry":{"type":"Point","coordinates":[151.180472502878,-33.8940015181464]},"properties":{"asset_id":"TS01061","TreeType":"Street Tree","SpeciesName":"Tristaniopsis laurina","CommonName":"Water Gum","TreeHeight":8,"TreeCanopyNS":4,"Tree_Status":"Tree","Tree_Age":"Mature","DBH_in_cm":22,"Locality":"North Newtown","ParkName":"Not applicable","OBJECTID":8241}},{"type":"Feature","id":28209,"geometry":{"type":"Point","coordinates":[151.182236469674,-33.8978573212525]},"properties":{"asset_id":"TP03911","TreeType":"Park Tree","SpeciesName":"Corymbia maculata","CommonName":"Spotted Gum","TreeHeight":5,"TreeCanopyNS":3,"Tree_Status":"Tree","Tree_Age":"Semi-Mature","DBH_in_cm":7,"Locality":"Erskineville Neighbourhood North","ParkName":"Green Ban Park","OBJECTID":28209}},{"type":"Feature","id":36865,"geometry":{"type":"Point","coordinates":[151.178287429279,-33.8875473367157]},"properties":{"asset_id":"TS37339","TreeType":"Street Tree","SpeciesName":"Elaeocarpus reticulatus","CommonName":"Blueberry Ash","TreeHeight":5,"TreeCanopyNS":1,"Tree_Status":"Tree","Tree_Age":"Semi-Mature","DBH_in_cm":8,"Locality":"Camperdown","ParkName":"Not applicable","OBJECTID":36865}},{"type":"Feature","id":18746,"geometry":{"type":"Point","coordinates":[151.18173247666,-33.8921206216611]},"properties":{"asset_id":"TS03452","TreeType":"Street Tree","SpeciesName":"Tristaniopsis laurina","CommonName":"Water Gum","TreeHeight":9,"TreeCanopyNS":8,"Tree_Status":"Tree","Tree_Age":"Mature","DBH_in_cm":46,"Locality":"North Newtown","ParkName":"Not applicable","OBJECTID":18746}},{"type":"Feature","id":17489,"geometry":{"type":"Point","coordinates":[151.186568593257,-33.8958722639305]},"properties":{"asset_id":"TS10378","TreeType":"Street Tree","SpeciesName":"Melaleuca quinquenervia","CommonName":"Broad Leaf Paperbark","TreeHeight":15,"TreeCanopyNS":11,"Tree_Status":"Tree","Tree_Age":"Mature","DBH_in_cm":117,"Locality":"North Newtown","ParkName":"Not applicable","OBJECTID":17489}},{"type":"Feature","id":16164,"geometry":{"type":"Point","coordinates":[151.182651527881,-33.8954098275333]},"properties":{"asset_id":"TS06068","TreeType":"Street Tree","SpeciesName":"Melaleuca quinquenervia","CommonName":"Broad Leaf Paperbark","TreeHeight":10,"TreeCanopyNS":5,"Tree_Status":"Tree","Tree_Age":"Mature","DBH_in_cm":66,"Locality":"North Newtown","ParkName":"Not applicable","OBJECTID":16164}},{"type":"Feature","id":28235,"geometry":{"type":"Point","coordinates":[151.182268498551,-33.897907299192]},"properties":{"asset_id":"TP03897","TreeType":"Park Tree","SpeciesName":"Corymbia maculata","CommonName":"Spotted Gum","TreeHeight":17,"TreeCanopyNS":7,"Tree_Status":"Tree","Tree_Age":"Mature","DBH_in_cm":35,"Locality":"Erskineville Neighbourhood North","ParkName":"Green Ban Park","OBJECTID":28235}},{"type":"Feature","id":22235,"geometry":{"type":"Point","coordinates":[151.188935971053,-33.8941027256332]},"properties":{"asset_id":"TS15290","TreeType":"Street Tree","SpeciesName":"Melaleuca quinquenervia","CommonName":"Broad Leaf Paperbark","TreeHeight":15,"TreeCanopyNS":7,"Tree_Status":"Tree","Tree_Age":"Mature","DBH_in_cm":55,"Locality":"Darlington and West Redfern","ParkName":"Not applicable","OBJECTID":22235}},{"type":"Feature","id":41797,"geometry":{"type":"Point","coordinates":[151.180376775044,-33.8874263676753]},"properties":{"asset_id":"TS40667","TreeType":"Street Tree","SpeciesName":"Lophostemon confertus","CommonName":"Brush Box","TreeHeight":6,"TreeCanopyNS":2,"Tree_Status":"Tree","Tree_Age":"Semi-Mature","DBH_in_cm":11,"Locality":"University of Sydney and Royal Prince Alfred Hospital","ParkName":"Not applicable","OBJECTID":41797}},{"type":"Feature","id":15474,"geometry":{"type":"Point","coordinates":[151.187234228118,-33.8931662160575]},"properties":{"asset_id":"TS13148","TreeType":"Street Tree","SpeciesName":"Tristaniopsis laurina","CommonName":"Water Gum","TreeHeight":8,"TreeCanopyNS":7,"Tree_Status":"Tree","Tree_Age":"Mature","DBH_in_cm":27,"Locality":"North Newtown","ParkName":"Not applicable","OBJECTID":15474}},{"type":"Feature","id":11564,"geometry":{"type":"Point","coordinates":[151.18351149965,-33.8978983165169]},"properties":{"asset_id":"TS04487","TreeType":"Street Tree","SpeciesName":"Tristaniopsis laurina","CommonName":"Water Gum","TreeHeight":8,"TreeCanopyNS":9,"Tree_Status":"Tree","Tree_Age":"Mature","DBH_in_cm":37,"Locality":"Erskineville Neighbourhood North","ParkName":"Not applicable","OBJECTID":11564}},{"type":"Feature","id":8810,"geometry":{"type":"Point","coordinates":[151.181515993626,-33.8939596694255]},"properties":{"asset_id":"TS04361","TreeType":"Street Tree","SpeciesName":"Elaeocarpus reticulatus","CommonName":"Blueberry Ash","TreeHeight":7,"TreeCanopyNS":6,"Tree_Status":"Tree","Tree_Age":"Mature","DBH_in_cm":35,"Locality":"North Newtown","ParkName":"Not applicable","OBJECTID":8810}},{"type":"Feature","id":24179,"geometry":{"type":"Point","coordinates":[151.181402674248,-33.896398900853]},"properties":{"asset_id":"TS15213","TreeType":"Street Tree","SpeciesName":"Koelreuteria paniculata","CommonName":"Golden Rain Tree","TreeHeight":3,"TreeCanopyNS":2,"Tree_Status":"Tree","Tree_Age":"Semi-Mature","DBH_in_cm":8,"Locality":"North Newtown","ParkName":"Not applicable","OBJECTID":24179}},{"type":"Feature","id":14810,"geometry":{"type":"Point","coordinates":[151.182203911496,-33.8961459803425]},"properties":{"asset_id":"TS15225","TreeType":"Street Tree","SpeciesName":"Koelreuteria paniculata","CommonName":"Golden Rain Tree","TreeHeight":7,"TreeCanopyNS":5,"Tree_Status":"Tree","Tree_Age":"Mature","DBH_in_cm":19,"Locality":"North Newtown","ParkName":"Not applicable","OBJECTID":14810}},{"type":"Feature","id":10539,"geometry":{"type":"Point","coordinates":[151.187645551496,-33.8923896528034]},"properties":{"asset_id":"TS08132","TreeType":"Street Tree","SpeciesName":"Eucalyptus crebra","CommonName":"Narrow Leaved Red Ironbark","TreeHeight":15,"TreeCanopyNS":10,"Tree_Status":"Tree","Tree_Age":"Mature","DBH_in_cm":59,"Locality":"North Newtown","ParkName":"Not applicable","OBJECTID":10539}},{"type":"Feature","id":12869,"geometry":{"type":"Point","coordinates":[151.18706012947,-33.8925740085391]},"properties":{"asset_id":"TS13170","TreeType":"Street Tree","SpeciesName":"Tristaniopsis laurina","CommonName":"Water Gum","TreeHeight":9,"TreeCanopyNS":8,"Tree_Status":"Tree","Tree_Age":"Mature","DBH_in_cm":37,"Locality":"North Newtown","ParkName":"Not applicable","OBJECTID":12869}},{"type":"Feature","id":11962,"geometry":{"type":"Point","coordinates":[151.185986812044,-33.8933307219348]},"properties":{"asset_id":"TS08126","TreeType":"Street Tree","SpeciesName":"Pistacia chinensis","CommonName":"Chinese Pistacia","TreeHeight":7,"TreeCanopyNS":5,"Tree_Status":"Tree","Tree_Age":"Mature","DBH_in_cm":24,"Locality":"North Newtown","ParkName":"Not applicable","OBJECTID":11962}},{"type":"Feature","id":15780,"geometry":{"type":"Point","coordinates":[151.183374479339,-33.894615785172]},"properties":{"asset_id":"TS15000","TreeType":"Street Tree","SpeciesName":"Callistemon viminalis","CommonName":"Weeping Bottlebrush","TreeHeight":4,"TreeCanopyNS":2,"Tree_Status":"Tree","Tree_Age":"Mature","DBH_in_cm":15,"Locality":"North Newtown","ParkName":"Not applicable","OBJECTID":15780}},{"type":"Feature","id":46758,"geometry":{"type":"Point","coordinates":[151.186672675774,-33.8940512991083]},"properties":{"asset_id":"TS42307","TreeType":"Street Tree","SpeciesName":"Melaleuca bracteata","CommonName":"River Tea Tree","TreeHeight":7,"TreeCanopyNS":5,"Tree_Status":"Tree","Tree_Age":"Mature","DBH_in_cm":21,"Locality":"North Newtown","ParkName":"Not applicable","OBJECTID":46758}},{"type":"Feature","id":47250,"geometry":{"type":"Point","coordinates":[151.186696422637,-33.8949522118866]},"properties":{"asset_id":"TS40660","TreeType":"Street Tree","SpeciesName":"Koelreuteria paniculata","CommonName":"Golden Rain Tree","TreeHeight":3,"TreeCanopyNS":2,"Tree_Status":"Tree","Tree_Age":"Young","DBH_in_cm":8,"Locality":"North Newtown","ParkName":"Not applicable","OBJECTID":47250}},{"type":"Feature","id":37953,"geometry":{"type":"Point","coordinates":[151.18714445822,-33.8988633208114]},"properties":{"asset_id":"TS34984","TreeType":"Street Tree","SpeciesName":"Melaleuca styphelioides","CommonName":"Prickly Paperbark","TreeHeight":6,"TreeCanopyNS":3,"Tree_Status":"Tree","Tree_Age":"Mature","DBH_in_cm":18,"Locality":"Erskineville Oval","ParkName":"Not applicable","OBJECTID":37953}},{"type":"Feature","id":6034,"geometry":{"type":"Point","coordinates":[151.178254966723,-33.8889824181282]},"properties":{"asset_id":"TS23675","TreeType":"Street Tree","SpeciesName":"Elaeocarpus reticulatus","CommonName":"Blueberry Ash","TreeHeight":4,"TreeCanopyNS":3,"Tree_Status":"Tree","Tree_Age":"Semi-Mature","DBH_in_cm":8,"Locality":"Camperdown","ParkName":"Not applicable","OBJECTID":6034}},{"type":"Feature","id":14690,"geometry":{"type":"Point","coordinates":[151.182863060951,-33.8920396490555]},"properties":{"asset_id":"TS22198","TreeType":"Street Tree","SpeciesName":"Flindersia australis","CommonName":"Crows Ash","TreeHeight":9,"TreeCanopyNS":5,"Tree_Status":"Tree","Tree_Age":"Semi-Mature","DBH_in_cm":21,"Locality":"North Newtown","ParkName":"Not applicable","OBJECTID":14690}},{"type":"Feature","id":10854,"geometry":{"type":"Point","coordinates":[151.184347748746,-33.898340594903]},"properties":{"asset_id":"TS09804","TreeType":"Street Tree","SpeciesName":"Tristaniopsis laurina","CommonName":"Water Gum","TreeHeight":8,"TreeCanopyNS":8,"Tree_Status":"Tree","Tree_Age":"Mature","DBH_in_cm":42,"Locality":"Erskineville Neighbourhood North","ParkName":"Not applicable","OBJECTID":10854}},{"type":"Feature","id":25461,"geometry":{"type":"Point","coordinates":[151.182013515973,-33.8955842750653]},"properties":{"asset_id":"TP00007","TreeType":"Park Tree","SpeciesName":"Caesalpinia ferrea","CommonName":"Leopard Tree","TreeHeight":6,"TreeCanopyNS":2,"Tree_Status":"Tree","Tree_Age":"Mature","DBH_in_cm":16,"Locality":"North Newtown","ParkName":"WJ Thurbon Reserve","OBJECTID":25461}},{"type":"Feature","id":45212,"geometry":{"type":"Point","coordinates":[151.188264957188,-33.8920350053215]},"properties":{"asset_id":"TS17304","TreeType":"Street Tree","SpeciesName":"Liriodendron tulipifera","CommonName":"Tulip Tree","TreeHeight":5,"TreeCanopyNS":2,"Tree_Status":"Tree","Tree_Age":"Young","DBH_in_cm":7,"Locality":"Darlington and West Redfern","ParkName":"Not applicable","OBJECTID":45212}},{"type":"Feature","id":32720,"geometry":{"type":"Point","coordinates":[151.184805551939,-33.8913988439099]},"properties":{"asset_id":"TS34413","TreeType":"Street Tree","SpeciesName":"Jacaranda mimosifolia","CommonName":"Jacaranda","TreeHeight":9,"TreeCanopyNS":9,"Tree_Status":"Tree","Tree_Age":"Mature","DBH_in_cm":38,"Locality":"University of Sydney and Royal Prince Alfred Hospital","ParkName":"Not applicable","OBJECTID":32720}},{"type":"Feature","id":9331,"geometry":{"type":"Point","coordinates":[151.18160966032,-33.8916002208179]},"properties":{"asset_id":"TS23419","TreeType":"Street Tree","SpeciesName":"Platanus acerifolia","CommonName":"London Plane","TreeHeight":18,"TreeCanopyNS":16,"Tree_Status":"Tree","Tree_Age":"Mature","DBH_in_cm":60,"Locality":"North Newtown","ParkName":"Not applicable","OBJECTID":9331}},{"type":"Feature","id":39384,"geometry":{"type":"Point","coordinates":[151.184651521157,-33.8970032918779]},"properties":{"asset_id":"TS35135","TreeType":"Street Tree","SpeciesName":"Corymbia citriodora","CommonName":"Lemon Scented Gum","TreeHeight":5,"TreeCanopyNS":3,"Tree_Status":"Tree","Tree_Age":"Semi-Mature","DBH_in_cm":8,"Locality":"Erskineville Neighbourhood North","ParkName":"Not applicable","OBJECTID":39384}},{"type":"Feature","id":21900,"geometry":{"type":"Point","coordinates":[151.181359929654,-33.8943736056841]},"properties":{"asset_id":"TS02348","TreeType":"Street Tree","SpeciesName":"Callistemon viminalis","CommonName":"Weeping Bottlebrush","TreeHeight":6,"TreeCanopyNS":2,"Tree_Status":"Tree","Tree_Age":"Semi-Mature","DBH_in_cm":14,"Locality":"North Newtown","ParkName":"Not applicable","OBJECTID":21900}},{"type":"Feature","id":29987,"geometry":{"type":"Point","coordinates":[151.182019337044,-33.8983562919162]},"properties":{"asset_id":"TP03725","TreeType":"Park Tree","SpeciesName":"Liriodendron tulipifera","CommonName":"Tulip Tree","TreeHeight":7,"TreeCanopyNS":7,"Tree_Status":"Tree","Tree_Age":"Semi-Mature","DBH_in_cm":16,"Locality":"Erskineville Road Village Centre","ParkName":"Green Bans Park","OBJECTID":29987}},{"type":"Feature","id":33900,"geometry":{"type":"Point","coordinates":[151.189164785111,-33.8979892343811]},"properties":{"asset_id":"TP04204","TreeType":"Park Tree","SpeciesName":"Liquidambar styraciflua","CommonName":"Liquidamber or Sweet Gum","TreeHeight":7,"TreeCanopyNS":4,"Tree_Status":"Tree","Tree_Age":"Semi-Mature","DBH_in_cm":18,"Locality":null,"ParkName":"South Sydney Rotary Park #1","OBJECTID":33900}},{"type":"Feature","id":17913,"geometry":{"type":"Point","coordinates":[151.180443267629,-33.8988742369539]},"properties":{"asset_id":"TS11767","TreeType":"Street Tree","SpeciesName":"Pistacia chinensis","CommonName":"Chinese Pistacia","TreeHeight":5,"TreeCanopyNS":3,"Tree_Status":"Tree","Tree_Age":"Semi-Mature","DBH_in_cm":17,"Locality":"Erskineville Neighbourhood South","ParkName":"Not applicable","OBJECTID":17913}},{"type":"Feature","id":32743,"geometry":{"type":"Point","coordinates":[151.187878429078,-33.8987183029585]},"properties":{"asset_id":"TS34834","TreeType":"Street Tree","SpeciesName":"Melaleuca styphelioides","CommonName":"Prickly Paperbark","TreeHeight":9,"TreeCanopyNS":3,"Tree_Status":"Tree","Tree_Age":"Semi-Mature","DBH_in_cm":19,"Locality":"Erskineville Oval","ParkName":"Not applicable","OBJECTID":32743}},{"type":"Feature","id":45186,"geometry":{"type":"Point","coordinates":[151.189358498023,-33.8915219471854]},"properties":{"asset_id":"TS01571","TreeType":"Street Tree","SpeciesName":"Liriodendron tulipifera","CommonName":"Tulip Tree","TreeHeight":3,"TreeCanopyNS":1,"Tree_Status":"Tree","Tree_Age":"Young","DBH_in_cm":3,"Locality":"University of Sydney and Royal Prince Alfred Hospital","ParkName":"Not applicable","OBJECTID":45186}},{"type":"Feature","id":9406,"geometry":{"type":"Point","coordinates":[151.186288128452,-33.8912339351145]},"properties":{"asset_id":"TS23466","TreeType":"Street Tree","SpeciesName":"Jacaranda mimosifolia","CommonName":"Jacaranda","TreeHeight":10,"TreeCanopyNS":9,"Tree_Status":"Tree","Tree_Age":"Mature","DBH_in_cm":35,"Locality":"University of Sydney and Royal Prince Alfred Hospital","ParkName":"Not applicable","OBJECTID":9406}},{"type":"Feature","id":18726,"geometry":{"type":"Point","coordinates":[151.18220663967,-33.8930878780764]},"properties":{"asset_id":"TS03440","TreeType":"Street Tree","SpeciesName":"Tristaniopsis laurina","CommonName":"Water Gum","TreeHeight":9,"TreeCanopyNS":8,"Tree_Status":"Tree","Tree_Age":"Mature","DBH_in_cm":41,"Locality":"North Newtown","ParkName":"Not applicable","OBJECTID":18726}},{"type":"Feature","id":32792,"geometry":{"type":"Point","coordinates":[151.181954842936,-33.8926122837524]},"properties":{"asset_id":"TS03446","TreeType":"Street Tree","SpeciesName":"Pistacia chinensis","CommonName":"Chinese Pistacia","TreeHeight":6,"TreeCanopyNS":3,"Tree_Status":"Tree","Tree_Age":"Semi-Mature","DBH_in_cm":14,"Locality":"North Newtown","ParkName":"Not applicable","OBJECTID":32792}},{"type":"Feature","id":15849,"geometry":{"type":"Point","coordinates":[151.184712657878,-33.8937974433064]},"properties":{"asset_id":"TS15540","TreeType":"Street Tree","SpeciesName":"Eucalyptus microcorys","CommonName":"Tallow Wood","TreeHeight":20,"TreeCanopyNS":9,"Tree_Status":"Tree","Tree_Age":"Mature","DBH_in_cm":69,"Locality":"North Newtown","ParkName":"Not applicable","OBJECTID":15849}},{"type":"Feature","id":27874,"geometry":{"type":"Point","coordinates":[151.186560479954,-33.8947233337198]},"properties":{"asset_id":"TP01623","TreeType":"Park Tree","SpeciesName":"Ficus macrophylla","CommonName":"Moreton Bay Fig","TreeHeight":17,"TreeCanopyNS":20,"Tree_Status":"Tree","Tree_Age":"Over-Mature","DBH_in_cm":120,"Locality":"North Newtown","ParkName":"Hollis Park","OBJECTID":27874}},{"type":"Feature","id":14816,"geometry":{"type":"Point","coordinates":[151.182444203759,-33.8960839706639]},"properties":{"asset_id":"TS15229","TreeType":"Street Tree","SpeciesName":"Tristaniopsis laurina","CommonName":"Water Gum","TreeHeight":10,"TreeCanopyNS":6,"Tree_Status":"Tree","Tree_Age":"Mature","DBH_in_cm":31,"Locality":"North Newtown","ParkName":"Not applicable","OBJECTID":14816}},{"type":"Feature","id":24554,"geometry":{"type":"Point","coordinates":[151.181860882099,-33.8983375411946]},"properties":{"asset_id":"TS29275","TreeType":"Street Tree","SpeciesName":"Platanus acerifolia","CommonName":"London Plane","TreeHeight":6,"TreeCanopyNS":5,"Tree_Status":"Tree","Tree_Age":"Semi-Mature","DBH_in_cm":23,"Locality":"Erskineville Road Village Centre","ParkName":"Not applicable","OBJECTID":24554}},{"type":"Feature","id":10021,"geometry":{"type":"Point","coordinates":[151.182337879269,-33.8981232966158]},"properties":{"asset_id":"TS04470","TreeType":"Street Tree","SpeciesName":"Tristaniopsis laurina","CommonName":"Water Gum","TreeHeight":6,"TreeCanopyNS":3,"Tree_Status":"Tree","Tree_Age":"Semi-Mature","DBH_in_cm":20,"Locality":"Erskineville Neighbourhood North","ParkName":"Not applicable","OBJECTID":10021}},{"type":"Feature","id":15480,"geometry":{"type":"Point","coordinates":[151.1876289896,-33.8940769173934]},"properties":{"asset_id":"TS13155","TreeType":"Street Tree","SpeciesName":"Tristaniopsis laurina","CommonName":"Water Gum","TreeHeight":6,"TreeCanopyNS":5,"Tree_Status":"Tree","Tree_Age":"Mature","DBH_in_cm":17,"Locality":"North Newtown","ParkName":"Not applicable","OBJECTID":15480}},{"type":"Feature","id":6054,"geometry":{"type":"Point","coordinates":[151.178876474255,-33.8899332902775]},"properties":{"asset_id":"TS23687","TreeType":"Street Tree","SpeciesName":"Eucalyptus paniculata","CommonName":"Grey Ironbark","TreeHeight":17,"TreeCanopyNS":11,"Tree_Status":"Tree","Tree_Age":"Mature","DBH_in_cm":55,"Locality":"Camperdown","ParkName":"Not applicable","OBJECTID":6054}},{"type":"Feature","id":44010,"geometry":{"type":"Point","coordinates":[151.178979874931,-33.8904149926895]},"properties":{"asset_id":"TS44142","TreeType":"Street Tree","SpeciesName":"Corymbia maculata","CommonName":"Not Applicable","TreeHeight":16,"TreeCanopyNS":7,"Tree_Status":"Tree","Tree_Age":"Semi-Mature","DBH_in_cm":29,"Locality":"Camperdown","ParkName":"Not applicable","OBJECTID":44010}},{"type":"Feature","id":552,"geometry":{"type":"Point","coordinates":[151.179597653624,-33.8919288491838]},"properties":{"asset_id":"TS17299","TreeType":"Street Tree","SpeciesName":"Tristaniopsis laurina","CommonName":"Water Gum","TreeHeight":8,"TreeCanopyNS":3,"Tree_Status":"Tree","Tree_Age":"Semi-Mature","DBH_in_cm":14,"Locality":"North Newtown","ParkName":"Not applicable","OBJECTID":552}},{"type":"Feature","id":47176,"geometry":{"type":"Point","coordinates":[151.185163374798,-33.8973530438859]},"properties":{"asset_id":"TS04497","TreeType":"Street Tree","SpeciesName":"Tristaniopsis laurina","CommonName":"Water Gum","TreeHeight":4,"TreeCanopyNS":1,"Tree_Status":"Tree","Tree_Age":"Young","DBH_in_cm":7,"Locality":"Erskineville Neighbourhood North","ParkName":"Not applicable","OBJECTID":47176}},{"type":"Feature","id":10370,"geometry":{"type":"Point","coordinates":[151.184608149795,-33.8969067981781]},"properties":{"asset_id":"TS06888","TreeType":"Street Tree","SpeciesName":"Fraxinus griffithii","CommonName":"Evergreen Ash","TreeHeight":4,"TreeCanopyNS":1,"Tree_Status":"Tree","Tree_Age":"Semi-Mature","DBH_in_cm":7,"Locality":"North Newtown","ParkName":"Not applicable","OBJECTID":10370}},{"type":"Feature","id":11793,"geometry":{"type":"Point","coordinates":[151.185094612631,-33.8961380250149]},"properties":{"asset_id":"TS06184","TreeType":"Street Tree","SpeciesName":"Platanus orientalis","CommonName":"Oriental Plane","TreeHeight":16,"TreeCanopyNS":10,"Tree_Status":"Tree","Tree_Age":"Mature","DBH_in_cm":63,"Locality":"North Newtown","ParkName":"Not applicable","OBJECTID":11793}},{"type":"Feature","id":12042,"geometry":{"type":"Point","coordinates":[151.189756401643,-33.8980045144888]},"properties":{"asset_id":"TS09405","TreeType":"Street Tree","SpeciesName":"Melaleuca quinquenervia","CommonName":"Broad Leaf Paperbark","TreeHeight":10,"TreeCanopyNS":8,"Tree_Status":"Tree","Tree_Age":"Mature","DBH_in_cm":48,"Locality":"Erskineville Oval","ParkName":"Not applicable","OBJECTID":12042}},{"type":"Feature","id":13287,"geometry":{"type":"Point","coordinates":[151.18408306526,-33.8966151910749]},"properties":{"asset_id":"TS15050","TreeType":"Street Tree","SpeciesName":"Melaleuca quinquenervia","CommonName":"Broad Leaf Paperbark","TreeHeight":15,"TreeCanopyNS":9,"Tree_Status":"Tree","Tree_Age":"Mature","DBH_in_cm":77,"Locality":"North Newtown","ParkName":"Not applicable","OBJECTID":13287}},{"type":"Feature","id":26698,"geometry":{"type":"Point","coordinates":[151.18449540214,-33.8943493491136]},"properties":{"asset_id":"TP01567","TreeType":"Park Tree","SpeciesName":"Grevillea robusta","CommonName":"Silky Oak","TreeHeight":18,"TreeCanopyNS":7,"Tree_Status":"Tree","Tree_Age":"Mature","DBH_in_cm":72,"Locality":"North Newtown","ParkName":"Michael Kelly Rest Area","OBJECTID":26698}},{"type":"Feature","id":18042,"geometry":{"type":"Point","coordinates":[151.185944311229,-33.8956386284281]},"properties":{"asset_id":"TS12322","TreeType":"Street Tree","SpeciesName":"Melaleuca quinquenervia","CommonName":"Broad Leaf Paperbark","TreeHeight":9,"TreeCanopyNS":8,"Tree_Status":"Tree","Tree_Age":"Mature","DBH_in_cm":59,"Locality":"North Newtown","ParkName":"Not applicable","OBJECTID":18042}},{"type":"Feature","id":10631,"geometry":{"type":"Point","coordinates":[151.185487685674,-33.8942237522687]},"properties":{"asset_id":"TS08592","TreeType":"Street Tree","SpeciesName":"Ficus macrophylla","CommonName":"Moreton Bay Fig","TreeHeight":16,"TreeCanopyNS":17,"Tree_Status":"Tree","Tree_Age":"Mature","DBH_in_cm":200,"Locality":"North Newtown","ParkName":"Not applicable","OBJECTID":10631}},{"type":"Feature","id":13536,"geometry":{"type":"Point","coordinates":[151.186065810901,-33.8962890360209]},"properties":{"asset_id":"TS29304","TreeType":"Street Tree","SpeciesName":"Melaleuca quinquenervia","CommonName":"Broad Leaf Paperbark","TreeHeight":14,"TreeCanopyNS":13,"Tree_Status":"Tree","Tree_Age":"Mature","DBH_in_cm":109,"Locality":"North Newtown","ParkName":"Not applicable","OBJECTID":13536}},{"type":"Feature","id":33931,"geometry":{"type":"Point","coordinates":[151.189784819685,-33.8978111492256]},"properties":{"asset_id":"TP04182","TreeType":"Park Tree","SpeciesName":"Callistemon viminalis","CommonName":"Weeping Bottlebrush","TreeHeight":4,"TreeCanopyNS":3,"Tree_Status":"Tree","Tree_Age":"Mature","DBH_in_cm":17,"Locality":null,"ParkName":"South Sydney Rotary Park #1","OBJECTID":33931}},{"type":"Feature","id":47058,"geometry":{"type":"Point","coordinates":[151.18863844943,-33.8917633049982]},"properties":{"asset_id":"TS40388","TreeType":"Street Tree","SpeciesName":"Lophostemon confertus","CommonName":"Brush Box","TreeHeight":8,"TreeCanopyNS":2,"Tree_Status":"Tree","Tree_Age":"Semi-Mature","DBH_in_cm":11,"Locality":"University of Sydney and Royal Prince Alfred Hospital","ParkName":"Not applicable","OBJECTID":47058}},{"type":"Feature","id":8106,"geometry":{"type":"Point","coordinates":[151.189267691836,-33.893183323593]},"properties":{"asset_id":"TS00160","TreeType":"Street Tree","SpeciesName":"Lophostemon confertus","CommonName":"Brush Box","TreeHeight":11,"TreeCanopyNS":7,"Tree_Status":"Tree","Tree_Age":"Mature","DBH_in_cm":41,"Locality":"Darlington and West Redfern","ParkName":"Not applicable","OBJECTID":8106}},{"type":"Feature","id":41746,"geometry":{"type":"Point","coordinates":[151.183766366415,-33.8914227499186]},"properties":{"asset_id":"TS23494","TreeType":"Street Tree","SpeciesName":"Jacaranda mimosifolia","CommonName":"Jacaranda","TreeHeight":4,"TreeCanopyNS":3,"Tree_Status":"Tree","Tree_Age":"Semi-Mature","DBH_in_cm":8,"Locality":"University of Sydney and Royal Prince Alfred Hospital","ParkName":"Not applicable","OBJECTID":41746}},{"type":"Feature","id":12932,"geometry":{"type":"Point","coordinates":[151.185570844989,-33.8974748304115]},"properties":{"asset_id":"TS06171","TreeType":"Street Tree","SpeciesName":"Melaleuca quinquenervia","CommonName":"Broad Leaf Paperbark","TreeHeight":12,"TreeCanopyNS":8,"Tree_Status":"Tree","Tree_Age":"Mature","DBH_in_cm":55,"Locality":"Erskineville Neighbourhood North","ParkName":"Not applicable","OBJECTID":12932}},{"type":"Feature","id":27041,"geometry":{"type":"Point","coordinates":[151.185426660652,-33.8976808264953]},"properties":{"asset_id":"TP01610","TreeType":"Park Tree","SpeciesName":"Eucalyptus botryoides","CommonName":"Swamp Mahogany","TreeHeight":8,"TreeCanopyNS":5,"Tree_Status":"Tree","Tree_Age":"Semi-Mature","DBH_in_cm":24,"Locality":"Erskineville Neighbourhood North","ParkName":"Burren Street Reserve Playground","OBJECTID":27041}},{"type":"Feature","id":12895,"geometry":{"type":"Point","coordinates":[151.185537235574,-33.89813224093]},"properties":{"asset_id":"TS06158","TreeType":"Street Tree","SpeciesName":"Koelreuteria paniculata","CommonName":"Golden Rain Tree","TreeHeight":7,"TreeCanopyNS":9,"Tree_Status":"Tree","Tree_Age":"Mature","DBH_in_cm":36,"Locality":"Erskineville Neighbourhood North","ParkName":"Not applicable","OBJECTID":12895}},{"type":"Feature","id":14057,"geometry":{"type":"Point","coordinates":[151.189841093851,-33.8939514649376]},"properties":{"asset_id":"TS17337","TreeType":"Street Tree","SpeciesName":"Platanus acerifolia","CommonName":"London Plane","TreeHeight":12,"TreeCanopyNS":7,"Tree_Status":"Tree","Tree_Age":"Mature","DBH_in_cm":37,"Locality":"Darlington and West Redfern","ParkName":"Not applicable","OBJECTID":14057}},{"type":"Feature","id":13087,"geometry":{"type":"Point","coordinates":[151.183586031672,-33.8988045767055]},"properties":{"asset_id":"TS14055","TreeType":"Street Tree","SpeciesName":"Auranticarpa rhombifolia","CommonName":"Diamond Pittosporum","TreeHeight":8,"TreeCanopyNS":7,"Tree_Status":"Tree","Tree_Age":"Mature","DBH_in_cm":27,"Locality":"Erskineville Neighbourhood North","ParkName":"Not applicable","OBJECTID":13087}},{"type":"Feature","id":4431,"geometry":{"type":"Point","coordinates":[151.182056406028,-33.8926822245532]},"properties":{"asset_id":"TS03456","TreeType":"Street Tree","SpeciesName":"Pistacia chinensis","CommonName":"Chinese Pistacia","TreeHeight":5,"TreeCanopyNS":5,"Tree_Status":"Tree","Tree_Age":"Semi-Mature","DBH_in_cm":14,"Locality":"North Newtown","ParkName":"Not applicable","OBJECTID":4431}},{"type":"Feature","id":13075,"geometry":{"type":"Point","coordinates":[151.183554910645,-33.8984874286209]},"properties":{"asset_id":"TS14051","TreeType":"Street Tree","SpeciesName":"Hymenosporum flavum","CommonName":"Australian Frangipani","TreeHeight":7,"TreeCanopyNS":3,"Tree_Status":"Tree","Tree_Age":"Semi-Mature","DBH_in_cm":13,"Locality":"Erskineville Neighbourhood North","ParkName":"Not applicable","OBJECTID":13075}},{"type":"Feature","id":13324,"geometry":{"type":"Point","coordinates":[151.184813271993,-33.8980041667681]},"properties":{"asset_id":"TS06578","TreeType":"Street Tree","SpeciesName":"Liquidambar styraciflua","CommonName":"Liquidamber or Sweet Gum","TreeHeight":17,"TreeCanopyNS":17,"Tree_Status":"Tree","Tree_Age":"Mature","DBH_in_cm":80,"Locality":"Erskineville Neighbourhood North","ParkName":"Not applicable","OBJECTID":13324}},{"type":"Feature","id":13336,"geometry":{"type":"Point","coordinates":[151.184855120621,-33.8983459999282]},"properties":{"asset_id":"TS06582","TreeType":"Street Tree","SpeciesName":"Liquidambar styraciflua","CommonName":"Liquidamber or Sweet Gum","TreeHeight":17,"TreeCanopyNS":16,"Tree_Status":"Tree","Tree_Age":"Mature","DBH_in_cm":75,"Locality":"Erskineville Neighbourhood North","ParkName":"Not applicable","OBJECTID":13336}},{"type":"Feature","id":14747,"geometry":{"type":"Point","coordinates":[151.183475398658,-33.8951547075902]},"properties":{"asset_id":"TS15025","TreeType":"Street Tree","SpeciesName":"Jacaranda mimosifolia","CommonName":"Jacaranda","TreeHeight":10,"TreeCanopyNS":8,"Tree_Status":"Tree","Tree_Age":"Mature","DBH_in_cm":44,"Locality":"North Newtown","ParkName":"Not applicable","OBJECTID":14747}},{"type":"Feature","id":33894,"geometry":{"type":"Point","coordinates":[151.189908607673,-33.8977459697031]},"properties":{"asset_id":"TP04210","TreeType":"Park Tree","SpeciesName":"Z_Eucalyptus camaldulensis","CommonName":"River Pepermint","TreeHeight":14,"TreeCanopyNS":9,"Tree_Status":"Tree","Tree_Age":"Semi-Mature","DBH_in_cm":42,"Locality":null,"ParkName":"South Sydney Rotary Park #1","OBJECTID":33894}},{"type":"Feature","id":14661,"geometry":{"type":"Point","coordinates":[151.180458518499,-33.8877011616649]},"properties":{"asset_id":"TS22142","TreeType":"Street Tree","SpeciesName":"Stenocarpus sinuatus","CommonName":"Firewheel Tree","TreeHeight":5,"TreeCanopyNS":3,"Tree_Status":"Tree","Tree_Age":"Mature","DBH_in_cm":18,"Locality":"Camperdown","ParkName":"Not applicable","OBJECTID":14661}},{"type":"Feature","id":24634,"geometry":{"type":"Point","coordinates":[151.187695812582,-33.8921196912544]},"properties":{"asset_id":"TS32442","TreeType":"Street Tree","SpeciesName":"Lophostemon confertus","CommonName":"Brush Box","TreeHeight":7,"TreeCanopyNS":4,"Tree_Status":"Tree","Tree_Age":"Semi-Mature","DBH_in_cm":19,"Locality":"University of Sydney and Royal Prince Alfred Hospital","ParkName":"Not applicable","OBJECTID":24634}},{"type":"Feature","id":9400,"geometry":{"type":"Point","coordinates":[151.187474403667,-33.8913359807433]},"properties":{"asset_id":"TS23485","TreeType":"Street Tree","SpeciesName":"Jacaranda mimosifolia","CommonName":"Jacaranda","TreeHeight":11,"TreeCanopyNS":14,"Tree_Status":"Tree","Tree_Age":"Mature","DBH_in_cm":63,"Locality":"University of Sydney and Royal Prince Alfred Hospital","ParkName":"Not applicable","OBJECTID":9400}},{"type":"Feature","id":44651,"geometry":{"type":"Point","coordinates":[151.185084806021,-33.8966569190854]},"properties":{"asset_id":"TP01572","TreeType":"Park Tree","SpeciesName":"Glochidion ferdinandii","CommonName":"Cheese Tree","TreeHeight":3,"TreeCanopyNS":2,"Tree_Status":"Tree","Tree_Age":"Young","DBH_in_cm":4,"Locality":"North Newtown","ParkName":"Burren Street Reserve","OBJECTID":44651}},{"type":"Feature","id":13728,"geometry":{"type":"Point","coordinates":[151.184982735012,-33.8954676496965]},"properties":{"asset_id":"TS15879","TreeType":"Street Tree","SpeciesName":"Jacaranda mimosifolia","CommonName":"Jacaranda","TreeHeight":12,"TreeCanopyNS":10,"Tree_Status":"Tree","Tree_Age":"Mature","DBH_in_cm":49,"Locality":"North Newtown","ParkName":"Not applicable","OBJECTID":13728}},{"type":"Feature","id":289,"geometry":{"type":"Point","coordinates":[151.182100520768,-33.8961823271226]},"properties":{"asset_id":"TS15201","TreeType":"Street Tree","SpeciesName":"Koelreuteria paniculata","CommonName":"Golden Rain Tree","TreeHeight":4,"TreeCanopyNS":2,"Tree_Status":"Tree","Tree_Age":"Semi-Mature","DBH_in_cm":6,"Locality":"North Newtown","ParkName":"Not applicable","OBJECTID":289}},{"type":"Feature","id":12056,"geometry":{"type":"Point","coordinates":[151.182290150789,-33.8973202291326]},"properties":{"asset_id":"TS09418","TreeType":"Street Tree","SpeciesName":"Cinnamomum camphora","CommonName":"Camphor Laurel","TreeHeight":16,"TreeCanopyNS":10,"Tree_Status":"Tree","Tree_Age":"Mature","DBH_in_cm":58,"Locality":"North Newtown","ParkName":"Not applicable","OBJECTID":12056}},{"type":"Feature","id":10027,"geometry":{"type":"Point","coordinates":[151.183247876389,-33.8979333828561]},"properties":{"asset_id":"TS04476","TreeType":"Street Tree","SpeciesName":"Tristaniopsis laurina","CommonName":"Water Gum","TreeHeight":9,"TreeCanopyNS":5,"Tree_Status":"Tree","Tree_Age":"Mature","DBH_in_cm":32,"Locality":"Erskineville Neighbourhood North","ParkName":"Not applicable","OBJECTID":10027}},{"type":"Feature","id":15302,"geometry":{"type":"Point","coordinates":[151.189092601284,-33.8988663730577]},"properties":{"asset_id":"TS12133","TreeType":"Street Tree","SpeciesName":"Lophostemon confertus","CommonName":"Brush Box","TreeHeight":13,"TreeCanopyNS":12,"Tree_Status":"Tree","Tree_Age":"Mature","DBH_in_cm":62,"Locality":"Erskineville Oval","ParkName":"Not applicable","OBJECTID":15302}},{"type":"Feature","id":12881,"geometry":{"type":"Point","coordinates":[151.187205658912,-33.8928913973916]},"properties":{"asset_id":"TS13174","TreeType":"Street Tree","SpeciesName":"Tristaniopsis laurina","CommonName":"Water Gum","TreeHeight":5,"TreeCanopyNS":3,"Tree_Status":"Tree","Tree_Age":"Mature","DBH_in_cm":12,"Locality":"North Newtown","ParkName":"Not applicable","OBJECTID":12881}},{"type":"Feature","id":13379,"geometry":{"type":"Point","coordinates":[151.185873375958,-33.8951944709408]},"properties":{"asset_id":"TS15271","TreeType":"Street Tree","SpeciesName":"Lophostemon confertus","CommonName":"Brush Box","TreeHeight":10,"TreeCanopyNS":7,"Tree_Status":"Tree","Tree_Age":"Mature","DBH_in_cm":45,"Locality":"North Newtown","ParkName":"Not applicable","OBJECTID":13379}},{"type":"Feature","id":13373,"geometry":{"type":"Point","coordinates":[151.186182061342,-33.8950939652444]},"properties":{"asset_id":"TS15269","TreeType":"Street Tree","SpeciesName":"Lophostemon confertus","CommonName":"Brush Box","TreeHeight":10,"TreeCanopyNS":7,"Tree_Status":"Tree","Tree_Age":"Mature","DBH_in_cm":45,"Locality":"North Newtown","ParkName":"Not applicable","OBJECTID":13373}},{"type":"Feature","id":13628,"geometry":{"type":"Point","coordinates":[151.187894729801,-33.893159163413]},"properties":{"asset_id":"TS08161","TreeType":"Street Tree","SpeciesName":"Melaleuca quinquenervia","CommonName":"Broad Leaf Paperbark","TreeHeight":6,"TreeCanopyNS":7,"Tree_Status":"Tree","Tree_Age":"Mature","DBH_in_cm":45,"Locality":"North Newtown","ParkName":"Not applicable","OBJECTID":13628}},{"type":"Feature","id":13622,"geometry":{"type":"Point","coordinates":[151.187843266571,-33.8929646232033]},"properties":{"asset_id":"TS08159","TreeType":"Street Tree","SpeciesName":"Lagerstroemia indica","CommonName":"Crepe Myrtle","TreeHeight":7,"TreeCanopyNS":7,"Tree_Status":"Tree","Tree_Age":"Semi-Mature","DBH_in_cm":18,"Locality":"North Newtown","ParkName":"Not applicable","OBJECTID":13622}},{"type":"Feature","id":17209,"geometry":{"type":"Point","coordinates":[151.187730169924,-33.8954173032244]},"properties":{"asset_id":"TS09459","TreeType":"Street Tree","SpeciesName":"Platanus acerifolia","CommonName":"London Plane","TreeHeight":21,"TreeCanopyNS":12,"Tree_Status":"Tree","Tree_Age":"Mature","DBH_in_cm":72,"Locality":"North Newtown","ParkName":"Not applicable","OBJECTID":17209}},{"type":"Feature","id":22627,"geometry":{"type":"Point","coordinates":[151.183324034046,-33.8931807416444]},"properties":{"asset_id":"TS32338","TreeType":"Street Tree","SpeciesName":"Flindersia australis","CommonName":"Crows Ash","TreeHeight":5,"TreeCanopyNS":2,"Tree_Status":"Tree","Tree_Age":"Semi-Mature","DBH_in_cm":10,"Locality":"North Newtown","ParkName":"Not applicable","OBJECTID":22627}},{"type":"Feature","id":8653,"geometry":{"type":"Point","coordinates":[151.182232725592,-33.8932700528006]},"properties":{"asset_id":"TS03454","TreeType":"Street Tree","SpeciesName":"Tristaniopsis laurina","CommonName":"Water Gum","TreeHeight":6,"TreeCanopyNS":5,"Tree_Status":"Tree","Tree_Age":"Mature","DBH_in_cm":38,"Locality":"North Newtown","ParkName":"Not applicable","OBJECTID":8653}},{"type":"Feature","id":16184,"geometry":{"type":"Point","coordinates":[151.185271637606,-33.8965917715367]},"properties":{"asset_id":"TS06188","TreeType":"Street Tree","SpeciesName":"Tristaniopsis laurina","CommonName":"Water Gum","TreeHeight":9,"TreeCanopyNS":8,"Tree_Status":"Tree","Tree_Age":"Mature","DBH_in_cm":54,"Locality":"North Newtown","ParkName":"Not applicable","OBJECTID":16184}},{"type":"Feature","id":16178,"geometry":{"type":"Point","coordinates":[151.182765142539,-33.8956203456881]},"properties":{"asset_id":"TS06085","TreeType":"Street Tree","SpeciesName":"Tristaniopsis laurina","CommonName":"Water Gum","TreeHeight":6,"TreeCanopyNS":4,"Tree_Status":"Tree","Tree_Age":"Semi-Mature","DBH_in_cm":19,"Locality":"North Newtown","ParkName":"Not applicable","OBJECTID":16178}},{"type":"Feature","id":47654,"geometry":{"type":"Point","coordinates":[151.182589723772,-33.8956266844221]},"properties":{"asset_id":"TS06082","TreeType":"Street Tree","SpeciesName":"Liriodendron tulipifera","CommonName":"Tulip Tree","TreeHeight":3,"TreeCanopyNS":1.5,"Tree_Status":"Tree","Tree_Age":"Young","DBH_in_cm":3,"Locality":"North Newtown","ParkName":"Not applicable","OBJECTID":47654}},{"type":"Feature","id":13522,"geometry":{"type":"Point","coordinates":[151.182484780658,-33.8968725049575]},"properties":{"asset_id":"TS29293","TreeType":"Street Tree","SpeciesName":"Pistacia chinensis","CommonName":"Chinese Pistacia","TreeHeight":8,"TreeCanopyNS":8,"Tree_Status":"Tree","Tree_Age":"Mature","DBH_in_cm":27,"Locality":"North Newtown","ParkName":"Not applicable","OBJECTID":13522}},{"type":"Feature","id":23168,"geometry":{"type":"Point","coordinates":[151.178585791445,-33.8880077563194]},"properties":{"asset_id":"TS23201","TreeType":"Street Tree","SpeciesName":"Tristaniopsis laurina","CommonName":"Water Gum","TreeHeight":6,"TreeCanopyNS":3,"Tree_Status":"Tree","Tree_Age":"Semi-Mature","DBH_in_cm":17,"Locality":"Camperdown","ParkName":"Not applicable","OBJECTID":23168}},{"type":"Feature","id":13081,"geometry":{"type":"Point","coordinates":[151.183565481912,-33.8986314111565]},"properties":{"asset_id":"TS14053","TreeType":"Street Tree","SpeciesName":"Auranticarpa rhombifolia","CommonName":"Diamond Pittosporum","TreeHeight":8,"TreeCanopyNS":5,"Tree_Status":"Tree","Tree_Age":"Mature","DBH_in_cm":26,"Locality":"Erskineville Neighbourhood North","ParkName":"Not applicable","OBJECTID":13081}},{"type":"Feature","id":346,"geometry":{"type":"Point","coordinates":[151.179224833205,-33.8908653333557]},"properties":{"asset_id":"TS15877","TreeType":"Street Tree","SpeciesName":"Fraxinus excelsior Aurea","CommonName":"Golden Ash","TreeHeight":8,"TreeCanopyNS":7,"Tree_Status":"Tree","Tree_Age":"Mature","DBH_in_cm":34,"Locality":"Camperdown","ParkName":"Not applicable","OBJECTID":346}},{"type":"Feature","id":18740,"geometry":{"type":"Point","coordinates":[151.181806858964,-33.8922943117608]},"properties":{"asset_id":"TS03449","TreeType":"Street Tree","SpeciesName":"Tristaniopsis laurina","CommonName":"Water Gum","TreeHeight":8,"TreeCanopyNS":6,"Tree_Status":"Tree","Tree_Age":"Mature","DBH_in_cm":31,"Locality":"North Newtown","ParkName":"Not applicable","OBJECTID":18740}},{"type":"Feature","id":13330,"geometry":{"type":"Point","coordinates":[151.184697927928,-33.8981962494255]},"properties":{"asset_id":"TS06580","TreeType":"Street Tree","SpeciesName":"Fraxinus griffithii","CommonName":"Evergreen Ash","TreeHeight":6,"TreeCanopyNS":6,"Tree_Status":"Tree","Tree_Age":"Mature","DBH_in_cm":26,"Locality":"Erskineville Neighbourhood North","ParkName":"Not applicable","OBJECTID":13330}},{"type":"Feature","id":14753,"geometry":{"type":"Point","coordinates":[151.183413239549,-33.8950009467448]},"properties":{"asset_id":"TS15028","TreeType":"Street Tree","SpeciesName":"Melaleuca quinquenervia","CommonName":"Broad Leaf Paperbark","TreeHeight":15,"TreeCanopyNS":10,"Tree_Status":"Tree","Tree_Age":"Mature","DBH_in_cm":133,"Locality":"North Newtown","ParkName":"Not applicable","OBJECTID":14753}},{"type":"Feature","id":28478,"geometry":{"type":"Point","coordinates":[151.182019412442,-33.8960553379548]},"properties":{"asset_id":"TS33601","TreeType":"Street Tree","SpeciesName":"Callistemon viminalis","CommonName":"Weeping Bottlebrush","TreeHeight":7,"TreeCanopyNS":4,"Tree_Status":"Tree","Tree_Age":"Mature","DBH_in_cm":25,"Locality":"North Newtown","ParkName":"Not applicable","OBJECTID":28478}},{"type":"Feature","id":28229,"geometry":{"type":"Point","coordinates":[151.182343504434,-33.8980722513136]},"properties":{"asset_id":"TP03902","TreeType":"Park Tree","SpeciesName":"Livistona australis","CommonName":"Cabbage Tree Palm","TreeHeight":6,"TreeCanopyNS":6,"Tree_Status":"Tree","Tree_Age":"Mature","DBH_in_cm":39,"Locality":"Erskineville Neighbourhood North","ParkName":"Green Ban Park","OBJECTID":28229}},{"type":"Feature","id":13722,"geometry":{"type":"Point","coordinates":[151.188363372739,-33.8915177743393]},"properties":{"asset_id":"TS15861","TreeType":"Street Tree","SpeciesName":"Lophostemon confertus","CommonName":"Brush Box","TreeHeight":9,"TreeCanopyNS":10,"Tree_Status":"Tree","Tree_Age":"Mature","DBH_in_cm":59,"Locality":"University of Sydney and Royal Prince Alfred Hospital","ParkName":"Not applicable","OBJECTID":13722}},{"type":"Feature","id":9443,"geometry":{"type":"Point","coordinates":[151.178363236245,-33.8889908726024]},"properties":{"asset_id":"TS23662","TreeType":"Street Tree","SpeciesName":"Corymbia maculata","CommonName":"Spotted Gum","TreeHeight":15,"TreeCanopyNS":6,"Tree_Status":"Tree","Tree_Age":"Mature","DBH_in_cm":43,"Locality":"Camperdown","ParkName":"Not applicable","OBJECTID":9443}},{"type":"Feature","id":9394,"geometry":{"type":"Point","coordinates":[151.186787634485,-33.8913535556962]},"properties":{"asset_id":"TS23482","TreeType":"Street Tree","SpeciesName":"Jacaranda mimosifolia","CommonName":"Jacaranda","TreeHeight":6,"TreeCanopyNS":5,"Tree_Status":"Tree","Tree_Age":"Semi-Mature","DBH_in_cm":19,"Locality":"University of Sydney and Royal Prince Alfred Hospital","ParkName":"Not applicable","OBJECTID":9394}},{"type":"Feature","id":21886,"geometry":{"type":"Point","coordinates":[151.18594754777,-33.8932394290445]},"properties":{"asset_id":"TS08127","TreeType":"Street Tree","SpeciesName":"Tristaniopsis laurina","CommonName":"Water Gum","TreeHeight":5,"TreeCanopyNS":3,"Tree_Status":"Tree","Tree_Age":"Semi-Mature","DBH_in_cm":13,"Locality":"North Newtown","ParkName":"Not applicable","OBJECTID":21886}},{"type":"Feature","id":11558,"geometry":{"type":"Point","coordinates":[151.184010952866,-33.8978333630651]},"properties":{"asset_id":"TS04480","TreeType":"Street Tree","SpeciesName":"Tristaniopsis laurina","CommonName":"Water Gum","TreeHeight":6,"TreeCanopyNS":4,"Tree_Status":"Tree","Tree_Age":"Mature","DBH_in_cm":20,"Locality":"Erskineville Neighbourhood North","ParkName":"Not applicable","OBJECTID":11558}},{"type":"Feature","id":26706,"geometry":{"type":"Point","coordinates":[151.18479446756,-33.894233285385]},"properties":{"asset_id":"TP01559","TreeType":"Park Tree","SpeciesName":"Casuarina cunninghamiana","CommonName":"River She Oak","TreeHeight":19,"TreeCanopyNS":10,"Tree_Status":"Tree","Tree_Age":"Mature","DBH_in_cm":42,"Locality":"North Newtown","ParkName":"Michael Kelly Rest Area","OBJECTID":26706}},{"type":"Feature","id":14853,"geometry":{"type":"Point","coordinates":[151.185581956794,-33.8972565939431]},"properties":{"asset_id":"TS15888","TreeType":"Street Tree","SpeciesName":"Koelreuteria paniculata","CommonName":"Golden Rain Tree","TreeHeight":7,"TreeCanopyNS":5,"Tree_Status":"Tree","Tree_Age":"Mature","DBH_in_cm":24,"Locality":null,"ParkName":"Not applicable","OBJECTID":14853}},{"type":"Feature","id":13230,"geometry":{"type":"Point","coordinates":[151.18299122628,-33.8942605290859]},"properties":{"asset_id":"TS15008","TreeType":"Street Tree","SpeciesName":"Melaleuca quinquenervia","CommonName":"Broad Leaf Paperbark","TreeHeight":10,"TreeCanopyNS":2,"Tree_Status":"Tree","Tree_Age":"Mature","DBH_in_cm":32,"Locality":"North Newtown","ParkName":"Not applicable","OBJECTID":13230}},{"type":"Feature","id":10525,"geometry":{"type":"Point","coordinates":[151.180746938002,-33.8972392809409]},"properties":{"asset_id":"TS07824","TreeType":"Street Tree","SpeciesName":"Platanus acerifolia","CommonName":"London Plane","TreeHeight":10,"TreeCanopyNS":9,"Tree_Status":"Tree","Tree_Age":"Semi-Mature","DBH_in_cm":29,"Locality":"North Newtown","ParkName":"Not applicable","OBJECTID":10525}},{"type":"Feature","id":14804,"geometry":{"type":"Point","coordinates":[151.181969809257,-33.8962271075136]},"properties":{"asset_id":"TS15222","TreeType":"Street Tree","SpeciesName":"Koelreuteria paniculata","CommonName":"Golden Rain Tree","TreeHeight":5,"TreeCanopyNS":2,"Tree_Status":"Tree","Tree_Age":"Semi-Mature","DBH_in_cm":12,"Locality":"North Newtown","ParkName":"Not applicable","OBJECTID":14804}},{"type":"Feature","id":45149,"geometry":{"type":"Point","coordinates":[151.189595375826,-33.8938921260359]},"properties":{"asset_id":"TS44661","TreeType":"Street Tree","SpeciesName":"Syzygium australe","CommonName":"Brush Cherry","TreeHeight":5,"TreeCanopyNS":2,"Tree_Status":"Tree","Tree_Age":"Young","DBH_in_cm":7,"Locality":"Darlington and West Redfern","ParkName":"Not applicable","OBJECTID":45149}},{"type":"Feature","id":22968,"geometry":{"type":"Point","coordinates":[151.187905046611,-33.8945625963392]},"properties":{"asset_id":"TS15886","TreeType":"Street Tree","SpeciesName":"Lophostemon confertus","CommonName":"Brush Box","TreeHeight":14,"TreeCanopyNS":10,"Tree_Status":"Tree","Tree_Age":"Mature","DBH_in_cm":77,"Locality":"North Newtown","ParkName":"Not applicable","OBJECTID":22968}},{"type":"Feature","id":19447,"geometry":{"type":"Point","coordinates":[151.189223929695,-33.8917036525521]},"properties":{"asset_id":"TS01565","TreeType":"Street Tree","SpeciesName":"Populus deltoides","CommonName":"Cottonwood","TreeHeight":14,"TreeCanopyNS":13,"Tree_Status":"Tree","Tree_Age":"Mature","DBH_in_cm":64,"Locality":"University of Sydney and Royal Prince Alfred Hospital","ParkName":"Not applicable","OBJECTID":19447}},{"type":"Feature","id":40672,"geometry":{"type":"Point","coordinates":[151.178677063532,-33.8897005797859]},"properties":{"asset_id":null,"TreeType":"Street Tree","SpeciesName":"Morus Sp.","CommonName":"Mulberry Tree","TreeHeight":3,"TreeCanopyNS":3,"Tree_Status":"Tree","Tree_Age":"Young","DBH_in_cm":12,"Locality":"Camperdown","ParkName":"Not applicable","OBJECTID":40672}},{"type":"Feature","id":12878,"geometry":{"type":"Point","coordinates":[151.187176171723,-33.8928132337647]},"properties":{"asset_id":"TS13173","TreeType":"Street Tree","SpeciesName":"Tristaniopsis laurina","CommonName":"Water Gum","TreeHeight":6,"TreeCanopyNS":3,"Tree_Status":"Tree","Tree_Age":"Semi-Mature","DBH_in_cm":16,"Locality":"North Newtown","ParkName":"Not applicable","OBJECTID":12878}},{"type":"Feature","id":10625,"geometry":{"type":"Point","coordinates":[151.185365288131,-33.8936364522811]},"properties":{"asset_id":"TS08586","TreeType":"Street Tree","SpeciesName":"Ficus rubiginosa","CommonName":"Port Jackson or Rusty Fig","TreeHeight":11,"TreeCanopyNS":12,"Tree_Status":"Tree","Tree_Age":"Mature","DBH_in_cm":89,"Locality":"North Newtown","ParkName":"Not applicable","OBJECTID":10625}},{"type":"Feature","id":13542,"geometry":{"type":"Point","coordinates":[151.18769452553,-33.8957424855719]},"properties":{"asset_id":"TS29309","TreeType":"Street Tree","SpeciesName":"Jacaranda mimosifolia","CommonName":"Jacaranda","TreeHeight":10,"TreeCanopyNS":9,"Tree_Status":"Tree","Tree_Age":"Mature","DBH_in_cm":47,"Locality":"North Newtown","ParkName":"Not applicable","OBJECTID":13542}},{"type":"Feature","id":6048,"geometry":{"type":"Point","coordinates":[151.178144101543,-33.8887248660888]},"properties":{"asset_id":"TS23669","TreeType":"Street Tree","SpeciesName":"Elaeocarpus reticulatus","CommonName":"Blueberry Ash","TreeHeight":6,"TreeCanopyNS":5,"Tree_Status":"Tree","Tree_Age":"Semi-Mature","DBH_in_cm":19,"Locality":"Camperdown","ParkName":"Not applicable","OBJECTID":6048}},{"type":"Feature","id":16885,"geometry":{"type":"Point","coordinates":[151.188766965819,-33.8923383384438]},"properties":{"asset_id":"TS08732","TreeType":"Street Tree","SpeciesName":"Eucalyptus microcorys","CommonName":"Tallow Wood","TreeHeight":21,"TreeCanopyNS":18,"Tree_Status":"Tree","Tree_Age":"Mature","DBH_in_cm":90,"Locality":"Darlington and West Redfern","ParkName":"Not applicable","OBJECTID":16885}},{"type":"Feature","id":11266,"geometry":{"type":"Point","coordinates":[151.181438254441,-33.8929916818105]},"properties":{"asset_id":"TS01738","TreeType":"Street Tree","SpeciesName":"Tristaniopsis laurina","CommonName":"Water Gum","TreeHeight":10,"TreeCanopyNS":8,"Tree_Status":"Tree","Tree_Age":"Mature","DBH_in_cm":41,"Locality":"North Newtown","ParkName":"Not applicable","OBJECTID":11266}},{"type":"Feature","id":39367,"geometry":{"type":"Point","coordinates":[151.184283445498,-33.8971249202963]},"properties":{"asset_id":"TS35123","TreeType":"Street Tree","SpeciesName":"Populus simonii","CommonName":"Simon Poplar","TreeHeight":11,"TreeCanopyNS":8,"Tree_Status":"Tree","Tree_Age":"Mature","DBH_in_cm":37,"Locality":"Erskineville Neighbourhood North","ParkName":"Not applicable","OBJECTID":39367}},{"type":"Feature","id":15772,"geometry":{"type":"Point","coordinates":[151.183627500239,-33.8951872491573]},"properties":{"asset_id":"TS14992","TreeType":"Street Tree","SpeciesName":"Pistacia chinensis","CommonName":"Chinese Pistacia","TreeHeight":6,"TreeCanopyNS":6,"Tree_Status":"Tree","Tree_Age":"Semi-Mature","DBH_in_cm":12,"Locality":"North Newtown","ParkName":"Not applicable","OBJECTID":15772}},{"type":"Feature","id":12901,"geometry":{"type":"Point","coordinates":[151.185506958792,-33.8980198895789]},"properties":{"asset_id":"TS06160","TreeType":"Street Tree","SpeciesName":"Koelreuteria paniculata","CommonName":"Ash","TreeHeight":9,"TreeCanopyNS":8,"Tree_Status":"Tree","Tree_Age":"Mature","DBH_in_cm":32,"Locality":"Erskineville Neighbourhood North","ParkName":"Not applicable","OBJECTID":12901}},{"type":"Feature","id":13233,"geometry":{"type":"Point","coordinates":[151.183112451021,-33.8943620493101]},"properties":{"asset_id":"TS15009","TreeType":"Street Tree","SpeciesName":"Fraxinus griffithii","CommonName":"Evergreen Ash","TreeHeight":8,"TreeCanopyNS":8,"Tree_Status":"Tree","Tree_Age":"Mature","DBH_in_cm":30,"Locality":"North Newtown","ParkName":"Not applicable","OBJECTID":13233}},{"type":"Feature","id":10934,"geometry":{"type":"Point","coordinates":[151.181954259916,-33.8970360041039]},"properties":{"asset_id":"TS10438","TreeType":"Street Tree","SpeciesName":"Melaleuca quinquenervia","CommonName":"Broad Leaf Paperbark","TreeHeight":15,"TreeCanopyNS":10,"Tree_Status":"Tree","Tree_Age":"Mature","DBH_in_cm":78,"Locality":"North Newtown","ParkName":"Not applicable","OBJECTID":10934}},{"type":"Feature","id":47857,"geometry":{"type":"Point","coordinates":[151.182950230129,-33.8980786796188]},"properties":{"asset_id":"TS04462","TreeType":"Street Tree","SpeciesName":"Tristaniopsis laurina","CommonName":"Water Gum","TreeHeight":4,"TreeCanopyNS":2,"Tree_Status":"Tree","Tree_Age":"Young","DBH_in_cm":10,"Locality":"Erskineville Neighbourhood North","ParkName":"Not applicable","OBJECTID":47857}},{"type":"Feature","id":17217,"geometry":{"type":"Point","coordinates":[151.187660118019,-33.89527334734]},"properties":{"asset_id":"TS09456","TreeType":"Street Tree","SpeciesName":"Platanus acerifolia","CommonName":"London Plane","TreeHeight":20,"TreeCanopyNS":14,"Tree_Status":"Tree","Tree_Age":"Mature","DBH_in_cm":120,"Locality":"North Newtown","ParkName":"Not applicable","OBJECTID":17217}},{"type":"Feature","id":7731,"geometry":{"type":"Point","coordinates":[151.181581155031,-33.8885675356122]},"properties":{"asset_id":"TS22154","TreeType":"Street Tree","SpeciesName":"Lophostemon confertus","CommonName":"Brush Box","TreeHeight":5,"TreeCanopyNS":2,"Tree_Status":"Tree","Tree_Age":"Semi-Mature","DBH_in_cm":14,"Locality":"University of Sydney and Royal Prince Alfred Hospital","ParkName":"Not applicable","OBJECTID":7731}},{"type":"Feature","id":12168,"geometry":{"type":"Point","coordinates":[151.183380798972,-33.8913097572344]},"properties":{"asset_id":"TS23510","TreeType":"Street Tree","SpeciesName":"Jacaranda mimosifolia","CommonName":"Jacaranda","TreeHeight":7,"TreeCanopyNS":8,"Tree_Status":"Tree","Tree_Age":"Mature","DBH_in_cm":27,"Locality":"University of Sydney and Royal Prince Alfred Hospital","ParkName":"Not applicable","OBJECTID":12168}},{"type":"Feature","id":11172,"geometry":{"type":"Point","coordinates":[151.179966688605,-33.892809616568]},"properties":{"asset_id":"TS01042","TreeType":"Street Tree","SpeciesName":"Tristaniopsis laurina","CommonName":"Water Gum","TreeHeight":8,"TreeCanopyNS":3,"Tree_Status":"Tree","Tree_Age":"Semi-Mature","DBH_in_cm":18,"Locality":"North Newtown","ParkName":"Not applicable","OBJECTID":11172}},{"type":"Feature","id":7754,"geometry":{"type":"Point","coordinates":[151.182949656484,-33.8917600361465]},"properties":{"asset_id":"TS22188","TreeType":"Street Tree","SpeciesName":"Flindersia australis","CommonName":"Crows Ash","TreeHeight":5,"TreeCanopyNS":3,"Tree_Status":"Tree","Tree_Age":"Semi-Mature","DBH_in_cm":16,"Locality":"North Newtown","ParkName":"Not applicable","OBJECTID":7754}},{"type":"Feature","id":4505,"geometry":{"type":"Point","coordinates":[151.185033879579,-33.8973914431281]},"properties":{"asset_id":"TS04502","TreeType":"Street Tree","SpeciesName":"Tristaniopsis laurina","CommonName":"Water Gum","TreeHeight":7,"TreeCanopyNS":7,"Tree_Status":"Tree","Tree_Age":"Mature","DBH_in_cm":32,"Locality":"Erskineville Neighbourhood North","ParkName":"Not applicable","OBJECTID":4505}},{"type":"Feature","id":39390,"geometry":{"type":"Point","coordinates":[151.184713474163,-33.896983284805]},"properties":{"asset_id":"TS35138","TreeType":"Street Tree","SpeciesName":"Callistemon viminalis","CommonName":"Weeping Bottlebrush","TreeHeight":4,"TreeCanopyNS":2,"Tree_Status":"Tree","Tree_Age":"Semi-Mature","DBH_in_cm":7,"Locality":"Erskineville Neighbourhood North","ParkName":"Not applicable","OBJECTID":39390}},{"type":"Feature","id":14824,"geometry":{"type":"Point","coordinates":[151.18330917288,-33.8958951047757]},"properties":{"asset_id":"TS15236","TreeType":"Street Tree","SpeciesName":"Koelreuteria paniculata","CommonName":"Golden Rain Tree","TreeHeight":8,"TreeCanopyNS":6,"Tree_Status":"Tree","Tree_Age":"Mature","DBH_in_cm":25,"Locality":"North Newtown","ParkName":"Not applicable","OBJECTID":14824}},{"type":"Feature","id":27820,"geometry":{"type":"Point","coordinates":[151.186521520333,-33.8947963416753]},"properties":{"asset_id":"TP02201","TreeType":"Park Tree","SpeciesName":"Ficus macrophylla","CommonName":"Moreton Bay Fig","TreeHeight":14,"TreeCanopyNS":18,"Tree_Status":"Tree","Tree_Age":"Mature","DBH_in_cm":123,"Locality":"North Newtown","ParkName":"Hollis Park","OBJECTID":27820}},{"type":"Feature","id":10176,"geometry":{"type":"Point","coordinates":[151.187229814774,-33.8940082820096]},"properties":{"asset_id":"TS05180","TreeType":"Street Tree","SpeciesName":"Elaeocarpus reticulatus","CommonName":"Blueberry Ash","TreeHeight":8,"TreeCanopyNS":7,"Tree_Status":"Tree","Tree_Age":"Mature","DBH_in_cm":26,"Locality":"North Newtown","ParkName":"Not applicable","OBJECTID":10176}},{"type":"Feature","id":28484,"geometry":{"type":"Point","coordinates":[151.182048497126,-33.8960453071579]},"properties":{"asset_id":"TS33599","TreeType":"Street Tree","SpeciesName":"Callistemon viminalis","CommonName":"Weeping Bottlebrush","TreeHeight":6,"TreeCanopyNS":4,"Tree_Status":"Tree","Tree_Age":"Mature","DBH_in_cm":17,"Locality":"North Newtown","ParkName":"Not applicable","OBJECTID":28484}},{"type":"Feature","id":27156,"geometry":{"type":"Point","coordinates":[151.189754240784,-33.8988485071304]},"properties":{"asset_id":"TP06902","TreeType":"Park Tree","SpeciesName":"Jacaranda mimosifolia","CommonName":"Jacaranda","TreeHeight":6,"TreeCanopyNS":5,"Tree_Status":"Tree","Tree_Age":"Semi-Mature","DBH_in_cm":17,"Locality":"Erskineville Oval","ParkName":"Solander Park","OBJECTID":27156}},{"type":"Feature","id":45155,"geometry":{"type":"Point","coordinates":[151.187877623333,-33.8921073073401]},"properties":{"asset_id":"TS44655","TreeType":"Street Tree","SpeciesName":"Eucalyptus scoparia","CommonName":"Willow Gum","TreeHeight":12,"TreeCanopyNS":6,"Tree_Status":"Tree","Tree_Age":"Mature","DBH_in_cm":24,"Locality":"University of Sydney and Royal Prince Alfred Hospital","ParkName":"Not applicable","OBJECTID":45155}},{"type":"Feature","id":26540,"geometry":{"type":"Point","coordinates":[151.182144411422,-33.8928152669496]},"properties":{"asset_id":"TP06876","TreeType":"Park Tree","SpeciesName":"Strelitzia nicolai","CommonName":"Bird of Paradise","TreeHeight":6,"TreeCanopyNS":1,"Tree_Status":"Tree","Tree_Age":"Semi-Mature","DBH_in_cm":16,"Locality":"North Newtown","ParkName":"Goddard Reserve","OBJECTID":26540}},{"type":"Feature","id":47811,"geometry":{"type":"Point","coordinates":[151.18350245722,-33.8983144237124]},"properties":{"asset_id":"TS14059","TreeType":"Street Tree","SpeciesName":"Lagerstroemia indica","CommonName":"Crepe Myrtle","TreeHeight":3,"TreeCanopyNS":3,"Tree_Status":"Tree","Tree_Age":"Young","DBH_in_cm":4,"Locality":"Erskineville Neighbourhood North","ParkName":"Not applicable","OBJECTID":47811}},{"type":"Feature","id":15843,"geometry":{"type":"Point","coordinates":[151.184327380599,-33.8939762591516]},"properties":{"asset_id":"TS15534","TreeType":"Street Tree","SpeciesName":"Eucalyptus microcorys","CommonName":"Tallow Wood","TreeHeight":19,"TreeCanopyNS":15,"Tree_Status":"Tree","Tree_Age":"Mature","DBH_in_cm":74,"Locality":"North Newtown","ParkName":"Not applicable","OBJECTID":15843}},{"type":"Feature","id":10765,"geometry":{"type":"Point","coordinates":[151.187355040445,-33.8949990584353]},"properties":{"asset_id":"TS09461","TreeType":"Street Tree","SpeciesName":"Platanus acerifolia","CommonName":"London Plane","TreeHeight":18,"TreeCanopyNS":14,"Tree_Status":"Tree","Tree_Age":"Mature","DBH_in_cm":100,"Locality":"North Newtown","ParkName":"Not applicable","OBJECTID":10765}},{"type":"Feature","id":28507,"geometry":{"type":"Point","coordinates":[151.181038505331,-33.8964943367641]},"properties":{"asset_id":"TS32913","TreeType":"Street Tree","SpeciesName":"Melaleuca linariifolia","CommonName":"Snow in Summer","TreeHeight":8,"TreeCanopyNS":8,"Tree_Status":"Tree","Tree_Age":"Mature","DBH_in_cm":53,"Locality":"North Newtown","ParkName":"Not applicable","OBJECTID":28507}},{"type":"Feature","id":24548,"geometry":{"type":"Point","coordinates":[151.181704687056,-33.8981665207682]},"properties":{"asset_id":"TS29273","TreeType":"Street Tree","SpeciesName":"Platanus acerifolia","CommonName":"London Plane","TreeHeight":8,"TreeCanopyNS":4,"Tree_Status":"Tree","Tree_Age":"Mature","DBH_in_cm":28,"Locality":"Erskineville Road Village Centre","ParkName":"Not applicable","OBJECTID":24548}},{"type":"Feature","id":13519,"geometry":{"type":"Point","coordinates":[151.18257126529,-33.8968430320914]},"properties":{"asset_id":"TS29292","TreeType":"Street Tree","SpeciesName":"Callistemon salignus","CommonName":"Willow Bottlebrush","TreeHeight":7,"TreeCanopyNS":6,"Tree_Status":"Tree","Tree_Age":"Mature","DBH_in_cm":34,"Locality":"North Newtown","ParkName":"Not applicable","OBJECTID":13519}},{"type":"Feature","id":15511,"geometry":{"type":"Point","coordinates":[151.189244143949,-33.8982251229414]},"properties":{"asset_id":"TS13322","TreeType":"Street Tree","SpeciesName":"Eucalyptus microcorys","CommonName":"Tallow Wood","TreeHeight":18,"TreeCanopyNS":15,"Tree_Status":"Tree","Tree_Age":"Mature","DBH_in_cm":81,"Locality":"Erskineville Oval","ParkName":"Not applicable","OBJECTID":15511}},{"type":"Feature","id":11790,"geometry":{"type":"Point","coordinates":[151.185613017303,-33.8977504808266]},"properties":{"asset_id":"TS06146","TreeType":"Street Tree","SpeciesName":"Pistacia chinensis","CommonName":"Chinese Pistacia","TreeHeight":8,"TreeCanopyNS":5,"Tree_Status":"Tree","Tree_Age":"Semi-Mature","DBH_in_cm":18,"Locality":"Erskineville Neighbourhood North","ParkName":"Not applicable","OBJECTID":11790}},{"type":"Feature","id":18311,"geometry":{"type":"Point","coordinates":[151.189726590452,-33.8931631975939]},"properties":{"asset_id":"TS00144","TreeType":"Street Tree","SpeciesName":"Lophostemon confertus","CommonName":"Brush Box","TreeHeight":10,"TreeCanopyNS":8,"Tree_Status":"Tree","Tree_Age":"Mature","DBH_in_cm":58,"Locality":"Darlington and West Redfern","ParkName":"Not applicable","OBJECTID":18311}},{"type":"Feature","id":12139,"geometry":{"type":"Point","coordinates":[151.181994239305,-33.8916068898949]},"properties":{"asset_id":"TS23411","TreeType":"Street Tree","SpeciesName":"Platanus acerifolia","CommonName":"London Plane","TreeHeight":6,"TreeCanopyNS":4,"Tree_Status":"Tree","Tree_Age":"Semi-Mature","DBH_in_cm":10,"Locality":"North Newtown","ParkName":"Not applicable","OBJECTID":12139}},{"type":"Feature","id":45650,"geometry":{"type":"Point","coordinates":[151.18670886454,-33.894104042393]},"properties":{"asset_id":"TS46220","TreeType":"Street Tree","SpeciesName":"Murraya paniculata","CommonName":"Brush Cherry","TreeHeight":5,"TreeCanopyNS":4,"Tree_Status":"Tree","Tree_Age":"Mature","DBH_in_cm":20,"Locality":"North Newtown","ParkName":"Not applicable","OBJECTID":45650}},{"type":"Feature","id":46984,"geometry":{"type":"Point","coordinates":[151.181951477619,-33.8960973478629]},"properties":{"asset_id":"TS40649","TreeType":"Street Tree","SpeciesName":"Murraya paniculata","CommonName":"Orange Jessamine","TreeHeight":6,"TreeCanopyNS":6,"Tree_Status":"Tree","Tree_Age":"Mature","DBH_in_cm":30,"Locality":"North Newtown","ParkName":"Not applicable","OBJECTID":46984}},{"type":"Feature","id":25467,"geometry":{"type":"Point","coordinates":[151.18191839764,-33.8956843160877]},"properties":{"asset_id":"TP00001","TreeType":"Park Tree","SpeciesName":"Caesalpinia ferrea","CommonName":"Leopard Tree","TreeHeight":7,"TreeCanopyNS":5,"Tree_Status":"Tree","Tree_Age":"Mature","DBH_in_cm":19,"Locality":"North Newtown","ParkName":"WJ Thurbon Reserve","OBJECTID":25467}},{"type":"Feature","id":47642,"geometry":{"type":"Point","coordinates":[151.187536467034,-33.8936152198162]},"properties":{"asset_id":"TS13163","TreeType":"Street Tree","SpeciesName":"Tristaniopsis laurina","CommonName":"Water Gum","TreeHeight":4,"TreeCanopyNS":1,"Tree_Status":"Tree","Tree_Age":"Young","DBH_in_cm":5,"Locality":"North Newtown","ParkName":"Not applicable","OBJECTID":47642}},{"type":"Feature","id":45656,"geometry":{"type":"Point","coordinates":[151.187710886829,-33.8944786734696]},"properties":{"asset_id":"TS46476","TreeType":"Street Tree","SpeciesName":"Banksia ericifolia","CommonName":"Heath Banksia","TreeHeight":3,"TreeCanopyNS":2,"Tree_Status":"Tree","Tree_Age":"Mature","DBH_in_cm":9,"Locality":"North Newtown","ParkName":"Not applicable","OBJECTID":45656}},{"type":"Feature","id":12162,"geometry":{"type":"Point","coordinates":[151.183010517187,-33.8914702145999]},"properties":{"asset_id":"TS23512","TreeType":"Street Tree","SpeciesName":"Jacaranda mimosifolia","CommonName":"Jacaranda","TreeHeight":5,"TreeCanopyNS":4,"Tree_Status":"Tree","Tree_Age":"Semi-Mature","DBH_in_cm":22,"Locality":"North Newtown","ParkName":"Not applicable","OBJECTID":12162}},{"type":"Feature","id":42384,"geometry":{"type":"Point","coordinates":[151.185827090948,-33.8943982783666]},"properties":{"asset_id":"TS44263","TreeType":"Park Tree","SpeciesName":"Agathis robusta","CommonName":"Kauri Pine","TreeHeight":4,"TreeCanopyNS":2,"Tree_Status":"Tree","Tree_Age":"Young","DBH_in_cm":9,"Locality":"North Newtown","ParkName":"Hollis Park","OBJECTID":42384}},{"type":"Feature","id":21654,"geometry":{"type":"Point","coordinates":[151.180669470734,-33.898936281668]},"properties":{"asset_id":"TS31496","TreeType":"Street Tree","SpeciesName":"Pistacia chinensis","CommonName":"Chinese Pistacia","TreeHeight":5,"TreeCanopyNS":3,"Tree_Status":"Tree","Tree_Age":"Semi-Mature","DBH_in_cm":9,"Locality":"Erskineville Neighbourhood South","ParkName":"Not applicable","OBJECTID":21654}},{"type":"Feature","id":10857,"geometry":{"type":"Point","coordinates":[151.184391760794,-33.8987333178896]},"properties":{"asset_id":"TS09807","TreeType":"Street Tree","SpeciesName":"Tristaniopsis laurina","CommonName":"Water Gum","TreeHeight":7,"TreeCanopyNS":8,"Tree_Status":"Tree","Tree_Age":"Mature","DBH_in_cm":30,"Locality":"Erskineville Neighbourhood North","ParkName":"Not applicable","OBJECTID":10857}},{"type":"Feature","id":13734,"geometry":{"type":"Point","coordinates":[151.185633691166,-33.8951157355118]},"properties":{"asset_id":"TS15881","TreeType":"Street Tree","SpeciesName":"Koelreuteria paniculata","CommonName":"Golden Rain Tree","TreeHeight":4,"TreeCanopyNS":3,"Tree_Status":"Tree","Tree_Age":"Semi-Mature","DBH_in_cm":14,"Locality":"North Newtown","ParkName":"Not applicable","OBJECTID":13734}},{"type":"Feature","id":45063,"geometry":{"type":"Point","coordinates":[151.185488973384,-33.8977816567972]},"properties":{"asset_id":"TS44287","TreeType":"Street Tree","SpeciesName":"Pistacia chinensis","CommonName":"Chinese Pistacia","TreeHeight":5,"TreeCanopyNS":3,"Tree_Status":"Tree","Tree_Age":"Semi-Mature","DBH_in_cm":5,"Locality":"Erskineville Neighbourhood North","ParkName":"Not applicable","OBJECTID":45063}},{"type":"Feature","id":283,"geometry":{"type":"Point","coordinates":[151.182974266128,-33.8941323227124]},"properties":{"asset_id":"TS15029","TreeType":"Street Tree","SpeciesName":"Jacaranda mimosifolia","CommonName":"Jacaranda","TreeHeight":10,"TreeCanopyNS":9,"Tree_Status":"Tree","Tree_Age":"Mature","DBH_in_cm":36,"Locality":"North Newtown","ParkName":"Not applicable","OBJECTID":283}},{"type":"Feature","id":13513,"geometry":{"type":"Point","coordinates":[151.182786182336,-33.8967793848922]},"properties":{"asset_id":"TS29290","TreeType":"Street Tree","SpeciesName":"Melaleuca quinquenervia","CommonName":"Broad Leaf Paperbark","TreeHeight":10,"TreeCanopyNS":10,"Tree_Status":"Tree","Tree_Age":"Mature","DBH_in_cm":70,"Locality":"North Newtown","ParkName":"Not applicable","OBJECTID":13513}},{"type":"Feature","id":19453,"geometry":{"type":"Point","coordinates":[151.189408659854,-33.8916349507563]},"properties":{"asset_id":"TS01557","TreeType":"Street Tree","SpeciesName":"Liriodendron tulipifera","CommonName":"Tulip Tree","TreeHeight":5,"TreeCanopyNS":4,"Tree_Status":"Tree","Tree_Age":"Semi-Mature","DBH_in_cm":15,"Locality":"University of Sydney and Royal Prince Alfred Hospital","ParkName":"Not applicable","OBJECTID":19453}},{"type":"Feature","id":12872,"geometry":{"type":"Point","coordinates":[151.18710243472,-33.8926647146448]},"properties":{"asset_id":"TS13171","TreeType":"Street Tree","SpeciesName":"Tristaniopsis laurina","CommonName":"Water Gum","TreeHeight":7,"TreeCanopyNS":4,"Tree_Status":"Tree","Tree_Age":"Mature","DBH_in_cm":16,"Locality":"North Newtown","ParkName":"Not applicable","OBJECTID":12872}},{"type":"Feature","id":9374,"geometry":{"type":"Point","coordinates":[151.183654236278,-33.8914228096893]},"properties":{"asset_id":"TS23493","TreeType":"Street Tree","SpeciesName":"Lophostemon confertus","CommonName":"Brush Box","TreeHeight":9,"TreeCanopyNS":6,"Tree_Status":"Tree","Tree_Age":"Mature","DBH_in_cm":36,"Locality":"University of Sydney and Royal Prince Alfred Hospital","ParkName":"Not applicable","OBJECTID":9374}},{"type":"Feature","id":18706,"geometry":{"type":"Point","coordinates":[151.181776766106,-33.8920870095631]},"properties":{"asset_id":"TS03430","TreeType":"Street Tree","SpeciesName":"Tristaniopsis laurina","CommonName":"Water Gum","TreeHeight":7,"TreeCanopyNS":7,"Tree_Status":"Tree","Tree_Age":"Mature","DBH_in_cm":37,"Locality":"North Newtown","ParkName":"Not applicable","OBJECTID":18706}},{"type":"Feature","id":21955,"geometry":{"type":"Point","coordinates":[151.187101923174,-33.8957490033157]},"properties":{"asset_id":"TS31770","TreeType":"Street Tree","SpeciesName":"Robinia pseudoacacia 'Frisia'","CommonName":"Golden Robinia","TreeHeight":8,"TreeCanopyNS":5,"Tree_Status":"Tree","Tree_Age":"Semi-Mature","DBH_in_cm":15,"Locality":"North Newtown","ParkName":"Not applicable","OBJECTID":21955}},{"type":"Feature","id":10548,"geometry":{"type":"Point","coordinates":[151.188097941,-33.8932546711609]},"properties":{"asset_id":"TS08141","TreeType":"Street Tree","SpeciesName":"Lophostemon confertus","CommonName":"Brush Box","TreeHeight":14,"TreeCanopyNS":11,"Tree_Status":"Tree","Tree_Age":"Mature","DBH_in_cm":67,"Locality":"Darlington and West Redfern","ParkName":"Not applicable","OBJECTID":10548}},{"type":"Feature","id":37738,"geometry":{"type":"Point","coordinates":[151.187984383997,-33.8986732422444]},"properties":{"asset_id":"TS34977","TreeType":"Street Tree","SpeciesName":"Melaleuca styphelioides","CommonName":"Prickly Paperbark","TreeHeight":7,"TreeCanopyNS":4,"Tree_Status":"Tree","Tree_Age":"Mature","DBH_in_cm":17,"Locality":"Erskineville Oval","ParkName":"Not applicable","OBJECTID":37738}},{"type":"Feature","id":7737,"geometry":{"type":"Point","coordinates":[151.182542737404,-33.890676008041]},"properties":{"asset_id":"TS22165","TreeType":"Street Tree","SpeciesName":"Flindersia australis","CommonName":"Crows Ash","TreeHeight":8,"TreeCanopyNS":5,"Tree_Status":"Tree","Tree_Age":"Semi-Mature","DBH_in_cm":22,"Locality":"University of Sydney and Royal Prince Alfred Hospital","ParkName":"Not applicable","OBJECTID":7737}},{"type":"Feature","id":39373,"geometry":{"type":"Point","coordinates":[151.184377421571,-33.8971042132537]},"properties":{"asset_id":"TS35126","TreeType":"Street Tree","SpeciesName":"Callistemon viminalis","CommonName":"Weeping Bottlebrush","TreeHeight":8,"TreeCanopyNS":3,"Tree_Status":"Tree","Tree_Age":"Mature","DBH_in_cm":20,"Locality":"Erskineville Neighbourhood North","ParkName":"Not applicable","OBJECTID":39373}},{"type":"Feature","id":46560,"geometry":{"type":"Point","coordinates":[151.185021463343,-33.8962322604245]},"properties":{"asset_id":"TS41659","TreeType":"Street Tree","SpeciesName":"Cupaniopsis anacardioides","CommonName":"Tuckeroo","TreeHeight":4,"TreeCanopyNS":1,"Tree_Status":"Tree","Tree_Age":"Young","DBH_in_cm":6,"Locality":"North Newtown","ParkName":"Not applicable","OBJECTID":46560}},{"type":"Feature","id":39361,"geometry":{"type":"Point","coordinates":[151.184144508497,-33.8971802221853]},"properties":{"asset_id":"TS35621","TreeType":"Street Tree","SpeciesName":"Melaleuca quinquenervia","CommonName":"Broad Leaf Paperbark","TreeHeight":7,"TreeCanopyNS":3,"Tree_Status":"Tree","Tree_Age":"Semi-Mature","DBH_in_cm":23,"Locality":"Erskineville Neighbourhood North","ParkName":"Not applicable","OBJECTID":39361}},{"type":"Feature","id":15766,"geometry":{"type":"Point","coordinates":[151.1838020105,-33.895606153634]},"properties":{"asset_id":"TS14986","TreeType":"Street Tree","SpeciesName":"Jacaranda mimosifolia","CommonName":"Jacaranda","TreeHeight":11,"TreeCanopyNS":8,"Tree_Status":"Tree","Tree_Age":"Mature","DBH_in_cm":32,"Locality":"North Newtown","ParkName":"Not applicable","OBJECTID":15766}},{"type":"Feature","id":10940,"geometry":{"type":"Point","coordinates":[151.181227685328,-33.897260719069]},"properties":{"asset_id":"TS10445","TreeType":"Street Tree","SpeciesName":"Melaleuca quinquenervia","CommonName":"Broad Leaf Paperbark","TreeHeight":10,"TreeCanopyNS":8,"Tree_Status":"Tree","Tree_Age":"Mature","DBH_in_cm":50,"Locality":"North Newtown","ParkName":"Not applicable","OBJECTID":10940}},{"type":"Feature","id":28215,"geometry":{"type":"Point","coordinates":[151.1822645208,-33.8978603503076]},"properties":{"asset_id":"TP03908","TreeType":"Park Tree","SpeciesName":"Corymbia maculata","CommonName":"Spotted Gum","TreeHeight":5,"TreeCanopyNS":2,"Tree_Status":"Tree","Tree_Age":"Semi-Mature","DBH_in_cm":8,"Locality":"Erskineville Neighbourhood North","ParkName":"Green Ban Park","OBJECTID":28215}},{"type":"Feature","id":28653,"geometry":{"type":"Point","coordinates":[151.179169436258,-33.8985525177652]},"properties":{"asset_id":"TS33418","TreeType":"Street Tree","SpeciesName":"Elaeocarpus reticulatus","CommonName":"Blueberry Ash","TreeHeight":8,"TreeCanopyNS":5,"Tree_Status":"Tree","Tree_Age":"Mature","DBH_in_cm":21,"Locality":"Erskineville Neighbourhood South","ParkName":"Not applicable","OBJECTID":28653}},{"type":"Feature","id":45965,"geometry":{"type":"Point","coordinates":[151.179627187023,-33.8912616414963]},"properties":{"asset_id":"TS03932","TreeType":"Street Tree","SpeciesName":"Lagerstroemia indica","CommonName":"Crepe Myrtle","TreeHeight":2,"TreeCanopyNS":1,"Tree_Status":"Tree","Tree_Age":"Young","DBH_in_cm":5,"Locality":"North Newtown","ParkName":"Not applicable","OBJECTID":45965}},{"type":"Feature","id":32637,"geometry":{"type":"Point","coordinates":[151.182288339637,-33.893171592594]},"properties":{"asset_id":"TP08230","TreeType":"Park Tree","SpeciesName":"Jacaranda mimosifolia","CommonName":"Jacaranda","TreeHeight":6,"TreeCanopyNS":4,"Tree_Status":"Tree","Tree_Age":"Semi-Mature","DBH_in_cm":14,"Locality":"North Newtown","ParkName":"O'Connell Street Park","OBJECTID":32637}},{"type":"Feature","id":46546,"geometry":{"type":"Point","coordinates":[151.183446468569,-33.8984712210409]},"properties":{"asset_id":"TS41753","TreeType":"Street Tree","SpeciesName":"Backhousia citriodora","CommonName":"Lemon Scented Myrtle","TreeHeight":3,"TreeCanopyNS":1,"Tree_Status":"Tree","Tree_Age":"Semi-Mature","DBH_in_cm":4,"Locality":"Erskineville Neighbourhood North","ParkName":"Not applicable","OBJECTID":46546}},{"type":"Feature","id":10001,"geometry":{"type":"Point","coordinates":[151.182061327103,-33.8937902586134]},"properties":{"asset_id":"TS04364","TreeType":"Street Tree","SpeciesName":"Robinia pseudoacacia 'Frisia'","CommonName":"Golden Robinia","TreeHeight":11,"TreeCanopyNS":5,"Tree_Status":"Tree","Tree_Age":"Mature","DBH_in_cm":33,"Locality":"North Newtown","ParkName":"Not applicable","OBJECTID":10001}},{"type":"Feature","id":29981,"geometry":{"type":"Point","coordinates":[151.182260432441,-33.898445244868]},"properties":{"asset_id":"TP03915","TreeType":"Park Tree","SpeciesName":"Eucalyptus microcorys","CommonName":"Tallow Wood","TreeHeight":16,"TreeCanopyNS":14,"Tree_Status":"Tree","Tree_Age":"Mature","DBH_in_cm":67,"Locality":"Erskineville Road Village Centre","ParkName":"Green Bans Park","OBJECTID":29981}},{"type":"Feature","id":15918,"geometry":{"type":"Point","coordinates":[151.189623146543,-33.8938827954907]},"properties":{"asset_id":"TS17390","TreeType":"Street Tree","SpeciesName":"Koelreuteria paniculata","CommonName":"Golden Rain Tree","TreeHeight":4,"TreeCanopyNS":2,"Tree_Status":"Tree","Tree_Age":"Semi-Mature","DBH_in_cm":8,"Locality":"Darlington and West Redfern","ParkName":"Not applicable","OBJECTID":15918}},{"type":"Feature","id":15325,"geometry":{"type":"Point","coordinates":[151.18909651125,-33.8983439651033]},"properties":{"asset_id":"TS12141","TreeType":"Street Tree","SpeciesName":"Lophostemon confertus","CommonName":"Brush Box","TreeHeight":15,"TreeCanopyNS":16,"Tree_Status":"Tree","Tree_Age":"Mature","DBH_in_cm":82,"Locality":"Erskineville Oval","ParkName":"Not applicable","OBJECTID":15325}},{"type":"Feature","id":18720,"geometry":{"type":"Point","coordinates":[151.182080952384,-33.8927586031009]},"properties":{"asset_id":"TS03437","TreeType":"Street Tree","SpeciesName":"Pistacia chinensis","CommonName":"Chinese Pistacia","TreeHeight":8,"TreeCanopyNS":8,"Tree_Status":"Tree","Tree_Age":"Mature","DBH_in_cm":30,"Locality":"North Newtown","ParkName":"Not applicable","OBJECTID":18720}},{"type":"Feature","id":14724,"geometry":{"type":"Point","coordinates":[151.183700926422,-33.8956357727909]},"properties":{"asset_id":"TS15017","TreeType":"Street Tree","SpeciesName":"Melaleuca quinquenervia","CommonName":"Broad Leaf Paperbark","TreeHeight":13,"TreeCanopyNS":8,"Tree_Status":"Tree","Tree_Age":"Mature","DBH_in_cm":81,"Locality":"North Newtown","ParkName":"Not applicable","OBJECTID":14724}},{"type":"Feature","id":21671,"geometry":{"type":"Point","coordinates":[151.182613456174,-33.8956803271345]},"properties":{"asset_id":"TS31420","TreeType":"Street Tree","SpeciesName":"Jacaranda mimosifolia","CommonName":"Jacaranda","TreeHeight":7,"TreeCanopyNS":5,"Tree_Status":"Tree","Tree_Age":"Semi-Mature","DBH_in_cm":19,"Locality":"North Newtown","ParkName":"Not applicable","OBJECTID":21671}},{"type":"Feature","id":47688,"geometry":{"type":"Point","coordinates":[151.18980988502,-33.8938216071229]},"properties":{"asset_id":"TS31590","TreeType":"Street Tree","SpeciesName":"Koelreuteria paniculata","CommonName":"Golden Rain Tree","TreeHeight":3,"TreeCanopyNS":1,"Tree_Status":"Tree","Tree_Age":"Young","DBH_in_cm":4,"Locality":"Darlington and West Redfern","ParkName":"Not applicable","OBJECTID":47688}},{"type":"Feature","id":13642,"geometry":{"type":"Point","coordinates":[151.188107461988,-33.8937042363561]},"properties":{"asset_id":"TS08167","TreeType":"Street Tree","SpeciesName":"Melaleuca quinquenervia","CommonName":"Broad Leaf Paperbark","TreeHeight":7,"TreeCanopyNS":10,"Tree_Status":"Tree","Tree_Age":"Mature","DBH_in_cm":48,"Locality":"North Newtown","ParkName":"Not applicable","OBJECTID":13642}},{"type":"Feature","id":33917,"geometry":{"type":"Point","coordinates":[151.188956699875,-33.8980418116876]},"properties":{"asset_id":"TP04192","TreeType":"Park Tree","SpeciesName":"Casuarina glauca","CommonName":"Swamp Oak","TreeHeight":14,"TreeCanopyNS":11,"Tree_Status":"Tree","Tree_Age":"Mature","DBH_in_cm":51,"Locality":null,"ParkName":"South Sydney Rotary Park #1","OBJECTID":33917}},{"type":"Feature","id":12122,"geometry":{"type":"Point","coordinates":[151.181344690665,-33.8914296680384]},"properties":{"asset_id":"TS23454","TreeType":"Street Tree","SpeciesName":"Platanus acerifolia","CommonName":"London Plane","TreeHeight":18,"TreeCanopyNS":15,"Tree_Status":"Tree","Tree_Age":"Mature","DBH_in_cm":54,"Locality":"Camperdown","ParkName":"Not applicable","OBJECTID":12122}},{"type":"Feature","id":30027,"geometry":{"type":"Point","coordinates":[151.181876051753,-33.8916783662056]},"properties":{"asset_id":"TP02577","TreeType":"Street Tree","SpeciesName":"Cupaniopsis anacardioides","CommonName":"Tuckeroo","TreeHeight":7,"TreeCanopyNS":4,"Tree_Status":"Tree","Tree_Age":"Mature","DBH_in_cm":18,"Locality":"North Newtown","ParkName":"Not applicable","OBJECTID":30027}},{"type":"Feature","id":27027,"geometry":{"type":"Point","coordinates":[151.184866789518,-33.8951372585606]},"properties":{"asset_id":"TP01990","TreeType":"Park Tree","SpeciesName":"Jacaranda mimosifolia","CommonName":"Jacaranda","TreeHeight":13,"TreeCanopyNS":15,"Tree_Status":"Tree","Tree_Age":"Mature","DBH_in_cm":57,"Locality":"North Newtown","ParkName":"Jack Haynes Rest Area","OBJECTID":27027}},{"type":"Feature","id":45667,"geometry":{"type":"Point","coordinates":[151.181009489489,-33.8962923706508]},"properties":{"asset_id":"TS46473","TreeType":"Street Tree","SpeciesName":"Koelreuteria paniculata","CommonName":"Golden Rain Tree","TreeHeight":4,"TreeCanopyNS":4,"Tree_Status":"Tree","Tree_Age":"Semi-Mature","DBH_in_cm":10,"Locality":"North Newtown","ParkName":"Not applicable","OBJECTID":45667}},{"type":"Feature","id":15958,"geometry":{"type":"Point","coordinates":[151.182434660175,-33.8969718577953]},"properties":{"asset_id":"TS29296","TreeType":"Street Tree","SpeciesName":"Elaeocarpus reticulatus","CommonName":"Blueberry Ash","TreeHeight":8,"TreeCanopyNS":5,"Tree_Status":"Tree","Tree_Age":"Mature","DBH_in_cm":23,"Locality":"North Newtown","ParkName":"Not applicable","OBJECTID":15958}},{"type":"Feature","id":21963,"geometry":{"type":"Point","coordinates":[151.189792392029,-33.8913542898083]},"properties":{"asset_id":"TS01574","TreeType":"Street Tree","SpeciesName":"Liriodendron tulipifera","CommonName":"Tulip Tree","TreeHeight":5,"TreeCanopyNS":2,"Tree_Status":"Tree","Tree_Age":"Semi-Mature","DBH_in_cm":7,"Locality":"University of Sydney and Royal Prince Alfred Hospital","ParkName":"Not applicable","OBJECTID":21963}},{"type":"Feature","id":13356,"geometry":{"type":"Point","coordinates":[151.184792849328,-33.8988146152794]},"properties":{"asset_id":"TS06589","TreeType":"Street Tree","SpeciesName":"Liquidambar styraciflua","CommonName":"Liquidamber or Sweet Gum","TreeHeight":16,"TreeCanopyNS":13,"Tree_Status":"Tree","Tree_Age":"Mature","DBH_in_cm":61,"Locality":"Erskineville Neighbourhood North","ParkName":"Not applicable","OBJECTID":13356}},{"type":"Feature","id":13350,"geometry":{"type":"Point","coordinates":[151.184786250686,-33.8986616740241]},"properties":{"asset_id":"TS06587","TreeType":"Street Tree","SpeciesName":"Liquidambar styraciflua","CommonName":"Liquidamber or Sweet Gum","TreeHeight":17,"TreeCanopyNS":17,"Tree_Status":"Tree","Tree_Age":"Mature","DBH_in_cm":78,"Locality":"Erskineville Neighbourhood North","ParkName":"Not applicable","OBJECTID":13350}},{"type":"Feature","id":15471,"geometry":{"type":"Point","coordinates":[151.187066042,-33.8928004312347]},"properties":{"asset_id":"TS13145","TreeType":"Street Tree","SpeciesName":"Tristaniopsis laurina","CommonName":"Water Gum","TreeHeight":8,"TreeCanopyNS":7,"Tree_Status":"Tree","Tree_Age":"Mature","DBH_in_cm":25,"Locality":"North Newtown","ParkName":"Not applicable","OBJECTID":15471}},{"type":"Feature","id":41777,"geometry":{"type":"Point","coordinates":[151.18527616356,-33.8913868422451]},"properties":{"asset_id":"TS34633","TreeType":"Street Tree","SpeciesName":"Jacaranda mimosifolia","CommonName":"Jacaranda","TreeHeight":3,"TreeCanopyNS":1,"Tree_Status":"Tree","Tree_Age":"Semi-Mature","DBH_in_cm":7,"Locality":"University of Sydney and Royal Prince Alfred Hospital","ParkName":"Not applicable","OBJECTID":41777}},{"type":"Feature","id":14678,"geometry":{"type":"Point","coordinates":[151.182744179929,-33.8917564635912]},"properties":{"asset_id":"TS22194","TreeType":"Street Tree","SpeciesName":"Flindersia australis","CommonName":"Crows Ash","TreeHeight":11,"TreeCanopyNS":4,"Tree_Status":"Tree","Tree_Age":"Mature","DBH_in_cm":27,"Locality":"North Newtown","ParkName":"Not applicable","OBJECTID":14678}},{"type":"Feature","id":14684,"geometry":{"type":"Point","coordinates":[151.182809436889,-33.8918965641166]},"properties":{"asset_id":"TS22196","TreeType":"Street Tree","SpeciesName":"Flindersia australis","CommonName":"Crows Ash","TreeHeight":6,"TreeCanopyNS":4,"Tree_Status":"Tree","Tree_Age":"Semi-Mature","DBH_in_cm":15,"Locality":"North Newtown","ParkName":"Not applicable","OBJECTID":14684}},{"type":"Feature","id":10848,"geometry":{"type":"Point","coordinates":[151.184176079915,-33.8978842209589]},"properties":{"asset_id":"TS09798","TreeType":"Street Tree","SpeciesName":"Tristaniopsis laurina","CommonName":"Water Gum","TreeHeight":6,"TreeCanopyNS":5,"Tree_Status":"Tree","Tree_Age":"Mature","DBH_in_cm":24,"Locality":"Erskineville Neighbourhood North","ParkName":"Not applicable","OBJECTID":10848}},{"type":"Feature","id":13651,"geometry":{"type":"Point","coordinates":[151.188207626959,-33.8939990445174]},"properties":{"asset_id":"TS08170","TreeType":"Street Tree","SpeciesName":"Melaleuca quinquenervia","CommonName":"Broad Leaf Paperbark","TreeHeight":13,"TreeCanopyNS":9,"Tree_Status":"Tree","Tree_Age":"Mature","DBH_in_cm":85,"Locality":"North Newtown","ParkName":"Not applicable","OBJECTID":13651}},{"type":"Feature","id":33957,"geometry":{"type":"Point","coordinates":[151.188873924589,-33.8978908161843]},"properties":{"asset_id":"TP04163","TreeType":"Park Tree","SpeciesName":"Ulmus parvifolia","CommonName":"Chinese Elm","TreeHeight":7,"TreeCanopyNS":5,"Tree_Status":"Tree","Tree_Age":"Semi-Mature","DBH_in_cm":17,"Locality":null,"ParkName":"South Sydney Rotary Park #1","OBJECTID":33957}},{"type":"Feature","id":47041,"geometry":{"type":"Point","coordinates":[151.185757366658,-33.8989812209093]},"properties":{"asset_id":"TS40717","TreeType":"Street Tree","SpeciesName":"Castanospermum australe","CommonName":"Blackbean","TreeHeight":6,"TreeCanopyNS":5,"Tree_Status":"Tree","Tree_Age":"Semi-Mature","DBH_in_cm":33,"Locality":"Erskineville Neighbourhood North","ParkName":"Not applicable","OBJECTID":47041}},{"type":"Feature","id":5092,"geometry":{"type":"Point","coordinates":[151.17817758741,-33.8904296394727]},"properties":{"asset_id":"TS25093","TreeType":"Street Tree","SpeciesName":"Lophostemon confertus","CommonName":"Brush Box","TreeHeight":14,"TreeCanopyNS":14,"Tree_Status":"Tree","Tree_Age":"Mature","DBH_in_cm":56,"Locality":"Camperdown","ParkName":"Not applicable","OBJECTID":5092}},{"type":"Feature","id":7748,"geometry":{"type":"Point","coordinates":[151.182677423082,-33.8910958594226]},"properties":{"asset_id":"TS22169","TreeType":"Street Tree","SpeciesName":"Flindersia australis","CommonName":"Crows Ash","TreeHeight":10,"TreeCanopyNS":7,"Tree_Status":"Tree","Tree_Age":"Semi-Mature","DBH_in_cm":29,"Locality":"University of Sydney and Royal Prince Alfred Hospital","ParkName":"Not applicable","OBJECTID":7748}},{"type":"Feature","id":27814,"geometry":{"type":"Point","coordinates":[151.186348843296,-33.8948469112055]},"properties":{"asset_id":"TP02203","TreeType":"Park Tree","SpeciesName":"Ficus macrophylla","CommonName":"Moreton Bay Fig","TreeHeight":12,"TreeCanopyNS":14,"Tree_Status":"Tree","Tree_Age":"Mature","DBH_in_cm":67,"Locality":"North Newtown","ParkName":"Hollis Park","OBJECTID":27814}},{"type":"Feature","id":23237,"geometry":{"type":"Point","coordinates":[151.18711274663,-33.8940371277291]},"properties":{"asset_id":"TS05181","TreeType":"Street Tree","SpeciesName":"Jacaranda mimosifolia","CommonName":"Jacaranda","TreeHeight":8,"TreeCanopyNS":4,"Tree_Status":"Tree","Tree_Age":"Semi-Mature","DBH_in_cm":18,"Locality":"North Newtown","ParkName":"Not applicable","OBJECTID":23237}},{"type":"Feature","id":15073,"geometry":{"type":"Point","coordinates":[151.181402135127,-33.8972899865272]},"properties":{"asset_id":"TS10452","TreeType":"Street Tree","SpeciesName":"Melaleuca quinquenervia","CommonName":"Broad Leaf Paperbark","TreeHeight":14,"TreeCanopyNS":9,"Tree_Status":"Tree","Tree_Age":"Mature","DBH_in_cm":53,"Locality":"North Newtown","ParkName":"Not applicable","OBJECTID":15073}},{"type":"Feature","id":12909,"geometry":{"type":"Point","coordinates":[151.187565090648,-33.8936882307571]},"properties":{"asset_id":"TS13184","TreeType":"Street Tree","SpeciesName":"Tristaniopsis laurina","CommonName":"Water Gum","TreeHeight":8,"TreeCanopyNS":6,"Tree_Status":"Tree","Tree_Age":"Mature","DBH_in_cm":36,"Locality":"North Newtown","ParkName":"Not applicable","OBJECTID":12909}},{"type":"Feature","id":27319,"geometry":{"type":"Point","coordinates":[151.187482117403,-33.895611223197]},"properties":{"asset_id":"TS31773","TreeType":"Street Tree","SpeciesName":"Robinia pseudoacacia 'Frisia'","CommonName":"Golden Robinia","TreeHeight":4,"TreeCanopyNS":3,"Tree_Status":"Tree","Tree_Age":"Semi-Mature","DBH_in_cm":8,"Locality":"North Newtown","ParkName":"Not applicable","OBJECTID":27319}},{"type":"Feature","id":48567,"geometry":{"type":"Point","coordinates":[151.189884925345,-33.8913298600797]},"properties":{"asset_id":"TS01579","TreeType":"Street Tree","SpeciesName":"Liriodendron tulipifera","CommonName":"Tulip Tree","TreeHeight":6,"TreeCanopyNS":4,"Tree_Status":"Tree","Tree_Age":"Semi-Mature","DBH_in_cm":12,"Locality":"University of Sydney and Royal Prince Alfred Hospital","ParkName":"Not applicable","OBJECTID":48567}},{"type":"Feature","id":6812,"geometry":{"type":"Point","coordinates":[151.184529556635,-33.8923247357608]},"properties":{"asset_id":"TS00889","TreeType":"Street Tree","SpeciesName":"Liquidambar styraciflua","CommonName":"Liquidamber or Sweet Gum","TreeHeight":12,"TreeCanopyNS":10,"Tree_Status":"Tree","Tree_Age":"Mature","DBH_in_cm":51,"Locality":"University of Sydney and Royal Prince Alfred Hospital","ParkName":"Not applicable","OBJECTID":6812}},{"type":"Feature","id":11976,"geometry":{"type":"Point","coordinates":[151.185176932584,-33.8935135658641]},"properties":{"asset_id":"TS08597","TreeType":"Street Tree","SpeciesName":"Ficus rubiginosa","CommonName":"Port Jackson or Rusty Fig","TreeHeight":14,"TreeCanopyNS":19,"Tree_Status":"Tree","Tree_Age":"Mature","DBH_in_cm":113,"Locality":"North Newtown","ParkName":"Not applicable","OBJECTID":11976}},{"type":"Feature","id":18714,"geometry":{"type":"Point","coordinates":[151.181912099613,-33.892399835314]},"properties":{"asset_id":"TS03434","TreeType":"Street Tree","SpeciesName":"Tristaniopsis laurina","CommonName":"Water Gum","TreeHeight":7,"TreeCanopyNS":9,"Tree_Status":"Tree","Tree_Age":"Mature","DBH_in_cm":33,"Locality":"North Newtown","ParkName":"Not applicable","OBJECTID":18714}},{"type":"Feature","id":46944,"geometry":{"type":"Point","coordinates":[151.183338462936,-33.8970172945595]},"properties":{"asset_id":"TS40448","TreeType":"Street Tree","SpeciesName":"Fraxinus griffithii","CommonName":"Evergreen Ash","TreeHeight":5,"TreeCanopyNS":3,"Tree_Status":"Tree","Tree_Age":"Semi-Mature","DBH_in_cm":8,"Locality":"North Newtown","ParkName":"Not applicable","OBJECTID":46944}},{"type":"Feature","id":14730,"geometry":{"type":"Point","coordinates":[151.183650987209,-33.8955176304479]},"properties":{"asset_id":"TS15019","TreeType":"Street Tree","SpeciesName":"Jacaranda mimosifolia","CommonName":"Jacaranda","TreeHeight":10,"TreeCanopyNS":6,"Tree_Status":"Tree","Tree_Age":"Mature","DBH_in_cm":28,"Locality":"North Newtown","ParkName":"Not applicable","OBJECTID":14730}},{"type":"Feature","id":8238,"geometry":{"type":"Point","coordinates":[151.180369266853,-33.8937761825115]},"properties":{"asset_id":"TS01058","TreeType":"Street Tree","SpeciesName":"Elaeocarpus reticulatus","CommonName":"Blueberry Ash","TreeHeight":8,"TreeCanopyNS":3,"Tree_Status":"Tree","Tree_Age":"Mature","DBH_in_cm":17,"Locality":"North Newtown","ParkName":"Not applicable","OBJECTID":8238}},{"type":"Feature","id":33911,"geometry":{"type":"Point","coordinates":[151.189686691385,-33.8978799520491]},"properties":{"asset_id":"TP04199","TreeType":"Park Tree","SpeciesName":"Gleditsia trican Shademaster","CommonName":"Honey Locust","TreeHeight":6,"TreeCanopyNS":9,"Tree_Status":"Tree","Tree_Age":"Semi-Mature","DBH_in_cm":19,"Locality":null,"ParkName":"South Sydney Rotary Park #1","OBJECTID":33911}},{"type":"Feature","id":13648,"geometry":{"type":"Point","coordinates":[151.188170415058,-33.8938975027007]},"properties":{"asset_id":"TS08169","TreeType":"Street Tree","SpeciesName":"Melaleuca quinquenervia","CommonName":"Broad Leaf Paperbark","TreeHeight":10,"TreeCanopyNS":10,"Tree_Status":"Tree","Tree_Age":"Mature","DBH_in_cm":97,"Locality":"North Newtown","ParkName":"Not applicable","OBJECTID":13648}},{"type":"Feature","id":12131,"geometry":{"type":"Point","coordinates":[151.180239470672,-33.8911059423863]},"properties":{"asset_id":"TS23459","TreeType":"Street Tree","SpeciesName":"Platanus acerifolia","CommonName":"London Plane","TreeHeight":12,"TreeCanopyNS":12,"Tree_Status":"Tree","Tree_Age":"Mature","DBH_in_cm":36,"Locality":"Camperdown","ParkName":"Not applicable","OBJECTID":12131}},{"type":"Feature","id":45095,"geometry":{"type":"Point","coordinates":[151.179312799114,-33.8912644789528]},"properties":{"asset_id":"TS44466","TreeType":"Street Tree","SpeciesName":"Tristaniopsis 'Luscious'","CommonName":"Water Gum","TreeHeight":3,"TreeCanopyNS":2,"Tree_Status":"Tree","Tree_Age":"Young","DBH_in_cm":7,"Locality":"North Newtown","ParkName":"Not applicable","OBJECTID":45095}},{"type":"Feature","id":15783,"geometry":{"type":"Point","coordinates":[151.183316722464,-33.8944839111898]},"properties":{"asset_id":"TS15003","TreeType":"Street Tree","SpeciesName":"Callistemon viminalis","CommonName":"Weeping Bottlebrush","TreeHeight":8,"TreeCanopyNS":3,"Tree_Status":"Tree","Tree_Age":"Mature","DBH_in_cm":13,"Locality":"North Newtown","ParkName":"Not applicable","OBJECTID":15783}},{"type":"Feature","id":12700,"geometry":{"type":"Point","coordinates":[151.185938421131,-33.8959677651553]},"properties":{"asset_id":"TS12332","TreeType":"Street Tree","SpeciesName":"Melaleuca quinquenervia","CommonName":"Broad Leaf Paperbark","TreeHeight":14,"TreeCanopyNS":11,"Tree_Status":"Tree","Tree_Age":"Mature","DBH_in_cm":94,"Locality":"North Newtown","ParkName":"Not applicable","OBJECTID":12700}},{"type":"Feature","id":21783,"geometry":{"type":"Point","coordinates":[151.181097516712,-33.8985221258814]},"properties":{"asset_id":"TS04592","TreeType":"Street Tree","SpeciesName":"Tristaniopsis laurina","CommonName":"Water Gum","TreeHeight":6,"TreeCanopyNS":4,"Tree_Status":"Tree","Tree_Age":"Semi-Mature","DBH_in_cm":18,"Locality":"Erskineville Neighbourhood South","ParkName":"Not applicable","OBJECTID":21783}},{"type":"Feature","id":10542,"geometry":{"type":"Point","coordinates":[151.187793360413,-33.8928344898203]},"properties":{"asset_id":"TS08135","TreeType":"Street Tree","SpeciesName":"Fraxinus oxycarpa Raywoodii","CommonName":"Claret Ash","TreeHeight":10,"TreeCanopyNS":10,"Tree_Status":"Tree","Tree_Age":"Mature","DBH_in_cm":37,"Locality":"North Newtown","ParkName":"Not applicable","OBJECTID":10542}},{"type":"Feature","id":13625,"geometry":{"type":"Point","coordinates":[151.187874239168,-33.8930441611391]},"properties":{"asset_id":"TS08160","TreeType":"Street Tree","SpeciesName":"Lagerstroemia indica","CommonName":"Crepe Myrtle","TreeHeight":7,"TreeCanopyNS":7,"Tree_Status":"Tree","Tree_Age":"Semi-Mature","DBH_in_cm":17,"Locality":"North Newtown","ParkName":"Not applicable","OBJECTID":13625}},{"type":"Feature","id":15926,"geometry":{"type":"Point","coordinates":[151.18016891582,-33.8919534321687]},"properties":{"asset_id":"TS24223","TreeType":"Street Tree","SpeciesName":"Tristaniopsis laurina","CommonName":"Water Gum","TreeHeight":5,"TreeCanopyNS":5,"Tree_Status":"Tree","Tree_Age":"Mature","DBH_in_cm":23,"Locality":"North Newtown","ParkName":"Not applicable","OBJECTID":15926}},{"type":"Feature","id":30035,"geometry":{"type":"Point","coordinates":[151.181745184545,-33.89171042975]},"properties":{"asset_id":"TP02573","TreeType":"Street Tree","SpeciesName":"Harpulia pendula","CommonName":"Tulipwood","TreeHeight":9,"TreeCanopyNS":11,"Tree_Status":"Tree","Tree_Age":"Mature","DBH_in_cm":49,"Locality":"North Newtown","ParkName":"Not applicable","OBJECTID":30035}},{"type":"Feature","id":12108,"geometry":{"type":"Point","coordinates":[151.182001282709,-33.8914737174388]},"properties":{"asset_id":"TS23445","TreeType":"Street Tree","SpeciesName":"Platanus acerifolia","CommonName":"London Plane","TreeHeight":15,"TreeCanopyNS":9,"Tree_Status":"Tree","Tree_Age":"Mature","DBH_in_cm":35,"Locality":"Camperdown","ParkName":"Not applicable","OBJECTID":12108}},{"type":"Feature","id":11561,"geometry":{"type":"Point","coordinates":[151.183768482246,-33.8978449366413]},"properties":{"asset_id":"TS04484","TreeType":"Street Tree","SpeciesName":"Tristaniopsis laurina","CommonName":"Water Gum","TreeHeight":8,"TreeCanopyNS":6,"Tree_Status":"Tree","Tree_Age":"Mature","DBH_in_cm":41,"Locality":"Erskineville Neighbourhood North","ParkName":"Not applicable","OBJECTID":11561}},{"type":"Feature","id":45238,"geometry":{"type":"Point","coordinates":[151.183472812385,-33.8958374629362]},"properties":{"asset_id":"TS15237","TreeType":"Street Tree","SpeciesName":"Pyrus calleryana 'Chanticleer'","CommonName":"Callery Pear","TreeHeight":3,"TreeCanopyNS":1,"Tree_Status":"Tree","Tree_Age":"Young","DBH_in_cm":5,"Locality":"North Newtown","ParkName":"Not applicable","OBJECTID":45238}},{"type":"Feature","id":12059,"geometry":{"type":"Point","coordinates":[151.182173604093,-33.8971051586235]},"properties":{"asset_id":"TS09421","TreeType":"Street Tree","SpeciesName":"Magnolia grandiflora","CommonName":"Southern Magnolia","TreeHeight":7,"TreeCanopyNS":4,"Tree_Status":"Tree","Tree_Age":"Semi-Mature","DBH_in_cm":19,"Locality":"North Newtown","ParkName":"Not applicable","OBJECTID":12059}},{"type":"Feature","id":13078,"geometry":{"type":"Point","coordinates":[151.183554552171,-33.8985757031201]},"properties":{"asset_id":"TS14052","TreeType":"Street Tree","SpeciesName":"Auranticarpa rhombifolia","CommonName":"Diamond Pittosporum","TreeHeight":6,"TreeCanopyNS":4,"Tree_Status":"Tree","Tree_Age":"Semi-Mature","DBH_in_cm":17,"Locality":"Erskineville Neighbourhood North","ParkName":"Not applicable","OBJECTID":13078}},{"type":"Feature","id":9832,"geometry":{"type":"Point","coordinates":[151.178420808194,-33.889654679265]},"properties":{"asset_id":"TS24444","TreeType":"Street Tree","SpeciesName":"Waterhousea floribunda","CommonName":"Weeping Lilly Pilly","TreeHeight":11,"TreeCanopyNS":11,"Tree_Status":"Tree","Tree_Age":"Mature","DBH_in_cm":46,"Locality":"Camperdown","ParkName":"Not applicable","OBJECTID":9832}},{"type":"Feature","id":38382,"geometry":{"type":"Point","coordinates":[151.183283402112,-33.8970233355442]},"properties":{"asset_id":"TS35113","TreeType":"Street Tree","SpeciesName":"Fraxinus griffithii","CommonName":"Evergreen Ash","TreeHeight":5,"TreeCanopyNS":2,"Tree_Status":"Tree","Tree_Age":"Semi-Mature","DBH_in_cm":9,"Locality":"North Newtown","ParkName":"Not applicable","OBJECTID":38382}},{"type":"Feature","id":12915,"geometry":{"type":"Point","coordinates":[151.187630221564,-33.8938653883363]},"properties":{"asset_id":"TS13186","TreeType":"Street Tree","SpeciesName":"Tristaniopsis laurina","CommonName":"Water Gum","TreeHeight":10,"TreeCanopyNS":11,"Tree_Status":"Tree","Tree_Age":"Mature","DBH_in_cm":48,"Locality":"North Newtown","ParkName":"Not applicable","OBJECTID":12915}},{"type":"Feature","id":23798,"geometry":{"type":"Point","coordinates":[151.178401852789,-33.8890765674549]},"properties":{"asset_id":"TS23674","TreeType":"Street Tree","SpeciesName":"Corymbia maculata","CommonName":"Spotted Gum","TreeHeight":13,"TreeCanopyNS":5,"Tree_Status":"Tree","Tree_Age":"Semi-Mature","DBH_in_cm":23,"Locality":"Camperdown","ParkName":"Not applicable","OBJECTID":23798}},{"type":"Feature","id":16851,"geometry":{"type":"Point","coordinates":[151.185016245485,-33.8930494194089]},"properties":{"asset_id":"TS08595","TreeType":"Street Tree","SpeciesName":"Platanus acerifolia","CommonName":"London Plane","TreeHeight":16,"TreeCanopyNS":9,"Tree_Status":"Tree","Tree_Age":"Mature","DBH_in_cm":40,"Locality":"North Newtown","ParkName":"Not applicable","OBJECTID":16851}},{"type":"Feature","id":10851,"geometry":{"type":"Point","coordinates":[151.184291279205,-33.8978979124788]},"properties":{"asset_id":"TS09801","TreeType":"Street Tree","SpeciesName":"Tristaniopsis laurina","CommonName":"Water Gum","TreeHeight":5,"TreeCanopyNS":6,"Tree_Status":"Tree","Tree_Age":"Mature","DBH_in_cm":26,"Locality":"Erskineville Neighbourhood North","ParkName":"Not applicable","OBJECTID":10851}},{"type":"Feature","id":39401,"geometry":{"type":"Point","coordinates":[151.184801415926,-33.8969462572655]},"properties":{"asset_id":"TS35143","TreeType":"Street Tree","SpeciesName":"Callistemon viminalis","CommonName":"Weeping Bottlebrush","TreeHeight":5,"TreeCanopyNS":2,"Tree_Status":"Tree","Tree_Age":"Semi-Mature","DBH_in_cm":16,"Locality":"Erskineville Neighbourhood North","ParkName":"Not applicable","OBJECTID":39401}},{"type":"Feature","id":16187,"geometry":{"type":"Point","coordinates":[151.185178560358,-33.8963812877043]},"properties":{"asset_id":"TS06191","TreeType":"Street Tree","SpeciesName":"Tristaniopsis laurina","CommonName":"Water Gum","TreeHeight":9,"TreeCanopyNS":8,"Tree_Status":"Tree","Tree_Age":"Mature","DBH_in_cm":35,"Locality":"North Newtown","ParkName":"Not applicable","OBJECTID":16187}},{"type":"Feature","id":46397,"geometry":{"type":"Point","coordinates":[151.186722638293,-33.8959561390621]},"properties":{"asset_id":"TS10371","TreeType":"Street Tree","SpeciesName":"Acer palmatum","CommonName":"Japanese Maple","TreeHeight":3,"TreeCanopyNS":2,"Tree_Status":"Tree","Tree_Age":"Semi-Mature","DBH_in_cm":4,"Locality":"North Newtown","ParkName":"Not applicable","OBJECTID":46397}},{"type":"Feature","id":12892,"geometry":{"type":"Point","coordinates":[151.185575267239,-33.8985012500434]},"properties":{"asset_id":"TS06152","TreeType":"Street Tree","SpeciesName":"Melaleuca quinquenervia","CommonName":"Broad Leaf Paperbark","TreeHeight":14,"TreeCanopyNS":12,"Tree_Status":"Tree","Tree_Age":"Mature","DBH_in_cm":82,"Locality":"Erskineville Neighbourhood North","ParkName":"Not applicable","OBJECTID":12892}},{"type":"Feature","id":25458,"geometry":{"type":"Point","coordinates":[151.182051499877,-33.8956593190054]},"properties":{"asset_id":"TP00011","TreeType":"Park Tree","SpeciesName":"Michelia champaca","CommonName":"Champak","TreeHeight":10,"TreeCanopyNS":3,"Tree_Status":"Tree","Tree_Age":"Mature","DBH_in_cm":19,"Locality":"North Newtown","ParkName":"WJ Thurbon Reserve","OBJECTID":25458}},{"type":"Feature","id":28212,"geometry":{"type":"Point","coordinates":[151.182253465667,-33.8978513501435]},"properties":{"asset_id":"TP03909","TreeType":"Park Tree","SpeciesName":"Corymbia maculata","CommonName":"Spotted Gum","TreeHeight":6,"TreeCanopyNS":1,"Tree_Status":"Tree","Tree_Age":"Semi-Mature","DBH_in_cm":7,"Locality":"Erskineville Neighbourhood North","ParkName":"Green Ban Park","OBJECTID":28212}},{"type":"Feature","id":46520,"geometry":{"type":"Point","coordinates":[151.181066442168,-33.8985952484099]},"properties":{"asset_id":"TS41645","TreeType":"Street Tree","SpeciesName":"Tristaniopsis 'Luscious'","CommonName":"Water Gum","TreeHeight":4,"TreeCanopyNS":2,"Tree_Status":"Tree","Tree_Age":"Semi-Mature","DBH_in_cm":6,"Locality":"Erskineville Neighbourhood South","ParkName":"Not applicable","OBJECTID":46520}},{"type":"Feature","id":42106,"geometry":{"type":"Point","coordinates":[151.17939901609,-33.887167008394]},"properties":{"asset_id":"TS25112","TreeType":"Street Tree","SpeciesName":"Elaeocarpus reticulatus","CommonName":"Blueberry Ash","TreeHeight":3,"TreeCanopyNS":1,"Tree_Status":"Tree","Tree_Age":"Semi-Mature","DBH_in_cm":3,"Locality":"Camperdown","ParkName":"Not applicable","OBJECTID":42106}},{"type":"Feature","id":11796,"geometry":{"type":"Point","coordinates":[151.188167963832,-33.8986699015431]},"properties":{"asset_id":"TS06648","TreeType":"Street Tree","SpeciesName":"Tristaniopsis laurina","CommonName":"Water Gum","TreeHeight":6,"TreeCanopyNS":5,"Tree_Status":"Tree","Tree_Age":"Mature","DBH_in_cm":33,"Locality":"Erskineville Oval","ParkName":"Not applicable","OBJECTID":11796}},{"type":"Feature","id":16877,"geometry":{"type":"Point","coordinates":[151.189021030676,-33.8929385727874]},"properties":{"asset_id":"TS08719","TreeType":"Street Tree","SpeciesName":"Eucalyptus microcorys","CommonName":"Tallow Wood","TreeHeight":17,"TreeCanopyNS":10,"Tree_Status":"Tree","Tree_Age":"Mature","DBH_in_cm":89,"Locality":"Darlington and West Redfern","ParkName":"Not applicable","OBJECTID":16877}},{"type":"Feature","id":40420,"geometry":{"type":"Point","coordinates":[151.181893991226,-33.8890551230765]},"properties":{"asset_id":"TS42707","TreeType":"Street Tree","SpeciesName":"Flindersia australis","CommonName":"Crows Ash","TreeHeight":0,"TreeCanopyNS":0,"Tree_Status":"Tree","Tree_Age":"Young","DBH_in_cm":0,"Locality":"University of Sydney and Royal Prince Alfred Hospital","ParkName":"Not applicable","OBJECTID":40420}},{"type":"Feature","id":13290,"geometry":{"type":"Point","coordinates":[151.184051216271,-33.8965516000473]},"properties":{"asset_id":"TS15051","TreeType":"Street Tree","SpeciesName":"Waterhousea floribunda","CommonName":"Weeping Lilly Pilly","TreeHeight":12,"TreeCanopyNS":6,"Tree_Status":"Tree","Tree_Age":"Mature","DBH_in_cm":26,"Locality":"North Newtown","ParkName":"Not applicable","OBJECTID":13290}},{"type":"Feature","id":18039,"geometry":{"type":"Point","coordinates":[151.186035705611,-33.8958622522699]},"properties":{"asset_id":"TS12319","TreeType":"Street Tree","SpeciesName":"Melaleuca quinquenervia","CommonName":"Broad Leaf Paperbark","TreeHeight":11,"TreeCanopyNS":11,"Tree_Status":"Tree","Tree_Age":"Mature","DBH_in_cm":76,"Locality":"North Newtown","ParkName":"Not applicable","OBJECTID":18039}},{"type":"Feature","id":13533,"geometry":{"type":"Point","coordinates":[151.186109738244,-33.8963797663236]},"properties":{"asset_id":"TS29303","TreeType":"Street Tree","SpeciesName":"Melaleuca quinquenervia","CommonName":"Broad Leaf Paperbark","TreeHeight":12,"TreeCanopyNS":10,"Tree_Status":"Tree","Tree_Age":"Mature","DBH_in_cm":67,"Locality":"North Newtown","ParkName":"Not applicable","OBJECTID":13533}},{"type":"Feature","id":555,"geometry":{"type":"Point","coordinates":[151.189897511484,-33.8939322755652]},"properties":{"asset_id":"TS17396","TreeType":"Street Tree","SpeciesName":"Koelreuteria paniculata","CommonName":"Golden Rain Tree","TreeHeight":3,"TreeCanopyNS":2,"Tree_Status":"Tree","Tree_Age":"Young","DBH_in_cm":6,"Locality":"Darlington and West Redfern","ParkName":"Not applicable","OBJECTID":555}},{"type":"Feature","id":45999,"geometry":{"type":"Point","coordinates":[151.18960240111,-33.898163751605]},"properties":{"asset_id":"TS09409","TreeType":"Street Tree","SpeciesName":"Fraxinus pennsylvanica","CommonName":"Green Ash","TreeHeight":2,"TreeCanopyNS":1,"Tree_Status":"Tree","Tree_Age":"Young","DBH_in_cm":2,"Locality":"Erskineville Oval","ParkName":"Not applicable","OBJECTID":45999}},{"type":"Feature","id":27187,"geometry":{"type":"Point","coordinates":[151.189888109004,-33.8987413647881]},"properties":{"asset_id":"TP02005","TreeType":"Park Tree","SpeciesName":"Melaleuca bracteata","CommonName":"River Tea Tree","TreeHeight":11,"TreeCanopyNS":5,"Tree_Status":"Tree","Tree_Age":"Mature","DBH_in_cm":32,"Locality":"Erskineville Oval","ParkName":"Solander Park","OBJECTID":27187}},{"type":"Feature","id":15477,"geometry":{"type":"Point","coordinates":[151.187397621153,-33.8935643926013]},"properties":{"asset_id":"TS13151","TreeType":"Street Tree","SpeciesName":"Tristaniopsis laurina","CommonName":"Water Gum","TreeHeight":6,"TreeCanopyNS":6,"Tree_Status":"Tree","Tree_Age":"Mature","DBH_in_cm":26,"Locality":"North Newtown","ParkName":"Not applicable","OBJECTID":15477}},{"type":"Feature","id":9360,"geometry":{"type":"Point","coordinates":[151.179489467209,-33.8910513954788]},"properties":{"asset_id":"TS23426","TreeType":"Street Tree","SpeciesName":"Platanus acerifolia","CommonName":"London Plane","TreeHeight":19,"TreeCanopyNS":15,"Tree_Status":"Tree","Tree_Age":"Mature","DBH_in_cm":53,"Locality":"North Newtown","ParkName":"Not applicable","OBJECTID":9360}},{"type":"Feature","id":9354,"geometry":{"type":"Point","coordinates":[151.180005445873,-33.8911840013413]},"properties":{"asset_id":"TS23436","TreeType":"Street Tree","SpeciesName":"Platanus acerifolia","CommonName":"London Plane","TreeHeight":15,"TreeCanopyNS":10,"Tree_Status":"Tree","Tree_Age":"Mature","DBH_in_cm":35,"Locality":"North Newtown","ParkName":"Not applicable","OBJECTID":9354}},{"type":"Feature","id":28467,"geometry":{"type":"Point","coordinates":[151.181986464481,-33.8961862342871]},"properties":{"asset_id":"TS33607","TreeType":"Street Tree","SpeciesName":"Eucalyptus robusta","CommonName":"Swamp Mahogany","TreeHeight":17,"TreeCanopyNS":18,"Tree_Status":"Tree","Tree_Age":"Mature","DBH_in_cm":61,"Locality":"North Newtown","ParkName":"Not applicable","OBJECTID":28467}},{"type":"Feature","id":10024,"geometry":{"type":"Point","coordinates":[151.18267167242,-33.8980531081738]},"properties":{"asset_id":"TS04473","TreeType":"Street Tree","SpeciesName":"Tristaniopsis laurina","CommonName":"Water Gum","TreeHeight":8,"TreeCanopyNS":7,"Tree_Status":"Tree","Tree_Age":"Mature","DBH_in_cm":39,"Locality":"Erskineville Neighbourhood North","ParkName":"Not applicable","OBJECTID":10024}},{"type":"Feature","id":9852,"geometry":{"type":"Point","coordinates":[151.178112056556,-33.8896164780258]},"properties":{"asset_id":"TS24441","TreeType":"Street Tree","SpeciesName":"Photinia serrulata","CommonName":"Chinese Hawthorn","TreeHeight":6,"TreeCanopyNS":6,"Tree_Status":"Tree","Tree_Age":"Mature","DBH_in_cm":27,"Locality":"Camperdown","ParkName":"Not applicable","OBJECTID":9852}},{"type":"Feature","id":12159,"geometry":{"type":"Point","coordinates":[151.187128218202,-33.8912165457135]},"properties":{"asset_id":"TS23469","TreeType":"Street Tree","SpeciesName":"Jacaranda mimosifolia","CommonName":"Jacaranda","TreeHeight":9,"TreeCanopyNS":13,"Tree_Status":"Tree","Tree_Age":"Mature","DBH_in_cm":46,"Locality":"University of Sydney and Royal Prince Alfred Hospital","ParkName":"Not applicable","OBJECTID":12159}},{"type":"Feature","id":13339,"geometry":{"type":"Point","coordinates":[151.184737693302,-33.8983251523816]},"properties":{"asset_id":"TS06583","TreeType":"Street Tree","SpeciesName":"Liquidambar styraciflua","CommonName":"Liquidamber or Sweet Gum","TreeHeight":18,"TreeCanopyNS":13,"Tree_Status":"Tree","Tree_Age":"Mature","DBH_in_cm":77,"Locality":"Erskineville Neighbourhood North","ParkName":"Not applicable","OBJECTID":13339}},{"type":"Feature","id":16167,"geometry":{"type":"Point","coordinates":[151.182450564218,-33.8952696179738]},"properties":{"asset_id":"TS06072","TreeType":"Street Tree","SpeciesName":"Liquidambar styraciflua","CommonName":"Liquidamber or Sweet Gum","TreeHeight":13,"TreeCanopyNS":8,"Tree_Status":"Tree","Tree_Age":"Mature","DBH_in_cm":46,"Locality":"North Newtown","ParkName":"Not applicable","OBJECTID":16167}},{"type":"Feature","id":39971,"geometry":{"type":"Point","coordinates":[151.18743388076,-33.8936291298078]},"properties":{"asset_id":"TS13152","TreeType":"Street Tree","SpeciesName":"Tristaniopsis 'Luscious'","CommonName":"Water Gum","TreeHeight":3,"TreeCanopyNS":2,"Tree_Status":"Tree","Tree_Age":"Semi-Mature","DBH_in_cm":6,"Locality":"North Newtown","ParkName":"Not applicable","OBJECTID":39971}},{"type":"Feature","id":4757,"geometry":{"type":"Point","coordinates":[151.182271541859,-33.8987522689305]},"properties":{"asset_id":"TS07828","TreeType":"Street Tree","SpeciesName":"Pistacia chinensis","CommonName":"Chinese Pistacia","TreeHeight":5,"TreeCanopyNS":4,"Tree_Status":"Tree","Tree_Age":"Semi-Mature","DBH_in_cm":16,"Locality":"Erskineville Road Village Centre","ParkName":"Not applicable","OBJECTID":4757}},{"type":"Feature","id":37956,"geometry":{"type":"Point","coordinates":[151.186871438049,-33.8989795028703]},"properties":{"asset_id":"TS35001","TreeType":"Street Tree","SpeciesName":"Lophostemon confertus","CommonName":"Brush Box","TreeHeight":6,"TreeCanopyNS":2,"Tree_Status":"Tree","Tree_Age":"Semi-Mature","DBH_in_cm":14,"Locality":"Erskineville Oval","ParkName":"Not applicable","OBJECTID":37956}},{"type":"Feature","id":26546,"geometry":{"type":"Point","coordinates":[151.182256214841,-33.8926319712539]},"properties":{"asset_id":"TP06870","TreeType":"Park Tree","SpeciesName":"Archontophoenix cunninghamiana","CommonName":"Bangalow Palm","TreeHeight":8,"TreeCanopyNS":3,"Tree_Status":"Tree","Tree_Age":"Semi-Mature","DBH_in_cm":19,"Locality":"North Newtown","ParkName":"Goddard Reserve","OBJECTID":26546}},{"type":"Feature","id":45407,"geometry":{"type":"Point","coordinates":[151.184522453593,-33.8939403601575]},"properties":{"asset_id":"TS15548","TreeType":"Street Tree","SpeciesName":"Pistacia chinensis","CommonName":"Chinese Pistacia","TreeHeight":4,"TreeCanopyNS":3,"Tree_Status":"Tree","Tree_Age":"Young","DBH_in_cm":8,"Locality":"North Newtown","ParkName":"Not applicable","OBJECTID":45407}},{"type":"Feature","id":25464,"geometry":{"type":"Point","coordinates":[151.181953485155,-33.8956512895245]},"properties":{"asset_id":"TP00004","TreeType":"Park Tree","SpeciesName":"Caesalpinia ferrea","CommonName":"Leopard Tree","TreeHeight":8,"TreeCanopyNS":7,"Tree_Status":"Tree","Tree_Age":"Mature","DBH_in_cm":31,"Locality":"North Newtown","ParkName":"WJ Thurbon Reserve","OBJECTID":25464}},{"type":"Feature","id":41757,"geometry":{"type":"Point","coordinates":[151.178565375537,-33.8910784014999]},"properties":{"asset_id":"TS25479","TreeType":"Street Tree","SpeciesName":"Platanus acerifolia","CommonName":"London Plane","TreeHeight":9,"TreeCanopyNS":4,"Tree_Status":"Tree","Tree_Age":"Semi-Mature","DBH_in_cm":15,"Locality":"Camperdown","ParkName":"Not applicable","OBJECTID":41757}},{"type":"Feature","id":39350,"geometry":{"type":"Point","coordinates":[151.184081472085,-33.8971442152752]},"properties":{"asset_id":"TS35350","TreeType":"Street Tree","SpeciesName":"Melaleuca quinquenervia","CommonName":"Broad Leaf Paperbark","TreeHeight":12,"TreeCanopyNS":5,"Tree_Status":"Tree","Tree_Age":"Mature","DBH_in_cm":60,"Locality":"Erskineville Neighbourhood North","ParkName":"Not applicable","OBJECTID":39350}},{"type":"Feature","id":46583,"geometry":{"type":"Point","coordinates":[151.187662469884,-33.892433275247]},"properties":{"asset_id":"TS41679","TreeType":"Street Tree","SpeciesName":"Lophostemon confertus","CommonName":"Brush Box","TreeHeight":6,"TreeCanopyNS":2,"Tree_Status":"Tree","Tree_Age":"Semi-Mature","DBH_in_cm":12,"Locality":"North Newtown","ParkName":"Not applicable","OBJECTID":46583}},{"type":"Feature","id":13619,"geometry":{"type":"Point","coordinates":[151.187812649379,-33.8928631783082]},"properties":{"asset_id":"TS08158","TreeType":"Street Tree","SpeciesName":"Lagerstroemia indica","CommonName":"Crepe Myrtle","TreeHeight":6,"TreeCanopyNS":6,"Tree_Status":"Tree","Tree_Age":"Mature","DBH_in_cm":16,"Locality":"North Newtown","ParkName":"Not applicable","OBJECTID":13619}},{"type":"Feature","id":22038,"geometry":{"type":"Point","coordinates":[151.18167783755,-33.8886583248789]},"properties":{"asset_id":"TS22150","TreeType":"Street Tree","SpeciesName":"Lophostemon confertus","CommonName":"Brush Box","TreeHeight":6,"TreeCanopyNS":8,"Tree_Status":"Tree","Tree_Age":"Mature","DBH_in_cm":34,"Locality":"University of Sydney and Royal Prince Alfred Hospital","ParkName":"Not applicable","OBJECTID":22038}},{"type":"Feature","id":42896,"geometry":{"type":"Point","coordinates":[151.187968256066,-33.8913345003925]},"properties":{"asset_id":"TS42358","TreeType":"Street Tree","SpeciesName":"Jacaranda mimosifolia","CommonName":"Jacaranda","TreeHeight":3,"TreeCanopyNS":1,"Tree_Status":"Tree","Tree_Age":"Young","DBH_in_cm":6,"Locality":"North Newtown","ParkName":"Not applicable","OBJECTID":42896}},{"type":"Feature","id":12102,"geometry":{"type":"Point","coordinates":[151.18222828929,-33.8914511881415]},"properties":{"asset_id":"TS23442","TreeType":"Street Tree","SpeciesName":"Platanus acerifolia","CommonName":"London Plane","TreeHeight":14,"TreeCanopyNS":13,"Tree_Status":"Tree","Tree_Age":"Mature","DBH_in_cm":42,"Locality":"Camperdown","ParkName":"Not applicable","OBJECTID":12102}},{"type":"Feature","id":11567,"geometry":{"type":"Point","coordinates":[151.184499396624,-33.8976347885603]},"properties":{"asset_id":"TS04490","TreeType":"Street Tree","SpeciesName":"Tristaniopsis laurina","CommonName":"Water Gum","TreeHeight":8,"TreeCanopyNS":5,"Tree_Status":"Tree","Tree_Age":"Mature","DBH_in_cm":31,"Locality":"Erskineville Neighbourhood North","ParkName":"Not applicable","OBJECTID":11567}},{"type":"Feature","id":13725,"geometry":{"type":"Point","coordinates":[151.184945873463,-33.8953293213603]},"properties":{"asset_id":"TS15878","TreeType":"Street Tree","SpeciesName":"Jacaranda mimosifolia","CommonName":"Jacaranda","TreeHeight":11,"TreeCanopyNS":11,"Tree_Status":"Tree","Tree_Age":"Mature","DBH_in_cm":43,"Locality":"North Newtown","ParkName":"Not applicable","OBJECTID":13725}},{"type":"Feature","id":24551,"geometry":{"type":"Point","coordinates":[151.181963994718,-33.8984213917135]},"properties":{"asset_id":"TS29274","TreeType":"Street Tree","SpeciesName":"Platanus orientalis","CommonName":"Oriental Plane","TreeHeight":6,"TreeCanopyNS":4,"Tree_Status":"Tree","Tree_Age":"Mature","DBH_in_cm":23,"Locality":"Erskineville Road Village Centre","ParkName":"Not applicable","OBJECTID":24551}},{"type":"Feature","id":9340,"geometry":{"type":"Point","coordinates":[151.181531950983,-33.8915934827682]},"properties":{"asset_id":"TS23424","TreeType":"Street Tree","SpeciesName":"Platanus acerifolia","CommonName":"London Plane","TreeHeight":15,"TreeCanopyNS":10,"Tree_Status":"Tree","Tree_Age":"Mature","DBH_in_cm":44,"Locality":"North Newtown","ParkName":"Not applicable","OBJECTID":9340}},{"type":"Feature","id":20317,"geometry":{"type":"Point","coordinates":[151.186900328633,-33.8956841766705]},"properties":{"asset_id":"TS13395","TreeType":"Street Tree","SpeciesName":"Hibiscus rosa sinensis","CommonName":"Hibiscus","TreeHeight":2,"TreeCanopyNS":2,"Tree_Status":"Tree","Tree_Age":"Mature","DBH_in_cm":12,"Locality":"North Newtown","ParkName":"Not applicable","OBJECTID":20317}},{"type":"Feature","id":44356,"geometry":{"type":"Point","coordinates":[151.187824997175,-33.8913288759309]},"properties":{"asset_id":"TS42359","TreeType":"Street Tree","SpeciesName":"Jacaranda mimosifolia","CommonName":"Jacaranda","TreeHeight":5,"TreeCanopyNS":3,"Tree_Status":"Tree","Tree_Age":"Semi-Mature","DBH_in_cm":18,"Locality":"University of Sydney and Royal Prince Alfred Hospital","ParkName":"Not applicable","OBJECTID":44356}},{"type":"Feature","id":22630,"geometry":{"type":"Point","coordinates":[151.183344697396,-33.8932261331744]},"properties":{"asset_id":"TS32339","TreeType":"Street Tree","SpeciesName":"Flindersia australis","CommonName":"Crows Ash","TreeHeight":7,"TreeCanopyNS":4,"Tree_Status":"Tree","Tree_Age":"Semi-Mature","DBH_in_cm":16,"Locality":"North Newtown","ParkName":"Not applicable","OBJECTID":22630}},{"type":"Feature","id":41700,"geometry":{"type":"Point","coordinates":[151.183625414855,-33.8912981255413]},"properties":{"asset_id":"TS23475","TreeType":"Street Tree","SpeciesName":"Jacaranda mimosifolia","CommonName":"Jacaranda","TreeHeight":5,"TreeCanopyNS":3,"Tree_Status":"Tree","Tree_Age":"Semi-Mature","DBH_in_cm":10,"Locality":"University of Sydney and Royal Prince Alfred Hospital","ParkName":"Not applicable","OBJECTID":41700}},{"type":"Feature","id":9732,"geometry":{"type":"Point","coordinates":[151.180074347196,-33.891620557239]},"properties":{"asset_id":"TS24217","TreeType":"Street Tree","SpeciesName":"Tristaniopsis laurina","CommonName":"Water Gum","TreeHeight":10,"TreeCanopyNS":10,"Tree_Status":"Tree","Tree_Age":"Mature","DBH_in_cm":42,"Locality":"North Newtown","ParkName":"Not applicable","OBJECTID":9732}},{"type":"Feature","id":12929,"geometry":{"type":"Point","coordinates":[151.185447220937,-33.8974402760683]},"properties":{"asset_id":"TS06170","TreeType":"Street Tree","SpeciesName":"Melaleuca quinquenervia","CommonName":"Broad Leaf Paperbark","TreeHeight":16,"TreeCanopyNS":12,"Tree_Status":"Tree","Tree_Age":"Mature","DBH_in_cm":98,"Locality":"Erskineville Neighbourhood North","ParkName":"Not applicable","OBJECTID":12929}},{"type":"Feature","id":27044,"geometry":{"type":"Point","coordinates":[151.185414163976,-33.8976581891752]},"properties":{"asset_id":"TP01605","TreeType":"Park Tree","SpeciesName":"Eucalyptus botryoides","CommonName":"Swamp Mahogany","TreeHeight":20,"TreeCanopyNS":16,"Tree_Status":"Tree","Tree_Age":"Mature","DBH_in_cm":73,"Locality":"Erskineville Neighbourhood North","ParkName":"Burren Street Reserve Playground","OBJECTID":27044}},{"type":"Feature","id":46569,"geometry":{"type":"Point","coordinates":[151.182308469672,-33.8970022774954]},"properties":{"asset_id":"TS41964","TreeType":"Street Tree","SpeciesName":"Pistacia chinensis","CommonName":"Chinese Pistacia","TreeHeight":5,"TreeCanopyNS":2,"Tree_Status":"Tree","Tree_Age":"Young","DBH_in_cm":6,"Locality":"North Newtown","ParkName":"Not applicable","OBJECTID":46569}},{"type":"Feature","id":14060,"geometry":{"type":"Point","coordinates":[151.189711779996,-33.8939918557378]},"properties":{"asset_id":"TS17323","TreeType":"Street Tree","SpeciesName":"Casuarina glauca","CommonName":"Swamp Oak","TreeHeight":13,"TreeCanopyNS":6,"Tree_Status":"Tree","Tree_Age":"Mature","DBH_in_cm":42,"Locality":"Darlington and West Redfern","ParkName":"Not applicable","OBJECTID":14060}},{"type":"Feature","id":38013,"geometry":{"type":"Point","coordinates":[151.189039655334,-33.891781468302]},"properties":{"asset_id":"TS31396","TreeType":"Street Tree","SpeciesName":"Liriodendron tulipifera","CommonName":"Tulip Tree","TreeHeight":4,"TreeCanopyNS":1,"Tree_Status":"Tree","Tree_Age":"Young","DBH_in_cm":5,"Locality":"University of Sydney and Royal Prince Alfred Hospital","ParkName":"Not applicable","OBJECTID":38013}},{"type":"Feature","id":48590,"geometry":{"type":"Point","coordinates":[151.183355708893,-33.892834401573]},"properties":{"asset_id":"TS22182","TreeType":"Street Tree","SpeciesName":"Lophostemon confertus","CommonName":"Brush Box","TreeHeight":6,"TreeCanopyNS":5,"Tree_Status":"Tree","Tree_Age":"Semi-Mature","DBH_in_cm":17,"Locality":"North Newtown","ParkName":"Not applicable","OBJECTID":48590}},{"type":"Feature","id":10871,"geometry":{"type":"Point","coordinates":[151.184243979727,-33.8984864985972]},"properties":{"asset_id":"TS09791","TreeType":"Street Tree","SpeciesName":"Tristaniopsis laurina","CommonName":"Water Gum","TreeHeight":6,"TreeCanopyNS":3,"Tree_Status":"Tree","Tree_Age":"Semi-Mature","DBH_in_cm":13,"Locality":"Erskineville Neighbourhood North","ParkName":"Not applicable","OBJECTID":10871}},{"type":"Feature","id":10373,"geometry":{"type":"Point","coordinates":[151.18431513978,-33.8970224094681]},"properties":{"asset_id":"TS06891","TreeType":"Street Tree","SpeciesName":"Fraxinus griffithii","CommonName":"Evergreen Ash","TreeHeight":5,"TreeCanopyNS":2,"Tree_Status":"Tree","Tree_Age":"Mature","DBH_in_cm":15,"Locality":"North Newtown","ParkName":"Not applicable","OBJECTID":10373}},{"type":"Feature","id":13284,"geometry":{"type":"Point","coordinates":[151.184018517675,-33.8968085631419]},"properties":{"asset_id":"TS15049","TreeType":"Street Tree","SpeciesName":"Melaleuca quinquenervia","CommonName":"Broad Leaf Paperbark","TreeHeight":10,"TreeCanopyNS":10,"Tree_Status":"Tree","Tree_Age":"Mature","DBH_in_cm":54,"Locality":"North Newtown","ParkName":"Not applicable","OBJECTID":13284}},{"type":"Feature","id":10628,"geometry":{"type":"Point","coordinates":[151.185425479144,-33.8940108378361]},"properties":{"asset_id":"TS08589","TreeType":"Street Tree","SpeciesName":"Ficus macrophylla","CommonName":"Moreton Bay Fig","TreeHeight":14,"TreeCanopyNS":11,"Tree_Status":"Tree","Tree_Age":"Mature","DBH_in_cm":61,"Locality":"North Newtown","ParkName":"Not applicable","OBJECTID":10628}},{"type":"Feature","id":12045,"geometry":{"type":"Point","coordinates":[151.189670109132,-33.8980198380008]},"properties":{"asset_id":"TS09408","TreeType":"Street Tree","SpeciesName":"Fraxinus griffithii","CommonName":"Evergreen Ash","TreeHeight":7,"TreeCanopyNS":5,"Tree_Status":"Tree","Tree_Age":"Mature","DBH_in_cm":23,"Locality":"Erskineville Oval","ParkName":"Not applicable","OBJECTID":12045}},{"type":"Feature","id":27193,"geometry":{"type":"Point","coordinates":[151.189624910539,-33.8989200073065]},"properties":{"asset_id":"TP01640","TreeType":"Park Tree","SpeciesName":"Jacaranda mimosifolia","CommonName":"Jacaranda","TreeHeight":13,"TreeCanopyNS":10,"Tree_Status":"Tree","Tree_Age":"Mature","DBH_in_cm":56,"Locality":"Erskineville Oval","ParkName":"Solander Park","OBJECTID":27193}},{"type":"Feature","id":44754,"geometry":{"type":"Point","coordinates":[151.17828986676,-33.8880937338167]},"properties":{"asset_id":"TS23195","TreeType":"Street Tree","SpeciesName":"Tristaniopsis laurina","CommonName":"Water Gum","TreeHeight":5,"TreeCanopyNS":3,"Tree_Status":"Tree","Tree_Age":"Young","DBH_in_cm":8,"Locality":"Camperdown","ParkName":"Not applicable","OBJECTID":44754}},{"type":"Feature","id":6051,"geometry":{"type":"Point","coordinates":[151.178164064673,-33.8887725024286]},"properties":{"asset_id":"TS23670","TreeType":"Street Tree","SpeciesName":"Elaeocarpus reticulatus","CommonName":"Blueberry Ash","TreeHeight":6,"TreeCanopyNS":3,"Tree_Status":"Tree","Tree_Age":"Semi-Mature","DBH_in_cm":16,"Locality":"Camperdown","ParkName":"Not applicable","OBJECTID":6051}},{"type":"Feature","id":24637,"geometry":{"type":"Point","coordinates":[151.187693189324,-33.892202792706]},"properties":{"asset_id":"TS32443","TreeType":"Street Tree","SpeciesName":"Lophostemon confertus","CommonName":"Brush Box","TreeHeight":10,"TreeCanopyNS":4,"Tree_Status":"Tree","Tree_Age":"Semi-Mature","DBH_in_cm":23,"Locality":"University of Sydney and Royal Prince Alfred Hospital","ParkName":"Not applicable","OBJECTID":24637}},{"type":"Feature","id":12151,"geometry":{"type":"Point","coordinates":[151.184116847922,-33.8912883290031]},"properties":{"asset_id":"TS23473","TreeType":"Street Tree","SpeciesName":"Jacaranda mimosifolia","CommonName":"Jacaranda","TreeHeight":15,"TreeCanopyNS":15,"Tree_Status":"Tree","Tree_Age":"Mature","DBH_in_cm":56,"Locality":"University of Sydney and Royal Prince Alfred Hospital","ParkName":"Not applicable","OBJECTID":12151}},{"type":"Feature","id":12145,"geometry":{"type":"Point","coordinates":[151.183451038114,-33.8913067353733]},"properties":{"asset_id":"TS23470","TreeType":"Street Tree","SpeciesName":"Jacaranda mimosifolia","CommonName":"Jacaranda","TreeHeight":7,"TreeCanopyNS":8,"Tree_Status":"Tree","Tree_Age":"Mature","DBH_in_cm":24,"Locality":"University of Sydney and Royal Prince Alfred Hospital","ParkName":"Not applicable","OBJECTID":12145}},{"type":"Feature","id":14807,"geometry":{"type":"Point","coordinates":[151.182011075663,-33.8962850669673]},"properties":{"asset_id":"TS15224","TreeType":"Street Tree","SpeciesName":"Koelreuteria paniculata","CommonName":"Golden Rain Tree","TreeHeight":8,"TreeCanopyNS":8,"Tree_Status":"Tree","Tree_Age":"Mature","DBH_in_cm":33,"Locality":"North Newtown","ParkName":"Not applicable","OBJECTID":14807}},{"type":"Feature","id":22965,"geometry":{"type":"Point","coordinates":[151.181190418095,-33.8882047695116]},"properties":{"asset_id":"TS15875","TreeType":"Street Tree","SpeciesName":"Lophostemon confertus","CommonName":"Brush Box","TreeHeight":9,"TreeCanopyNS":11,"Tree_Status":"Tree","Tree_Age":"Mature","DBH_in_cm":48,"Locality":"University of Sydney and Royal Prince Alfred Hospital","ParkName":"Not applicable","OBJECTID":22965}},{"type":"Feature","id":4671,"geometry":{"type":"Point","coordinates":[151.18475063129,-33.8985667374132]},"properties":{"asset_id":"TS06601","TreeType":"Street Tree","SpeciesName":"Fraxinus pennsylvanica","CommonName":"Green Ash","TreeHeight":7,"TreeCanopyNS":5,"Tree_Status":"Tree","Tree_Age":"Semi-Mature","DBH_in_cm":13,"Locality":"Erskineville Neighbourhood North","ParkName":"Not applicable","OBJECTID":4671}},{"type":"Feature","id":13084,"geometry":{"type":"Point","coordinates":[151.183570384639,-33.8986857678707]},"properties":{"asset_id":"TS14054","TreeType":"Street Tree","SpeciesName":"Auranticarpa rhombifolia","CommonName":"Diamond Pittosporum","TreeHeight":6,"TreeCanopyNS":4,"Tree_Status":"Tree","Tree_Age":"Semi-Mature","DBH_in_cm":22,"Locality":"Erskineville Neighbourhood North","ParkName":"Not applicable","OBJECTID":13084}},{"type":"Feature","id":45885,"geometry":{"type":"Point","coordinates":[151.179505368966,-33.8912952791746]},"properties":{"asset_id":"TS03933","TreeType":"Street Tree","SpeciesName":"Lagerstroemia indica","CommonName":"Crepe Myrtle","TreeHeight":2,"TreeCanopyNS":1,"Tree_Status":"Tree","Tree_Age":"Young","DBH_in_cm":5,"Locality":"North Newtown","ParkName":"Not applicable","OBJECTID":45885}},{"type":"Feature","id":13327,"geometry":{"type":"Point","coordinates":[151.184685314172,-33.8980158969354]},"properties":{"asset_id":"TS06579","TreeType":"Street Tree","SpeciesName":"Liquidambar styraciflua","CommonName":"Liquidamber or Sweet Gum","TreeHeight":13,"TreeCanopyNS":14,"Tree_Status":"Tree","Tree_Age":"Mature","DBH_in_cm":56,"Locality":"Erskineville Neighbourhood North","ParkName":"Not applicable","OBJECTID":13327}},{"type":"Feature","id":28475,"geometry":{"type":"Point","coordinates":[151.182008514413,-33.8960593250642]},"properties":{"asset_id":"TS33602","TreeType":"Street Tree","SpeciesName":"Callistemon viminalis","CommonName":"Weeping Bottlebrush","TreeHeight":6,"TreeCanopyNS":4,"Tree_Status":"Tree","Tree_Age":"Mature","DBH_in_cm":24,"Locality":"North Newtown","ParkName":"Not applicable","OBJECTID":28475}},{"type":"Feature","id":19576,"geometry":{"type":"Point","coordinates":[151.180950480303,-33.8989177991198]},"properties":{"asset_id":"TS04594","TreeType":"Street Tree","SpeciesName":"Hymenosporum flavum","CommonName":"Australian Frangipani","TreeHeight":9,"TreeCanopyNS":4,"Tree_Status":"Tree","Tree_Age":"Semi-Mature","DBH_in_cm":15,"Locality":"Erskineville Neighbourhood South","ParkName":"Not applicable","OBJECTID":19576}},{"type":"Feature","id":14658,"geometry":{"type":"Point","coordinates":[151.180359895527,-33.8876153023473]},"properties":{"asset_id":"TS22141","TreeType":"Street Tree","SpeciesName":"Flindersia australis","CommonName":"Crows Ash","TreeHeight":9,"TreeCanopyNS":7,"Tree_Status":"Tree","Tree_Age":"Mature","DBH_in_cm":29,"Locality":"Camperdown","ParkName":"Not applicable","OBJECTID":14658}},{"type":"Feature","id":47216,"geometry":{"type":"Point","coordinates":[151.189972465705,-33.8939262534104]},"properties":{"asset_id":"TS17336","TreeType":"Street Tree","SpeciesName":"Koelreuteria paniculata","CommonName":"Golden Rain Tree","TreeHeight":3,"TreeCanopyNS":2,"Tree_Status":"Tree","Tree_Age":"Young","DBH_in_cm":6,"Locality":"Darlington and West Redfern","ParkName":"Not applicable","OBJECTID":47216}},{"type":"Feature","id":9838,"geometry":{"type":"Point","coordinates":[151.178104874389,-33.8897508203909]},"properties":{"asset_id":"TS24447","TreeType":"Street Tree","SpeciesName":"Waterhousea floribunda","CommonName":"Weeping Lilly Pilly","TreeHeight":7,"TreeCanopyNS":8,"Tree_Status":"Tree","Tree_Age":"Mature","DBH_in_cm":30,"Locality":"Camperdown","ParkName":"Not applicable","OBJECTID":9838}},{"type":"Feature","id":12935,"geometry":{"type":"Point","coordinates":[151.185579698696,-33.8975214001921]},"properties":{"asset_id":"TS06172","TreeType":"Street Tree","SpeciesName":"Tristaniopsis laurina","CommonName":"Water Gum","TreeHeight":10,"TreeCanopyNS":7,"Tree_Status":"Tree","Tree_Age":"Mature","DBH_in_cm":34,"Locality":"Erskineville Neighbourhood North","ParkName":"Not applicable","OBJECTID":12935}},{"type":"Feature","id":21591,"geometry":{"type":"Point","coordinates":[151.182942201624,-33.8966375897181]},"properties":{"asset_id":"TS06090","TreeType":"Street Tree","SpeciesName":"Fraxinus griffithii","CommonName":"Evergreen Ash","TreeHeight":7,"TreeCanopyNS":5,"Tree_Status":"Tree","Tree_Age":"Mature","DBH_in_cm":22,"Locality":"North Newtown","ParkName":"Not applicable","OBJECTID":21591}},{"type":"Feature","id":14066,"geometry":{"type":"Point","coordinates":[151.189546819837,-33.8939025938193]},"properties":{"asset_id":"TS17326","TreeType":"Street Tree","SpeciesName":"Fraxinus griffithii","CommonName":"Evergreen Ash","TreeHeight":4,"TreeCanopyNS":2,"Tree_Status":"Tree","Tree_Age":"Semi-Mature","DBH_in_cm":12,"Locality":"Darlington and West Redfern","ParkName":"Not applicable","OBJECTID":14066}},{"type":"Feature","id":21640,"geometry":{"type":"Point","coordinates":[151.189833746735,-33.8980032166539]},"properties":{"asset_id":"TS09403","TreeType":"Street Tree","SpeciesName":"Lophostemon confertus","CommonName":"Brush Box","TreeHeight":8,"TreeCanopyNS":4,"Tree_Status":"Tree","Tree_Age":"Semi-Mature","DBH_in_cm":17,"Locality":"Erskineville Oval","ParkName":"Not applicable","OBJECTID":21640}}]}